review_id,equation_id,issue,source_location,machine_proposal,unresolved_question,status
REVPDF-7684c3bb450c6f52,,PDF_TEXT_CANDIDATE_NOT_STRUCTURED,SRC-ARXIV-5ced2c5a7cfb:page 6,F =,"pypdf text extraction found a math-symbol-dense line; no reliable LaTeX/MathML recovery is possible from rendered PDF text alone, so this is NOT promoted to an equation record -- human review or a higher-quality source representation is required before this can be extracted as a structured equation (brief section VII).",UNRESOLVED
REVPDF-033c527edb0ecb8e,,PDF_TEXT_CANDIDATE_NOT_STRUCTURED,SRC-ARXIV-5ced2c5a7cfb:page 6,( dL(θ|y),"pypdf text extraction found a math-symbol-dense line; no reliable LaTeX/MathML recovery is possible from rendered PDF text alone, so this is NOT promoted to an equation record -- human review or a higher-quality source representation is required before this can be extracted as a structured equation (brief section VII).",UNRESOLVED
REVPDF-505e6d6d39d9d663,,PDF_TEXT_CANDIDATE_NOT_STRUCTURED,SRC-ARXIV-5ced2c5a7cfb:page 6,p(y|θ)dy. (1),"pypdf text extraction found a math-symbol-dense line; no reliable LaTeX/MathML recovery is possible from rendered PDF text alone, so this is NOT promoted to an equation record -- human review or a higher-quality source representation is required before this can be extracted as a structured equation (brief section VII).",UNRESOLVED
REVPDF-bc93060b341c8fef,,PDF_TEXT_CANDIDATE_NOT_STRUCTURED,SRC-ARXIV-5ced2c5a7cfb:page 6,F = −,"pypdf text extraction found a math-symbol-dense line; no reliable LaTeX/MathML recovery is possible from rendered PDF text alone, so this is NOT promoted to an equation record -- human review or a higher-quality source representation is required before this can be extracted as a structured equation (brief section VII).",UNRESOLVED
REVPDF-9783a702da070c98,,PDF_TEXT_CANDIDATE_NOT_STRUCTURED,SRC-ARXIV-5ced2c5a7cfb:page 6,( d2L(θ|y),"pypdf text extraction found a math-symbol-dense line; no reliable LaTeX/MathML recovery is possible from rendered PDF text alone, so this is NOT promoted to an equation record -- human review or a higher-quality source representation is required before this can be extracted as a structured equation (brief section VII).",UNRESOLVED
REVPDF-4ceca7ad25982a0f,,PDF_TEXT_CANDIDATE_NOT_STRUCTURED,SRC-ARXIV-5ced2c5a7cfb:page 6,dθ2,"pypdf text extraction found a math-symbol-dense line; no reliable LaTeX/MathML recovery is possible from rendered PDF text alone, so this is NOT promoted to an equation record -- human review or a higher-quality source representation is required before this can be extracted as a structured equation (brief section VII).",UNRESOLVED
REVPDF-a1f5d6c9faccffee,,PDF_TEXT_CANDIDATE_NOT_STRUCTURED,SRC-ARXIV-5ced2c5a7cfb:page 6,"p(y|θ)dy, (2)","pypdf text extraction found a math-symbol-dense line; no reliable LaTeX/MathML recovery is possible from rendered PDF text alone, so this is NOT promoted to an equation record -- human review or a higher-quality source representation is required before this can be extracted as a structured equation (brief section VII).",UNRESOLVED
REVPDF-e4114e5b9579244f,,PDF_TEXT_CANDIDATE_NOT_STRUCTURED,SRC-ARXIV-5ced2c5a7cfb:page 6,y = p(y|θ + dθ). Let us,"pypdf text extraction found a math-symbol-dense line; no reliable LaTeX/MathML recovery is possible from rendered PDF text alone, so this is NOT promoted to an equation record -- human review or a higher-quality source representation is required before this can be extracted as a structured equation (brief section VII).",UNRESOLVED
REVPDF-7684c3bb450c6f52,,PDF_TEXT_CANDIDATE_NOT_STRUCTURED,SRC-ARXIV-5ced2c5a7cfb:page 6,F =,"pypdf text extraction found a math-symbol-dense line; no reliable LaTeX/MathML recovery is possible from rendered PDF text alone, so this is NOT promoted to an equation record -- human review or a higher-quality source representation is required before this can be extracted as a structured equation (brief section VII).",UNRESOLVED
REVPDF-7c192087f4fa813b,,PDF_TEXT_CANDIDATE_NOT_STRUCTURED,SRC-ARXIV-5ced2c5a7cfb:page 6,v′ = {√ py log(p′,"pypdf text extraction found a math-symbol-dense line; no reliable LaTeX/MathML recovery is possible from rendered PDF text alone, so this is NOT promoted to an equation record -- human review or a higher-quality source representation is required before this can be extracted as a structured equation (brief section VII).",UNRESOLVED
REVPDF-0ee4cfe37f2394bf,,PDF_TEXT_CANDIDATE_NOT_STRUCTURED,SRC-ARXIV-5ced2c5a7cfb:page 7,F =,"pypdf text extraction found a math-symbol-dense line; no reliable LaTeX/MathML recovery is possible from rendered PDF text alone, so this is NOT promoted to an equation record -- human review or a higher-quality source representation is required before this can be extracted as a structured equation (brief section VII).",UNRESOLVED
REVPDF-43770d2dfd684c2a,,PDF_TEXT_CANDIDATE_NOT_STRUCTURED,SRC-ARXIV-5ced2c5a7cfb:page 7,y =,"pypdf text extraction found a math-symbol-dense line; no reliable LaTeX/MathML recovery is possible from rendered PDF text alone, so this is NOT promoted to an equation record -- human review or a higher-quality source representation is required before this can be extracted as a structured equation (brief section VII).",UNRESOLVED
REVPDF-464f3c170e2a9829,,PDF_TEXT_CANDIDATE_NOT_STRUCTURED,SRC-ARXIV-5ced2c5a7cfb:page 7,y = py(wy/,"pypdf text extraction found a math-symbol-dense line; no reliable LaTeX/MathML recovery is possible from rendered PDF text alone, so this is NOT promoted to an equation record -- human review or a higher-quality source representation is required before this can be extracted as a structured equation (brief section VII).",UNRESOLVED
REVPDF-d2ceaa08f648ac4d,,PDF_TEXT_CANDIDATE_NOT_STRUCTURED,SRC-ARXIV-5ced2c5a7cfb:page 8,y = N ′p′,"pypdf text extraction found a math-symbol-dense line; no reliable LaTeX/MathML recovery is possible from rendered PDF text alone, so this is NOT promoted to an equation record -- human review or a higher-quality source representation is required before this can be extracted as a structured equation (brief section VII).",UNRESOLVED
REVPDF-fd4fcb9194cdeebd,,PDF_TEXT_CANDIDATE_NOT_STRUCTURED,SRC-ARXIV-5ced2c5a7cfb:page 8,= ˙log(py),"pypdf text extraction found a math-symbol-dense line; no reliable LaTeX/MathML recovery is possible from rendered PDF text alone, so this is NOT promoted to an equation record -- human review or a higher-quality source representation is required before this can be extracted as a structured equation (brief section VII).",UNRESOLVED
REVPDF-69d263cbea8a517e,,PDF_TEXT_CANDIDATE_NOT_STRUCTURED,SRC-ARXIV-5ced2c5a7cfb:page 8,= ˙log(Ny/N),"pypdf text extraction found a math-symbol-dense line; no reliable LaTeX/MathML recovery is possible from rendered PDF text alone, so this is NOT promoted to an equation record -- human review or a higher-quality source representation is required before this can be extracted as a structured equation (brief section VII).",UNRESOLVED
REVPDF-2238fa21eb281236,,PDF_TEXT_CANDIDATE_NOT_STRUCTURED,SRC-ARXIV-5ced2c5a7cfb:page 8,= ˙log(Ny) − ˙log(N),"pypdf text extraction found a math-symbol-dense line; no reliable LaTeX/MathML recovery is possible from rendered PDF text alone, so this is NOT promoted to an equation record -- human review or a higher-quality source representation is required before this can be extracted as a structured equation (brief section VII).",UNRESOLVED
REVPDF-1ed8a616b14bb2f6,,PDF_TEXT_CANDIDATE_NOT_STRUCTURED,SRC-ARXIV-5ced2c5a7cfb:page 8,= ˙Ny/Ny − ˙N /N,"pypdf text extraction found a math-symbol-dense line; no reliable LaTeX/MathML recovery is possible from rendered PDF text alone, so this is NOT promoted to an equation record -- human review or a higher-quality source representation is required before this can be extracted as a structured equation (brief section VII).",UNRESOLVED
REVPDF-b0295c420b3b7593,,PDF_TEXT_CANDIDATE_NOT_STRUCTURED,SRC-ARXIV-5ced2c5a7cfb:page 8,= my − m,"pypdf text extraction found a math-symbol-dense line; no reliable LaTeX/MathML recovery is possible from rendered PDF text alone, so this is NOT promoted to an equation record -- human review or a higher-quality source representation is required before this can be extracted as a structured equation (brief section VII).",UNRESOLVED
REVPDF-818db744b4d49f6f,,PDF_TEXT_CANDIDATE_NOT_STRUCTURED,SRC-ARXIV-5ced2c5a7cfb:page 8,"= ay, (4)","pypdf text extraction found a math-symbol-dense line; no reliable LaTeX/MathML recovery is possible from rendered PDF text alone, so this is NOT promoted to an equation record -- human review or a higher-quality source representation is required before this can be extracted as a structured equation (brief section VII).",UNRESOLVED
REVPDF-8f71d0b58f3be447,,PDF_TEXT_CANDIDATE_NOT_STRUCTURED,SRC-ARXIV-5ced2c5a7cfb:page 8,P =,"pypdf text extraction found a math-symbol-dense line; no reliable LaTeX/MathML recovery is possible from rendered PDF text alone, so this is NOT promoted to an equation record -- human review or a higher-quality source representation is required before this can be extracted as a structured equation (brief section VII).",UNRESOLVED
REVPDF-fb31cd9a21790607,,PDF_TEXT_CANDIDATE_NOT_STRUCTURED,SRC-ARXIV-5ced2c5a7cfb:page 9,dt = sypy.,"pypdf text extraction found a math-symbol-dense line; no reliable LaTeX/MathML recovery is possible from rendered PDF text alone, so this is NOT promoted to an equation record -- human review or a higher-quality source representation is required before this can be extracted as a structured equation (brief section VII).",UNRESOLVED
REVPDF-75e81f5076872283,,PDF_TEXT_CANDIDATE_NOT_STRUCTURED,SRC-ARXIV-5ced2c5a7cfb:page 10,"Now make the substitution sy = say, yielding","pypdf text extraction found a math-symbol-dense line; no reliable LaTeX/MathML recovery is possible from rendered PDF text alone, so this is NOT promoted to an equation record -- human review or a higher-quality source representation is required before this can be extracted as a structured equation (brief section VII).",UNRESOLVED
REVPDF-c326fa038bd63642,,PDF_TEXT_CANDIDATE_NOT_STRUCTURED,SRC-ARXIV-5ced2c5a7cfb:page 10,dt = spyay.,"pypdf text extraction found a math-symbol-dense line; no reliable LaTeX/MathML recovery is possible from rendered PDF text alone, so this is NOT promoted to an equation record -- human review or a higher-quality source representation is required before this can be extracted as a structured equation (brief section VII).",UNRESOLVED
REVPDF-7d5966079160af04,,PDF_TEXT_CANDIDATE_NOT_STRUCTURED,SRC-ARXIV-5ced2c5a7cfb:page 10,˙py = dpy,"pypdf text extraction found a math-symbol-dense line; no reliable LaTeX/MathML recovery is possible from rendered PDF text alone, so this is NOT promoted to an equation record -- human review or a higher-quality source representation is required before this can be extracted as a structured equation (brief section VII).",UNRESOLVED
REVPDF-1ee3150202e458f4,,PDF_TEXT_CANDIDATE_NOT_STRUCTURED,SRC-ARXIV-5ced2c5a7cfb:page 10,sdt = dpy,"pypdf text extraction found a math-symbol-dense line; no reliable LaTeX/MathML recovery is possible from rendered PDF text alone, so this is NOT promoted to an equation record -- human review or a higher-quality source representation is required before this can be extracted as a structured equation (brief section VII).",UNRESOLVED
REVPDF-60f36deae3c178bd,,PDF_TEXT_CANDIDATE_NOT_STRUCTURED,SRC-ARXIV-5ced2c5a7cfb:page 10,dθ = pyay.,"pypdf text extraction found a math-symbol-dense line; no reliable LaTeX/MathML recovery is possible from rendered PDF text alone, so this is NOT promoted to an equation record -- human review or a higher-quality source representation is required before this can be extracted as a structured equation (brief section VII).",UNRESOLVED
REVPDF-57bd65e1d8fe3113,,PDF_TEXT_CANDIDATE_NOT_STRUCTURED,SRC-ARXIV-600935e8f211:page 1,Theorem 1. Consider an (n + 1)-dimensional Hilbert geometry asso-,"pypdf text extraction found a math-symbol-dense line; no reliable LaTeX/MathML recovery is possible from rendered PDF text alone, so this is NOT promoted to an equation record -- human review or a higher-quality source representation is required before this can be extracted as a structured equation (brief section VII).",UNRESOLVED
REVPDF-4100eddef48c58a9,,PDF_TEXT_CANDIDATE_NOT_STRUCTURED,SRC-ARXIV-600935e8f211:page 1,t→∞,"pypdf text extraction found a math-symbol-dense line; no reliable LaTeX/MathML recovery is possible from rendered PDF text alone, so this is NOT promoted to an equation record -- human review or a higher-quality source representation is required before this can be extracted as a structured equation (brief section VII).",UNRESOLVED
REVPDF-4185a33ed8219101,,PDF_TEXT_CANDIDATE_NOT_STRUCTURED,SRC-ARXIV-600935e8f211:page 1,t = n,"pypdf text extraction found a math-symbol-dense line; no reliable LaTeX/MathML recovery is possible from rendered PDF text alone, so this is NOT promoted to an equation record -- human review or a higher-quality source representation is required before this can be extracted as a structured equation (brief section VII).",UNRESOLVED
REVPDF-f51125dd33ca16af,,PDF_TEXT_CANDIDATE_NOT_STRUCTURED,SRC-ARXIV-600935e8f211:page 2,ρ→∞,"pypdf text extraction found a math-symbol-dense line; no reliable LaTeX/MathML recovery is possible from rendered PDF text alone, so this is NOT promoted to an equation record -- human review or a higher-quality source representation is required before this can be extracted as a structured equation (brief section VII).",UNRESOLVED
REVPDF-65c5283585f14b9b,,PDF_TEXT_CANDIDATE_NOT_STRUCTURED,SRC-ARXIV-600935e8f211:page 2,V ol(Bn+1,"pypdf text extraction found a math-symbol-dense line; no reliable LaTeX/MathML recovery is possible from rendered PDF text alone, so this is NOT promoted to an equation record -- human review or a higher-quality source representation is required before this can be extracted as a structured equation (brief section VII).",UNRESOLVED
REVPDF-4633625a4ff5888e,,PDF_TEXT_CANDIDATE_NOT_STRUCTURED,SRC-ARXIV-600935e8f211:page 2,ρ ),"pypdf text extraction found a math-symbol-dense line; no reliable LaTeX/MathML recovery is possible from rendered PDF text alone, so this is NOT promoted to an equation record -- human review or a higher-quality source representation is required before this can be extracted as a structured equation (brief section VII).",UNRESOLVED
REVPDF-441a5bf5b346e041,,PDF_TEXT_CANDIDATE_NOT_STRUCTURED,SRC-ARXIV-600935e8f211:page 2,V ol(Snρ ) = 1,"pypdf text extraction found a math-symbol-dense line; no reliable LaTeX/MathML recovery is possible from rendered PDF text alone, so this is NOT promoted to an equation record -- human review or a higher-quality source representation is required before this can be extracted as a structured equation (brief section VII).",UNRESOLVED
REVPDF-30154f11fcb9539e,,PDF_TEXT_CANDIDATE_NOT_STRUCTURED,SRC-ARXIV-600935e8f211:page 2,2. S-curvature satisﬁes the inequalities nδ1 ⩽ S ⩽ nδ2 such that δi < k i.,"pypdf text extraction found a math-symbol-dense line; no reliable LaTeX/MathML recovery is possible from rendered PDF text alone, so this is NOT promoted to an equation record -- human review or a higher-quality source representation is required before this can be extracted as a structured equation (brief section VII).",UNRESOLVED
REVPDF-9c73286e78fa8b66,,PDF_TEXT_CANDIDATE_NOT_STRUCTURED,SRC-ARXIV-600935e8f211:page 2,n(k2 − δ2) ⩽ lim,"pypdf text extraction found a math-symbol-dense line; no reliable LaTeX/MathML recovery is possible from rendered PDF text alone, so this is NOT promoted to an equation record -- human review or a higher-quality source representation is required before this can be extracted as a structured equation (brief section VII).",UNRESOLVED
REVPDF-90a2772b2e4bce69,,PDF_TEXT_CANDIDATE_NOT_STRUCTURED,SRC-ARXIV-600935e8f211:page 2,r→∞,"pypdf text extraction found a math-symbol-dense line; no reliable LaTeX/MathML recovery is possible from rendered PDF text alone, so this is NOT promoted to an equation record -- human review or a higher-quality source representation is required before this can be extracted as a structured equation (brief section VII).",UNRESOLVED
REVPDF-9a84f361fe8caf06,,PDF_TEXT_CANDIDATE_NOT_STRUCTURED,SRC-ARXIV-600935e8f211:page 2,inf V ol(Bn+1,"pypdf text extraction found a math-symbol-dense line; no reliable LaTeX/MathML recovery is possible from rendered PDF text alone, so this is NOT promoted to an equation record -- human review or a higher-quality source representation is required before this can be extracted as a structured equation (brief section VII).",UNRESOLVED
REVPDF-90a2772b2e4bce69,,PDF_TEXT_CANDIDATE_NOT_STRUCTURED,SRC-ARXIV-600935e8f211:page 2,r→∞,"pypdf text extraction found a math-symbol-dense line; no reliable LaTeX/MathML recovery is possible from rendered PDF text alone, so this is NOT promoted to an equation record -- human review or a higher-quality source representation is required before this can be extracted as a structured equation (brief section VII).",UNRESOLVED
REVPDF-1a03a678f5373039,,PDF_TEXT_CANDIDATE_NOT_STRUCTURED,SRC-ARXIV-600935e8f211:page 2,sup V ol(Bn+1,"pypdf text extraction found a math-symbol-dense line; no reliable LaTeX/MathML recovery is possible from rendered PDF text alone, so this is NOT promoted to an equation record -- human review or a higher-quality source representation is required before this can be extracted as a structured equation (brief section VII).",UNRESOLVED
REVPDF-b5160e29df83b8df,,PDF_TEXT_CANDIDATE_NOT_STRUCTURED,SRC-ARXIV-600935e8f211:page 2,n(k1 − δ1) .,"pypdf text extraction found a math-symbol-dense line; no reliable LaTeX/MathML recovery is possible from rendered PDF text alone, so this is NOT promoted to an equation record -- human review or a higher-quality source representation is required before this can be extracted as a structured equation (brief section VII).",UNRESOLVED
REVPDF-d87fc72136730fc9,,PDF_TEXT_CANDIDATE_NOT_STRUCTURED,SRC-ARXIV-600935e8f211:page 2,{Bn+1,"pypdf text extraction found a math-symbol-dense line; no reliable LaTeX/MathML recovery is possible from rendered PDF text alone, so this is NOT promoted to an equation record -- human review or a higher-quality source representation is required before this can be extracted as a structured equation (brief section VII).",UNRESOLVED
REVPDF-872fb39979d73503,,PDF_TEXT_CANDIDATE_NOT_STRUCTURED,SRC-ARXIV-600935e8f211:page 2,Theorem 2. Consider an (n + 1)-dimensional Hilbert geometry asso-,"pypdf text extraction found a math-symbol-dense line; no reliable LaTeX/MathML recovery is possible from rendered PDF text alone, so this is NOT promoted to an equation record -- human review or a higher-quality source representation is required before this can be extracted as a structured equation (brief section VII).",UNRESOLVED
REVPDF-079458fcceee5b3b,,PDF_TEXT_CANDIDATE_NOT_STRUCTURED,SRC-ARXIV-600935e8f211:page 2,"∂U , c = max u∈Sn","pypdf text extraction found a math-symbol-dense line; no reliable LaTeX/MathML recovery is possible from rendered PDF text alone, so this is NOT promoted to an equation record -- human review or a higher-quality source representation is required before this can be extracted as a structured equation (brief section VII).",UNRESOLVED
REVPDF-ced6bcc8f56462a2,,PDF_TEXT_CANDIDATE_NOT_STRUCTURED,SRC-ARXIV-600935e8f211:page 2,ω (u),"pypdf text extraction found a math-symbol-dense line; no reliable LaTeX/MathML recovery is possible from rendered PDF text alone, so this is NOT promoted to an equation record -- human review or a higher-quality source representation is required before this can be extracted as a structured equation (brief section VII).",UNRESOLVED
REVPDF-210b8e400b0383ad,,PDF_TEXT_CANDIDATE_NOT_STRUCTURED,SRC-ARXIV-600935e8f211:page 2,"ω (−u) , ω0 = min u∈Sn ω(u), ω1 = max u∈Sn ω(u). Then we","pypdf text extraction found a math-symbol-dense line; no reliable LaTeX/MathML recovery is possible from rendered PDF text alone, so this is NOT promoted to an equation record -- human review or a higher-quality source representation is required before this can be extracted as a structured equation (brief section VII).",UNRESOLVED
REVPDF-f51125dd33ca16af,,PDF_TEXT_CANDIDATE_NOT_STRUCTURED,SRC-ARXIV-600935e8f211:page 2,ρ→∞,"pypdf text extraction found a math-symbol-dense line; no reliable LaTeX/MathML recovery is possible from rendered PDF text alone, so this is NOT promoted to an equation record -- human review or a higher-quality source representation is required before this can be extracted as a structured equation (brief section VII).",UNRESOLVED
REVPDF-1a03a678f5373039,,PDF_TEXT_CANDIDATE_NOT_STRUCTURED,SRC-ARXIV-600935e8f211:page 2,sup V ol(Bn+1,"pypdf text extraction found a math-symbol-dense line; no reliable LaTeX/MathML recovery is possible from rendered PDF text alone, so this is NOT promoted to an equation record -- human review or a higher-quality source representation is required before this can be extracted as a structured equation (brief section VII).",UNRESOLVED
REVPDF-4633625a4ff5888e,,PDF_TEXT_CANDIDATE_NOT_STRUCTURED,SRC-ARXIV-600935e8f211:page 2,ρ ),"pypdf text extraction found a math-symbol-dense line; no reliable LaTeX/MathML recovery is possible from rendered PDF text alone, so this is NOT promoted to an equation record -- human review or a higher-quality source representation is required before this can be extracted as a structured equation (brief section VII).",UNRESOLVED
REVPDF-1a1140adcf0f48e9,,PDF_TEXT_CANDIDATE_NOT_STRUCTURED,SRC-ARXIV-600935e8f211:page 2,V ol(Snρ ) ⩽ 1,"pypdf text extraction found a math-symbol-dense line; no reliable LaTeX/MathML recovery is possible from rendered PDF text alone, so this is NOT promoted to an equation record -- human review or a higher-quality source representation is required before this can be extracted as a structured equation (brief section VII).",UNRESOLVED
REVPDF-9fc752fdb5ce8033,,PDF_TEXT_CANDIDATE_NOT_STRUCTURED,SRC-ARXIV-600935e8f211:page 2,(kω0),"pypdf text extraction found a math-symbol-dense line; no reliable LaTeX/MathML recovery is possible from rendered PDF text alone, so this is NOT promoted to an equation record -- human review or a higher-quality source representation is required before this can be extracted as a structured equation (brief section VII).",UNRESOLVED
REVPDF-01c05b78141d3090,,PDF_TEXT_CANDIDATE_NOT_STRUCTURED,SRC-ARXIV-600935e8f211:page 2,2 +1,"pypdf text extraction found a math-symbol-dense line; no reliable LaTeX/MathML recovery is possible from rendered PDF text alone, so this is NOT promoted to an equation record -- human review or a higher-quality source representation is required before this can be extracted as a structured equation (brief section VII).",UNRESOLVED
REVPDF-f8bdc4d5c3cf6f4e,,PDF_TEXT_CANDIDATE_NOT_STRUCTURED,SRC-ARXIV-600935e8f211:page 2,Sn ω(u),"pypdf text extraction found a math-symbol-dense line; no reliable LaTeX/MathML recovery is possible from rendered PDF text alone, so this is NOT promoted to an equation record -- human review or a higher-quality source representation is required before this can be extracted as a structured equation (brief section VII).",UNRESOLVED
REVPDF-af289e3efa003340,,PDF_TEXT_CANDIDATE_NOT_STRUCTURED,SRC-ARXIV-600935e8f211:page 2,2 du∫,"pypdf text extraction found a math-symbol-dense line; no reliable LaTeX/MathML recovery is possible from rendered PDF text alone, so this is NOT promoted to an equation record -- human review or a higher-quality source representation is required before this can be extracted as a structured equation (brief section VII).",UNRESOLVED
REVPDF-42c32bb4514e8e27,,PDF_TEXT_CANDIDATE_NOT_STRUCTURED,SRC-ARXIV-600935e8f211:page 2,∂U ω(ι(p))− n,"pypdf text extraction found a math-symbol-dense line; no reliable LaTeX/MathML recovery is possible from rendered PDF text alone, so this is NOT promoted to an equation record -- human review or a higher-quality source representation is required before this can be extracted as a structured equation (brief section VII).",UNRESOLVED
REVPDF-f51125dd33ca16af,,PDF_TEXT_CANDIDATE_NOT_STRUCTURED,SRC-ARXIV-600935e8f211:page 2,ρ→∞,"pypdf text extraction found a math-symbol-dense line; no reliable LaTeX/MathML recovery is possible from rendered PDF text alone, so this is NOT promoted to an equation record -- human review or a higher-quality source representation is required before this can be extracted as a structured equation (brief section VII).",UNRESOLVED
REVPDF-9a84f361fe8caf06,,PDF_TEXT_CANDIDATE_NOT_STRUCTURED,SRC-ARXIV-600935e8f211:page 2,inf V ol(Bn+1,"pypdf text extraction found a math-symbol-dense line; no reliable LaTeX/MathML recovery is possible from rendered PDF text alone, so this is NOT promoted to an equation record -- human review or a higher-quality source representation is required before this can be extracted as a structured equation (brief section VII).",UNRESOLVED
REVPDF-4633625a4ff5888e,,PDF_TEXT_CANDIDATE_NOT_STRUCTURED,SRC-ARXIV-600935e8f211:page 2,ρ ),"pypdf text extraction found a math-symbol-dense line; no reliable LaTeX/MathML recovery is possible from rendered PDF text alone, so this is NOT promoted to an equation record -- human review or a higher-quality source representation is required before this can be extracted as a structured equation (brief section VII).",UNRESOLVED
REVPDF-c89091db747c4794,,PDF_TEXT_CANDIDATE_NOT_STRUCTURED,SRC-ARXIV-600935e8f211:page 2,V ol(Snρ ) /greaterorequalslant1,"pypdf text extraction found a math-symbol-dense line; no reliable LaTeX/MathML recovery is possible from rendered PDF text alone, so this is NOT promoted to an equation record -- human review or a higher-quality source representation is required before this can be extracted as a structured equation (brief section VII).",UNRESOLVED
REVPDF-9fc752fdb5ce8033,,PDF_TEXT_CANDIDATE_NOT_STRUCTURED,SRC-ARXIV-600935e8f211:page 2,(kω0),"pypdf text extraction found a math-symbol-dense line; no reliable LaTeX/MathML recovery is possible from rendered PDF text alone, so this is NOT promoted to an equation record -- human review or a higher-quality source representation is required before this can be extracted as a structured equation (brief section VII).",UNRESOLVED
REVPDF-f8bdc4d5c3cf6f4e,,PDF_TEXT_CANDIDATE_NOT_STRUCTURED,SRC-ARXIV-600935e8f211:page 2,Sn ω(u),"pypdf text extraction found a math-symbol-dense line; no reliable LaTeX/MathML recovery is possible from rendered PDF text alone, so this is NOT promoted to an equation record -- human review or a higher-quality source representation is required before this can be extracted as a structured equation (brief section VII).",UNRESOLVED
REVPDF-af289e3efa003340,,PDF_TEXT_CANDIDATE_NOT_STRUCTURED,SRC-ARXIV-600935e8f211:page 2,2 du∫,"pypdf text extraction found a math-symbol-dense line; no reliable LaTeX/MathML recovery is possible from rendered PDF text alone, so this is NOT promoted to an equation record -- human review or a higher-quality source representation is required before this can be extracted as a structured equation (brief section VII).",UNRESOLVED
REVPDF-42c32bb4514e8e27,,PDF_TEXT_CANDIDATE_NOT_STRUCTURED,SRC-ARXIV-600935e8f211:page 2,∂U ω(ι(p))− n,"pypdf text extraction found a math-symbol-dense line; no reliable LaTeX/MathML recovery is possible from rendered PDF text alone, so this is NOT promoted to an equation record -- human review or a higher-quality source representation is required before this can be extracted as a structured equation (brief section VII).",UNRESOLVED
REVPDF-50502c9b21a397cc,,PDF_TEXT_CANDIDATE_NOT_STRUCTURED,SRC-ARXIV-600935e8f211:page 3,ρ→∞,"pypdf text extraction found a math-symbol-dense line; no reliable LaTeX/MathML recovery is possible from rendered PDF text alone, so this is NOT promoted to an equation record -- human review or a higher-quality source representation is required before this can be extracted as a structured equation (brief section VII).",UNRESOLVED
REVPDF-b2a63ccba1a9caea,,PDF_TEXT_CANDIDATE_NOT_STRUCTURED,SRC-ARXIV-600935e8f211:page 3,sup V ol(Bn+1,"pypdf text extraction found a math-symbol-dense line; no reliable LaTeX/MathML recovery is possible from rendered PDF text alone, so this is NOT promoted to an equation record -- human review or a higher-quality source representation is required before this can be extracted as a structured equation (brief section VII).",UNRESOLVED
REVPDF-8d5dc744bffaf4b9,,PDF_TEXT_CANDIDATE_NOT_STRUCTURED,SRC-ARXIV-600935e8f211:page 3,ρ ),"pypdf text extraction found a math-symbol-dense line; no reliable LaTeX/MathML recovery is possible from rendered PDF text alone, so this is NOT promoted to an equation record -- human review or a higher-quality source representation is required before this can be extracted as a structured equation (brief section VII).",UNRESOLVED
REVPDF-252b3a546bbc2664,,PDF_TEXT_CANDIDATE_NOT_STRUCTURED,SRC-ARXIV-600935e8f211:page 3,V ol(Snρ ) ⩽ 1,"pypdf text extraction found a math-symbol-dense line; no reliable LaTeX/MathML recovery is possible from rendered PDF text alone, so this is NOT promoted to an equation record -- human review or a higher-quality source representation is required before this can be extracted as a structured equation (brief section VII).",UNRESOLVED
REVPDF-d33327b88d0688d5,,PDF_TEXT_CANDIDATE_NOT_STRUCTURED,SRC-ARXIV-600935e8f211:page 3,(ω1,"pypdf text extraction found a math-symbol-dense line; no reliable LaTeX/MathML recovery is possible from rendered PDF text alone, so this is NOT promoted to an equation record -- human review or a higher-quality source representation is required before this can be extracted as a structured equation (brief section VII).",UNRESOLVED
REVPDF-a97d4fd6a199e7e7,,PDF_TEXT_CANDIDATE_NOT_STRUCTURED,SRC-ARXIV-600935e8f211:page 3,)n+1(ω1,"pypdf text extraction found a math-symbol-dense line; no reliable LaTeX/MathML recovery is possible from rendered PDF text alone, so this is NOT promoted to an equation record -- human review or a higher-quality source representation is required before this can be extracted as a structured equation (brief section VII).",UNRESOLVED
REVPDF-33a7b38e873c6007,,PDF_TEXT_CANDIDATE_NOT_STRUCTURED,SRC-ARXIV-600935e8f211:page 3,kω1,"pypdf text extraction found a math-symbol-dense line; no reliable LaTeX/MathML recovery is possible from rendered PDF text alone, so this is NOT promoted to an equation record -- human review or a higher-quality source representation is required before this can be extracted as a structured equation (brief section VII).",UNRESOLVED
REVPDF-76254883e04c8d9f,,PDF_TEXT_CANDIDATE_NOT_STRUCTURED,SRC-ARXIV-600935e8f211:page 3,V olE(∂U ),"pypdf text extraction found a math-symbol-dense line; no reliable LaTeX/MathML recovery is possible from rendered PDF text alone, so this is NOT promoted to an equation record -- human review or a higher-quality source representation is required before this can be extracted as a structured equation (brief section VII).",UNRESOLVED
REVPDF-50502c9b21a397cc,,PDF_TEXT_CANDIDATE_NOT_STRUCTURED,SRC-ARXIV-600935e8f211:page 3,ρ→∞,"pypdf text extraction found a math-symbol-dense line; no reliable LaTeX/MathML recovery is possible from rendered PDF text alone, so this is NOT promoted to an equation record -- human review or a higher-quality source representation is required before this can be extracted as a structured equation (brief section VII).",UNRESOLVED
REVPDF-b0d9cb38c6a98040,,PDF_TEXT_CANDIDATE_NOT_STRUCTURED,SRC-ARXIV-600935e8f211:page 3,inf V ol(Bn+1,"pypdf text extraction found a math-symbol-dense line; no reliable LaTeX/MathML recovery is possible from rendered PDF text alone, so this is NOT promoted to an equation record -- human review or a higher-quality source representation is required before this can be extracted as a structured equation (brief section VII).",UNRESOLVED
REVPDF-8d5dc744bffaf4b9,,PDF_TEXT_CANDIDATE_NOT_STRUCTURED,SRC-ARXIV-600935e8f211:page 3,ρ ),"pypdf text extraction found a math-symbol-dense line; no reliable LaTeX/MathML recovery is possible from rendered PDF text alone, so this is NOT promoted to an equation record -- human review or a higher-quality source representation is required before this can be extracted as a structured equation (brief section VII).",UNRESOLVED
REVPDF-5f339fae1a9d863f,,PDF_TEXT_CANDIDATE_NOT_STRUCTURED,SRC-ARXIV-600935e8f211:page 3,V ol(Snρ ) /greaterorequalslant1,"pypdf text extraction found a math-symbol-dense line; no reliable LaTeX/MathML recovery is possible from rendered PDF text alone, so this is NOT promoted to an equation record -- human review or a higher-quality source representation is required before this can be extracted as a structured equation (brief section VII).",UNRESOLVED
REVPDF-23ad37b4fb30d89e,,PDF_TEXT_CANDIDATE_NOT_STRUCTURED,SRC-ARXIV-600935e8f211:page 3,(ω0,"pypdf text extraction found a math-symbol-dense line; no reliable LaTeX/MathML recovery is possible from rendered PDF text alone, so this is NOT promoted to an equation record -- human review or a higher-quality source representation is required before this can be extracted as a structured equation (brief section VII).",UNRESOLVED
REVPDF-ad6bb4cdc308cddf,,PDF_TEXT_CANDIDATE_NOT_STRUCTURED,SRC-ARXIV-600935e8f211:page 3,0 (kω0),"pypdf text extraction found a math-symbol-dense line; no reliable LaTeX/MathML recovery is possible from rendered PDF text alone, so this is NOT promoted to an equation record -- human review or a higher-quality source representation is required before this can be extracted as a structured equation (brief section VII).",UNRESOLVED
REVPDF-76254883e04c8d9f,,PDF_TEXT_CANDIDATE_NOT_STRUCTURED,SRC-ARXIV-600935e8f211:page 3,V olE(∂U ),"pypdf text extraction found a math-symbol-dense line; no reliable LaTeX/MathML recovery is possible from rendered PDF text alone, so this is NOT promoted to an equation record -- human review or a higher-quality source representation is required before this can be extracted as a structured equation (brief section VII).",UNRESOLVED
REVPDF-50502c9b21a397cc,,PDF_TEXT_CANDIDATE_NOT_STRUCTURED,SRC-ARXIV-600935e8f211:page 3,ρ→∞,"pypdf text extraction found a math-symbol-dense line; no reliable LaTeX/MathML recovery is possible from rendered PDF text alone, so this is NOT promoted to an equation record -- human review or a higher-quality source representation is required before this can be extracted as a structured equation (brief section VII).",UNRESOLVED
REVPDF-b2a63ccba1a9caea,,PDF_TEXT_CANDIDATE_NOT_STRUCTURED,SRC-ARXIV-600935e8f211:page 3,sup V ol(Bn+1,"pypdf text extraction found a math-symbol-dense line; no reliable LaTeX/MathML recovery is possible from rendered PDF text alone, so this is NOT promoted to an equation record -- human review or a higher-quality source representation is required before this can be extracted as a structured equation (brief section VII).",UNRESOLVED
REVPDF-8d5dc744bffaf4b9,,PDF_TEXT_CANDIDATE_NOT_STRUCTURED,SRC-ARXIV-600935e8f211:page 3,ρ ),"pypdf text extraction found a math-symbol-dense line; no reliable LaTeX/MathML recovery is possible from rendered PDF text alone, so this is NOT promoted to an equation record -- human review or a higher-quality source representation is required before this can be extracted as a structured equation (brief section VII).",UNRESOLVED
REVPDF-252b3a546bbc2664,,PDF_TEXT_CANDIDATE_NOT_STRUCTURED,SRC-ARXIV-600935e8f211:page 3,V ol(Snρ ) ⩽ 1,"pypdf text extraction found a math-symbol-dense line; no reliable LaTeX/MathML recovery is possible from rendered PDF text alone, so this is NOT promoted to an equation record -- human review or a higher-quality source representation is required before this can be extracted as a structured equation (brief section VII).",UNRESOLVED
REVPDF-afb12235f09aff87,,PDF_TEXT_CANDIDATE_NOT_STRUCTURED,SRC-ARXIV-600935e8f211:page 3,2 ωn,"pypdf text extraction found a math-symbol-dense line; no reliable LaTeX/MathML recovery is possible from rendered PDF text alone, so this is NOT promoted to an equation record -- human review or a higher-quality source representation is required before this can be extracted as a structured equation (brief section VII).",UNRESOLVED
REVPDF-497567f180403a02,,PDF_TEXT_CANDIDATE_NOT_STRUCTURED,SRC-ARXIV-600935e8f211:page 3,(kω0),"pypdf text extraction found a math-symbol-dense line; no reliable LaTeX/MathML recovery is possible from rendered PDF text alone, so this is NOT promoted to an equation record -- human review or a higher-quality source representation is required before this can be extracted as a structured equation (brief section VII).",UNRESOLVED
REVPDF-1aedc11c11cc379e,,PDF_TEXT_CANDIDATE_NOT_STRUCTURED,SRC-ARXIV-600935e8f211:page 3,2 +1,"pypdf text extraction found a math-symbol-dense line; no reliable LaTeX/MathML recovery is possible from rendered PDF text alone, so this is NOT promoted to an equation record -- human review or a higher-quality source representation is required before this can be extracted as a structured equation (brief section VII).",UNRESOLVED
REVPDF-76254883e04c8d9f,,PDF_TEXT_CANDIDATE_NOT_STRUCTURED,SRC-ARXIV-600935e8f211:page 3,V olE(∂U ),"pypdf text extraction found a math-symbol-dense line; no reliable LaTeX/MathML recovery is possible from rendered PDF text alone, so this is NOT promoted to an equation record -- human review or a higher-quality source representation is required before this can be extracted as a structured equation (brief section VII).",UNRESOLVED
REVPDF-50502c9b21a397cc,,PDF_TEXT_CANDIDATE_NOT_STRUCTURED,SRC-ARXIV-600935e8f211:page 3,ρ→∞,"pypdf text extraction found a math-symbol-dense line; no reliable LaTeX/MathML recovery is possible from rendered PDF text alone, so this is NOT promoted to an equation record -- human review or a higher-quality source representation is required before this can be extracted as a structured equation (brief section VII).",UNRESOLVED
REVPDF-b0d9cb38c6a98040,,PDF_TEXT_CANDIDATE_NOT_STRUCTURED,SRC-ARXIV-600935e8f211:page 3,inf V ol(Bn+1,"pypdf text extraction found a math-symbol-dense line; no reliable LaTeX/MathML recovery is possible from rendered PDF text alone, so this is NOT promoted to an equation record -- human review or a higher-quality source representation is required before this can be extracted as a structured equation (brief section VII).",UNRESOLVED
REVPDF-8d5dc744bffaf4b9,,PDF_TEXT_CANDIDATE_NOT_STRUCTURED,SRC-ARXIV-600935e8f211:page 3,ρ ),"pypdf text extraction found a math-symbol-dense line; no reliable LaTeX/MathML recovery is possible from rendered PDF text alone, so this is NOT promoted to an equation record -- human review or a higher-quality source representation is required before this can be extracted as a structured equation (brief section VII).",UNRESOLVED
REVPDF-5f339fae1a9d863f,,PDF_TEXT_CANDIDATE_NOT_STRUCTURED,SRC-ARXIV-600935e8f211:page 3,V ol(Snρ ) /greaterorequalslant1,"pypdf text extraction found a math-symbol-dense line; no reliable LaTeX/MathML recovery is possible from rendered PDF text alone, so this is NOT promoted to an equation record -- human review or a higher-quality source representation is required before this can be extracted as a structured equation (brief section VII).",UNRESOLVED
REVPDF-497567f180403a02,,PDF_TEXT_CANDIDATE_NOT_STRUCTURED,SRC-ARXIV-600935e8f211:page 3,(kω0),"pypdf text extraction found a math-symbol-dense line; no reliable LaTeX/MathML recovery is possible from rendered PDF text alone, so this is NOT promoted to an equation record -- human review or a higher-quality source representation is required before this can be extracted as a structured equation (brief section VII).",UNRESOLVED
REVPDF-afb12235f09aff87,,PDF_TEXT_CANDIDATE_NOT_STRUCTURED,SRC-ARXIV-600935e8f211:page 3,2 ωn,"pypdf text extraction found a math-symbol-dense line; no reliable LaTeX/MathML recovery is possible from rendered PDF text alone, so this is NOT promoted to an equation record -- human review or a higher-quality source representation is required before this can be extracted as a structured equation (brief section VII).",UNRESOLVED
REVPDF-76254883e04c8d9f,,PDF_TEXT_CANDIDATE_NOT_STRUCTURED,SRC-ARXIV-600935e8f211:page 3,V olE(∂U ),"pypdf text extraction found a math-symbol-dense line; no reliable LaTeX/MathML recovery is possible from rendered PDF text alone, so this is NOT promoted to an equation record -- human review or a higher-quality source representation is required before this can be extracted as a structured equation (brief section VII).",UNRESOLVED
REVPDF-83d53e953cf8d587,,PDF_TEXT_CANDIDATE_NOT_STRUCTURED,SRC-ARXIV-600935e8f211:page 3,1. F ∈ C ∞(T Mn\{0});,"pypdf text extraction found a math-symbol-dense line; no reliable LaTeX/MathML recovery is possible from rendered PDF text alone, so this is NOT promoted to an equation record -- human review or a higher-quality source representation is required before this can be extracted as a structured equation (brief section VII).",UNRESOLVED
REVPDF-3585668f36a36c7c,,PDF_TEXT_CANDIDATE_NOT_STRUCTURED,SRC-ARXIV-600935e8f211:page 3,"T Mn and any λ > 0, F (x, λy) = λF (x, y);","pypdf text extraction found a math-symbol-dense line; no reliable LaTeX/MathML recovery is possible from rendered PDF text alone, so this is NOT promoted to an equation record -- human review or a higher-quality source representation is required before this can be extracted as a structured equation (brief section VII).",UNRESOLVED
REVPDF-a6d5d519849a5eb5,,PDF_TEXT_CANDIDATE_NOT_STRUCTURED,SRC-ARXIV-600935e8f211:page 3,"TxM n × TxM n → R is positively deﬁnite,","pypdf text extraction found a math-symbol-dense line; no reliable LaTeX/MathML recovery is possible from rendered PDF text alone, so this is NOT promoted to an equation record -- human review or a higher-quality source representation is required before this can be extracted as a structured equation (brief section VII).",UNRESOLVED
REVPDF-03937f7bc7119901,,PDF_TEXT_CANDIDATE_NOT_STRUCTURED,SRC-ARXIV-600935e8f211:page 3,"gy(u, v) := 1","pypdf text extraction found a math-symbol-dense line; no reliable LaTeX/MathML recovery is possible from rendered PDF text alone, so this is NOT promoted to an equation record -- human review or a higher-quality source representation is required before this can be extracted as a structured equation (brief section VII).",UNRESOLVED
REVPDF-696920bb1a3bc602,,PDF_TEXT_CANDIDATE_NOT_STRUCTURED,SRC-ARXIV-600935e8f211:page 3,"∂t∂s [F 2(x, y + su + tv)]|s=t=0","pypdf text extraction found a math-symbol-dense line; no reliable LaTeX/MathML recovery is possible from rendered PDF text alone, so this is NOT promoted to an equation record -- human review or a higher-quality source representation is required before this can be extracted as a structured equation (brief section VII).",UNRESOLVED
REVPDF-4c6030c0ff4e3f81,,PDF_TEXT_CANDIDATE_NOT_STRUCTURED,SRC-ARXIV-600935e8f211:page 3,"gij(x, y) = 1","pypdf text extraction found a math-symbol-dense line; no reliable LaTeX/MathML recovery is possible from rendered PDF text alone, so this is NOT promoted to an equation record -- human review or a higher-quality source representation is required before this can be extracted as a structured equation (brief section VII).",UNRESOLVED
REVPDF-aa400d2a39c4ea6d,,PDF_TEXT_CANDIDATE_NOT_STRUCTURED,SRC-ARXIV-600935e8f211:page 3,"∂y i∂y j [F 2(x, y)],","pypdf text extraction found a math-symbol-dense line; no reliable LaTeX/MathML recovery is possible from rendered PDF text alone, so this is NOT promoted to an equation record -- human review or a higher-quality source representation is required before this can be extracted as a structured equation (brief section VII).",UNRESOLVED
REVPDF-cc442fe764fa69d2,,PDF_TEXT_CANDIDATE_NOT_STRUCTURED,SRC-ARXIV-600935e8f211:page 4,"gy(u, v) = gij(x, y)uivj","pypdf text extraction found a math-symbol-dense line; no reliable LaTeX/MathML recovery is possible from rendered PDF text alone, so this is NOT promoted to an equation record -- human review or a higher-quality source representation is required before this can be extracted as a structured equation (brief section VII).",UNRESOLVED
REVPDF-086703a6f70af05a,,PDF_TEXT_CANDIDATE_NOT_STRUCTURED,SRC-ARXIV-600935e8f211:page 4,LF (c) =,"pypdf text extraction found a math-symbol-dense line; no reliable LaTeX/MathML recovery is possible from rendered PDF text alone, so this is NOT promoted to an equation record -- human review or a higher-quality source representation is required before this can be extracted as a structured equation (brief section VII).",UNRESOLVED
REVPDF-136356f64fe8d38d,,PDF_TEXT_CANDIDATE_NOT_STRUCTURED,SRC-ARXIV-600935e8f211:page 4,∫ b,"pypdf text extraction found a math-symbol-dense line; no reliable LaTeX/MathML recovery is possible from rendered PDF text alone, so this is NOT promoted to an equation record -- human review or a higher-quality source representation is required before this can be extracted as a structured equation (brief section VII).",UNRESOLVED
REVPDF-91b85ab16c6b9cd4,,PDF_TEXT_CANDIDATE_NOT_STRUCTURED,SRC-ARXIV-600935e8f211:page 4,"F (c(t), ˙c(t))dt =","pypdf text extraction found a math-symbol-dense line; no reliable LaTeX/MathML recovery is possible from rendered PDF text alone, so this is NOT promoted to an equation record -- human review or a higher-quality source representation is required before this can be extracted as a structured equation (brief section VII).",UNRESOLVED
REVPDF-136356f64fe8d38d,,PDF_TEXT_CANDIDATE_NOT_STRUCTURED,SRC-ARXIV-600935e8f211:page 4,∫ b,"pypdf text extraction found a math-symbol-dense line; no reliable LaTeX/MathML recovery is possible from rendered PDF text alone, so this is NOT promoted to an equation record -- human review or a higher-quality source representation is required before this can be extracted as a structured equation (brief section VII).",UNRESOLVED
REVPDF-32fcc7c8fd836c57,,PDF_TEXT_CANDIDATE_NOT_STRUCTURED,SRC-ARXIV-600935e8f211:page 4,F (x) =,"pypdf text extraction found a math-symbol-dense line; no reliable LaTeX/MathML recovery is possible from rendered PDF text alone, so this is NOT promoted to an equation record -- human review or a higher-quality source representation is required before this can be extracted as a structured equation (brief section VII).",UNRESOLVED
REVPDF-7c78a95d4d3770ef,,PDF_TEXT_CANDIDATE_NOT_STRUCTURED,SRC-ARXIV-600935e8f211:page 4,"(yi) ∈ Rn : F (x, yiei) < 1","pypdf text extraction found a math-symbol-dense line; no reliable LaTeX/MathML recovery is possible from rendered PDF text alone, so this is NOT promoted to an equation record -- human review or a higher-quality source representation is required before this can be extracted as a structured equation (brief section VII).",UNRESOLVED
REVPDF-4316b2c79e37af89,,PDF_TEXT_CANDIDATE_NOT_STRUCTURED,SRC-ARXIV-600935e8f211:page 4,⊂ TxM n.,"pypdf text extraction found a math-symbol-dense line; no reliable LaTeX/MathML recovery is possible from rendered PDF text alone, so this is NOT promoted to an equation record -- human review or a higher-quality source representation is required before this can be extracted as a structured equation (brief section VII).",UNRESOLVED
REVPDF-340a00a0247b33c2,,PDF_TEXT_CANDIDATE_NOT_STRUCTURED,SRC-ARXIV-600935e8f211:page 4,"dVF = σF (x)θ1 ∧ ... ∧ θn,","pypdf text extraction found a math-symbol-dense line; no reliable LaTeX/MathML recovery is possible from rendered PDF text alone, so this is NOT promoted to an equation record -- human review or a higher-quality source representation is required before this can be extracted as a structured equation (brief section VII).",UNRESOLVED
REVPDF-d97273307df50e18,,PDF_TEXT_CANDIDATE_NOT_STRUCTURED,SRC-ARXIV-600935e8f211:page 4,σF (x) := V olE(Bn),"pypdf text extraction found a math-symbol-dense line; no reliable LaTeX/MathML recovery is possible from rendered PDF text alone, so this is NOT promoted to an equation record -- human review or a higher-quality source representation is required before this can be extracted as a structured equation (brief section VII).",UNRESOLVED
REVPDF-25fb6644ea39bbb4,,PDF_TEXT_CANDIDATE_NOT_STRUCTURED,SRC-ARXIV-600935e8f211:page 4,dVg =,"pypdf text extraction found a math-symbol-dense line; no reliable LaTeX/MathML recovery is possible from rendered PDF text alone, so this is NOT promoted to an equation record -- human review or a higher-quality source representation is required before this can be extracted as a structured equation (brief section VII).",UNRESOLVED
REVPDF-9ddfce77cd3c0102,,PDF_TEXT_CANDIDATE_NOT_STRUCTURED,SRC-ARXIV-600935e8f211:page 4,det(gij)θ1 ∧ ... ∧ θn.,"pypdf text extraction found a math-symbol-dense line; no reliable LaTeX/MathML recovery is possible from rendered PDF text alone, so this is NOT promoted to an equation record -- human review or a higher-quality source representation is required before this can be extracted as a structured equation (brief section VII).",UNRESOLVED
REVPDF-6fd5d51154cac603,,PDF_TEXT_CANDIDATE_NOT_STRUCTURED,SRC-ARXIV-600935e8f211:page 4,νn = lim,"pypdf text extraction found a math-symbol-dense line; no reliable LaTeX/MathML recovery is possible from rendered PDF text alone, so this is NOT promoted to an equation record -- human review or a higher-quality source representation is required before this can be extracted as a structured equation (brief section VII).",UNRESOLVED
REVPDF-653479a2bec9f1ba,,PDF_TEXT_CANDIDATE_NOT_STRUCTURED,SRC-ARXIV-600935e8f211:page 4,"νn,r ,","pypdf text extraction found a math-symbol-dense line; no reliable LaTeX/MathML recovery is possible from rendered PDF text alone, so this is NOT promoted to an equation record -- human review or a higher-quality source representation is required before this can be extracted as a structured equation (brief section VII).",UNRESOLVED
REVPDF-b7da987cc9ad9603,,PDF_TEXT_CANDIDATE_NOT_STRUCTURED,SRC-ARXIV-600935e8f211:page 4,"νn,r = V olE(Bn) inf","pypdf text extraction found a math-symbol-dense line; no reliable LaTeX/MathML recovery is possible from rendered PDF text alone, so this is NOT promoted to an equation record -- human review or a higher-quality source representation is required before this can be extracted as a structured equation (brief section VII).",UNRESOLVED
REVPDF-f9d72ce739589d56,,PDF_TEXT_CANDIDATE_NOT_STRUCTURED,SRC-ARXIV-600935e8f211:page 4,r ) =,"pypdf text extraction found a math-symbol-dense line; no reliable LaTeX/MathML recovery is possible from rendered PDF text alone, so this is NOT promoted to an equation record -- human review or a higher-quality source representation is required before this can be extracted as a structured equation (brief section VII).",UNRESOLVED
REVPDF-2fa7780e763bc0c4,,PDF_TEXT_CANDIDATE_NOT_STRUCTURED,SRC-ARXIV-600935e8f211:page 4,∫ r,"pypdf text extraction found a math-symbol-dense line; no reliable LaTeX/MathML recovery is possible from rendered PDF text alone, so this is NOT promoted to an equation record -- human review or a higher-quality source representation is required before this can be extracted as a structured equation (brief section VII).",UNRESOLVED
REVPDF-0d01d6b17836c8f8,,PDF_TEXT_CANDIDATE_NOT_STRUCTURED,SRC-ARXIV-600935e8f211:page 5,"dU (p, q) = 1","pypdf text extraction found a math-symbol-dense line; no reliable LaTeX/MathML recovery is possible from rendered PDF text alone, so this is NOT promoted to an equation record -- human review or a higher-quality source representation is required before this can be extracted as a structured equation (brief section VII).",UNRESOLVED
REVPDF-7f968c4d0df48a00,,PDF_TEXT_CANDIDATE_NOT_STRUCTURED,SRC-ARXIV-600935e8f211:page 5,‖q − p1‖ × ‖p − p1‖,"pypdf text extraction found a math-symbol-dense line; no reliable LaTeX/MathML recovery is possible from rendered PDF text alone, so this is NOT promoted to an equation record -- human review or a higher-quality source representation is required before this can be extracted as a structured equation (brief section VII).",UNRESOLVED
REVPDF-64dea4c09d64b125,,PDF_TEXT_CANDIDATE_NOT_STRUCTURED,SRC-ARXIV-600935e8f211:page 5,"dU (p, p) = 0","pypdf text extraction found a math-symbol-dense line; no reliable LaTeX/MathML recovery is possible from rendered PDF text alone, so this is NOT promoted to an equation record -- human review or a higher-quality source representation is required before this can be extracted as a structured equation (brief section VII).",UNRESOLVED
REVPDF-df1bd464b62b03f0,,PDF_TEXT_CANDIDATE_NOT_STRUCTURED,SRC-ARXIV-600935e8f211:page 5,"FU (p, v) = 1","pypdf text extraction found a math-symbol-dense line; no reliable LaTeX/MathML recovery is possible from rendered PDF text alone, so this is NOT promoted to an equation record -- human review or a higher-quality source representation is required before this can be extracted as a structured equation (brief section VII).",UNRESOLVED
REVPDF-f96af83aa79f232a,,PDF_TEXT_CANDIDATE_NOT_STRUCTURED,SRC-ARXIV-600935e8f211:page 5,‖p − p−‖ + 1,"pypdf text extraction found a math-symbol-dense line; no reliable LaTeX/MathML recovery is possible from rendered PDF text alone, so this is NOT promoted to an equation record -- human review or a higher-quality source representation is required before this can be extracted as a structured equation (brief section VII).",UNRESOLVED
REVPDF-f67dd50642ba107c,,PDF_TEXT_CANDIDATE_NOT_STRUCTURED,SRC-ARXIV-600935e8f211:page 5,‖p − p+‖,"pypdf text extraction found a math-symbol-dense line; no reliable LaTeX/MathML recovery is possible from rendered PDF text alone, so this is NOT promoted to an equation record -- human review or a higher-quality source representation is required before this can be extracted as a structured equation (brief section VII).",UNRESOLVED
REVPDF-ed21155ab68ac067,,PDF_TEXT_CANDIDATE_NOT_STRUCTURED,SRC-ARXIV-600935e8f211:page 5,"Then dU (p, q) = inf","pypdf text extraction found a math-symbol-dense line; no reliable LaTeX/MathML recovery is possible from rendered PDF text alone, so this is NOT promoted to an equation record -- human review or a higher-quality source representation is required before this can be extracted as a structured equation (brief section VII).",UNRESOLVED
REVPDF-9c080de3788b89cd,,PDF_TEXT_CANDIDATE_NOT_STRUCTURED,SRC-ARXIV-600935e8f211:page 6,When U = Bn,"pypdf text extraction found a math-symbol-dense line; no reliable LaTeX/MathML recovery is possible from rendered PDF text alone, so this is NOT promoted to an equation record -- human review or a higher-quality source representation is required before this can be extracted as a structured equation (brief section VII).",UNRESOLVED
REVPDF-b6e09808a875c118,,PDF_TEXT_CANDIDATE_NOT_STRUCTURED,SRC-ARXIV-600935e8f211:page 6,"FBnr (p, v) =","pypdf text extraction found a math-symbol-dense line; no reliable LaTeX/MathML recovery is possible from rendered PDF text alone, so this is NOT promoted to an equation record -- human review or a higher-quality source representation is required before this can be extracted as a structured equation (brief section VII).",UNRESOLVED
REVPDF-7ed646058a8fc0e3,,PDF_TEXT_CANDIDATE_NOT_STRUCTURED,SRC-ARXIV-600935e8f211:page 6,"r − ‖p‖2 + < v, p > 2","pypdf text extraction found a math-symbol-dense line; no reliable LaTeX/MathML recovery is possible from rendered PDF text alone, so this is NOT promoted to an equation record -- human review or a higher-quality source representation is required before this can be extracted as a structured equation (brief section VII).",UNRESOLVED
REVPDF-7cbdc8992fc79166,,PDF_TEXT_CANDIDATE_NOT_STRUCTURED,SRC-ARXIV-600935e8f211:page 6,δ(p)→0,"pypdf text extraction found a math-symbol-dense line; no reliable LaTeX/MathML recovery is possible from rendered PDF text alone, so this is NOT promoted to an equation record -- human review or a higher-quality source representation is required before this can be extracted as a structured equation (brief section VII).",UNRESOLVED
REVPDF-a2eeb0acc1eb0c76,,PDF_TEXT_CANDIDATE_NOT_STRUCTURED,SRC-ARXIV-600935e8f211:page 6,= 1,"pypdf text extraction found a math-symbol-dense line; no reliable LaTeX/MathML recovery is possible from rendered PDF text alone, so this is NOT promoted to an equation record -- human review or a higher-quality source representation is required before this can be extracted as a structured equation (brief section VII).",UNRESOLVED
REVPDF-b575d62e3b2fc542,,PDF_TEXT_CANDIDATE_NOT_STRUCTURED,SRC-ARXIV-600935e8f211:page 6,t→∞,"pypdf text extraction found a math-symbol-dense line; no reliable LaTeX/MathML recovery is possible from rendered PDF text alone, so this is NOT promoted to an equation record -- human review or a higher-quality source representation is required before this can be extracted as a structured equation (brief section VII).",UNRESOLVED
REVPDF-02f46807bd5dc7d6,,PDF_TEXT_CANDIDATE_NOT_STRUCTURED,SRC-ARXIV-600935e8f211:page 6,"t = n,","pypdf text extraction found a math-symbol-dense line; no reliable LaTeX/MathML recovery is possible from rendered PDF text alone, so this is NOT promoted to an equation record -- human review or a higher-quality source representation is required before this can be extracted as a structured equation (brief section VII).",UNRESOLVED
REVPDF-f2dd8b016b7a6e41,,PDF_TEXT_CANDIDATE_NOT_STRUCTURED,SRC-ARXIV-600935e8f211:page 6,r (o) = ∂B n+1,"pypdf text extraction found a math-symbol-dense line; no reliable LaTeX/MathML recovery is possible from rendered PDF text alone, so this is NOT promoted to an equation record -- human review or a higher-quality source representation is required before this can be extracted as a structured equation (brief section VII).",UNRESOLVED
REVPDF-6c621f8bc94e1aac,,PDF_TEXT_CANDIDATE_NOT_STRUCTURED,SRC-ARXIV-600935e8f211:page 7,1. ω(u) − ρt(u) = ∆( u)e−2t + ¯o(e−2t);,"pypdf text extraction found a math-symbol-dense line; no reliable LaTeX/MathML recovery is possible from rendered PDF text alone, so this is NOT promoted to an equation record -- human review or a higher-quality source representation is required before this can be extracted as a structured equation (brief section VII).",UNRESOLVED
REVPDF-4933f47b191796cc,,PDF_TEXT_CANDIDATE_NOT_STRUCTURED,SRC-ARXIV-600935e8f211:page 7,∆( u) = ω(u),"pypdf text extraction found a math-symbol-dense line; no reliable LaTeX/MathML recovery is possible from rendered PDF text alone, so this is NOT promoted to an equation record -- human review or a higher-quality source representation is required before this can be extracted as a structured equation (brief section VII).",UNRESOLVED
REVPDF-2b9f32fb21a18c70,,PDF_TEXT_CANDIDATE_NOT_STRUCTURED,SRC-ARXIV-600935e8f211:page 7,( ω(u),"pypdf text extraction found a math-symbol-dense line; no reliable LaTeX/MathML recovery is possible from rendered PDF text alone, so this is NOT promoted to an equation record -- human review or a higher-quality source representation is required before this can be extracted as a structured equation (brief section VII).",UNRESOLVED
REVPDF-8e858fc97101fca9,,PDF_TEXT_CANDIDATE_NOT_STRUCTURED,SRC-ARXIV-600935e8f211:page 7,ω(−u) + 1,"pypdf text extraction found a math-symbol-dense line; no reliable LaTeX/MathML recovery is possible from rendered PDF text alone, so this is NOT promoted to an equation record -- human review or a higher-quality source representation is required before this can be extracted as a structured equation (brief section VII).",UNRESOLVED
REVPDF-16fcf6978a187a69,,PDF_TEXT_CANDIDATE_NOT_STRUCTURED,SRC-ARXIV-600935e8f211:page 7,2. ω′,"pypdf text extraction found a math-symbol-dense line; no reliable LaTeX/MathML recovery is possible from rendered PDF text alone, so this is NOT promoted to an equation record -- human review or a higher-quality source representation is required before this can be extracted as a structured equation (brief section VII).",UNRESOLVED
REVPDF-6a70daff6c26d285,,PDF_TEXT_CANDIDATE_NOT_STRUCTURED,SRC-ARXIV-600935e8f211:page 7,i(u) − ρ′,"pypdf text extraction found a math-symbol-dense line; no reliable LaTeX/MathML recovery is possible from rendered PDF text alone, so this is NOT promoted to an equation record -- human review or a higher-quality source representation is required before this can be extracted as a structured equation (brief section VII).",UNRESOLVED
REVPDF-03440b292a853924,,PDF_TEXT_CANDIDATE_NOT_STRUCTURED,SRC-ARXIV-600935e8f211:page 7,"t,i (u) = ∆ i(u)e−2t + ¯o(e−2t);","pypdf text extraction found a math-symbol-dense line; no reliable LaTeX/MathML recovery is possible from rendered PDF text alone, so this is NOT promoted to an equation record -- human review or a higher-quality source representation is required before this can be extracted as a structured equation (brief section VII).",UNRESOLVED
REVPDF-f16752a2c2fe1c1c,,PDF_TEXT_CANDIDATE_NOT_STRUCTURED,SRC-ARXIV-600935e8f211:page 7,∆ i(u) =,"pypdf text extraction found a math-symbol-dense line; no reliable LaTeX/MathML recovery is possible from rendered PDF text alone, so this is NOT promoted to an equation record -- human review or a higher-quality source representation is required before this can be extracted as a structured equation (brief section VII).",UNRESOLVED
REVPDF-bb917268d6902e46,,PDF_TEXT_CANDIDATE_NOT_STRUCTURED,SRC-ARXIV-600935e8f211:page 7,2 ω(u),"pypdf text extraction found a math-symbol-dense line; no reliable LaTeX/MathML recovery is possible from rendered PDF text alone, so this is NOT promoted to an equation record -- human review or a higher-quality source representation is required before this can be extracted as a structured equation (brief section VII).",UNRESOLVED
REVPDF-8e858fc97101fca9,,PDF_TEXT_CANDIDATE_NOT_STRUCTURED,SRC-ARXIV-600935e8f211:page 7,ω(−u) + 1,"pypdf text extraction found a math-symbol-dense line; no reliable LaTeX/MathML recovery is possible from rendered PDF text alone, so this is NOT promoted to an equation record -- human review or a higher-quality source representation is required before this can be extracted as a structured equation (brief section VII).",UNRESOLVED
REVPDF-2b9f32fb21a18c70,,PDF_TEXT_CANDIDATE_NOT_STRUCTURED,SRC-ARXIV-600935e8f211:page 7,( ω(u),"pypdf text extraction found a math-symbol-dense line; no reliable LaTeX/MathML recovery is possible from rendered PDF text alone, so this is NOT promoted to an equation record -- human review or a higher-quality source representation is required before this can be extracted as a structured equation (brief section VII).",UNRESOLVED
REVPDF-77ebd9bc9a34e487,,PDF_TEXT_CANDIDATE_NOT_STRUCTURED,SRC-ARXIV-600935e8f211:page 7,ω(−u),"pypdf text extraction found a math-symbol-dense line; no reliable LaTeX/MathML recovery is possible from rendered PDF text alone, so this is NOT promoted to an equation record -- human review or a higher-quality source representation is required before this can be extracted as a structured equation (brief section VII).",UNRESOLVED
REVPDF-f82e4d8f7bb43d8e,,PDF_TEXT_CANDIDATE_NOT_STRUCTURED,SRC-ARXIV-600935e8f211:page 7,3. ω′′,"pypdf text extraction found a math-symbol-dense line; no reliable LaTeX/MathML recovery is possible from rendered PDF text alone, so this is NOT promoted to an equation record -- human review or a higher-quality source representation is required before this can be extracted as a structured equation (brief section VII).",UNRESOLVED
REVPDF-3ccdcdc78e1cdc14,,PDF_TEXT_CANDIDATE_NOT_STRUCTURED,SRC-ARXIV-600935e8f211:page 7,ij(u) − ρ′′,"pypdf text extraction found a math-symbol-dense line; no reliable LaTeX/MathML recovery is possible from rendered PDF text alone, so this is NOT promoted to an equation record -- human review or a higher-quality source representation is required before this can be extracted as a structured equation (brief section VII).",UNRESOLVED
REVPDF-795fa9eda987b2de,,PDF_TEXT_CANDIDATE_NOT_STRUCTURED,SRC-ARXIV-600935e8f211:page 7,"t,ij (u) = ∆ ij(u)e−2t + ¯o(e−2t),","pypdf text extraction found a math-symbol-dense line; no reliable LaTeX/MathML recovery is possible from rendered PDF text alone, so this is NOT promoted to an equation record -- human review or a higher-quality source representation is required before this can be extracted as a structured equation (brief section VII).",UNRESOLVED
REVPDF-5c34dbca4b6e845a,,PDF_TEXT_CANDIDATE_NOT_STRUCTURED,SRC-ARXIV-600935e8f211:page 7,ω(u)3∆ ij(u) = ω(u)2[2ω′,"pypdf text extraction found a math-symbol-dense line; no reliable LaTeX/MathML recovery is possible from rendered PDF text alone, so this is NOT promoted to an equation record -- human review or a higher-quality source representation is required before this can be extracted as a structured equation (brief section VII).",UNRESOLVED
REVPDF-8e3b195b6af14e2b,,PDF_TEXT_CANDIDATE_NOT_STRUCTURED,SRC-ARXIV-600935e8f211:page 7,i(−u)ω′,"pypdf text extraction found a math-symbol-dense line; no reliable LaTeX/MathML recovery is possible from rendered PDF text alone, so this is NOT promoted to an equation record -- human review or a higher-quality source representation is required before this can be extracted as a structured equation (brief section VII).",UNRESOLVED
REVPDF-fd5a0068d4ac5c27,,PDF_TEXT_CANDIDATE_NOT_STRUCTURED,SRC-ARXIV-600935e8f211:page 7,j(−u)−ω(−u)ω′′,"pypdf text extraction found a math-symbol-dense line; no reliable LaTeX/MathML recovery is possible from rendered PDF text alone, so this is NOT promoted to an equation record -- human review or a higher-quality source representation is required before this can be extracted as a structured equation (brief section VII).",UNRESOLVED
REVPDF-84fb2ffa7eb3b9e5,,PDF_TEXT_CANDIDATE_NOT_STRUCTURED,SRC-ARXIV-600935e8f211:page 7,ij(−u)]+ω(−u)2[2ω′,"pypdf text extraction found a math-symbol-dense line; no reliable LaTeX/MathML recovery is possible from rendered PDF text alone, so this is NOT promoted to an equation record -- human review or a higher-quality source representation is required before this can be extracted as a structured equation (brief section VII).",UNRESOLVED
REVPDF-795f1665d02b1574,,PDF_TEXT_CANDIDATE_NOT_STRUCTURED,SRC-ARXIV-600935e8f211:page 7,i(u)ω′,"pypdf text extraction found a math-symbol-dense line; no reliable LaTeX/MathML recovery is possible from rendered PDF text alone, so this is NOT promoted to an equation record -- human review or a higher-quality source representation is required before this can be extracted as a structured equation (brief section VII).",UNRESOLVED
REVPDF-477807a6063942bc,,PDF_TEXT_CANDIDATE_NOT_STRUCTURED,SRC-ARXIV-600935e8f211:page 7,j(u)+ω(−u)ω′′,"pypdf text extraction found a math-symbol-dense line; no reliable LaTeX/MathML recovery is possible from rendered PDF text alone, so this is NOT promoted to an equation record -- human review or a higher-quality source representation is required before this can be extracted as a structured equation (brief section VII).",UNRESOLVED
REVPDF-4e08d7cd401392e3,,PDF_TEXT_CANDIDATE_NOT_STRUCTURED,SRC-ARXIV-600935e8f211:page 7,ij(u)]+,"pypdf text extraction found a math-symbol-dense line; no reliable LaTeX/MathML recovery is possible from rendered PDF text alone, so this is NOT promoted to an equation record -- human review or a higher-quality source representation is required before this can be extracted as a structured equation (brief section VII).",UNRESOLVED
REVPDF-eebfe2bdc6ea532f,,PDF_TEXT_CANDIDATE_NOT_STRUCTURED,SRC-ARXIV-600935e8f211:page 7,+2ω(−u)ω(u)[ω′,"pypdf text extraction found a math-symbol-dense line; no reliable LaTeX/MathML recovery is possible from rendered PDF text alone, so this is NOT promoted to an equation record -- human review or a higher-quality source representation is required before this can be extracted as a structured equation (brief section VII).",UNRESOLVED
REVPDF-9211dace65d15297,,PDF_TEXT_CANDIDATE_NOT_STRUCTURED,SRC-ARXIV-600935e8f211:page 7,j (−u)ω′,"pypdf text extraction found a math-symbol-dense line; no reliable LaTeX/MathML recovery is possible from rendered PDF text alone, so this is NOT promoted to an equation record -- human review or a higher-quality source representation is required before this can be extracted as a structured equation (brief section VII).",UNRESOLVED
REVPDF-a2b52dc9bad961bf,,PDF_TEXT_CANDIDATE_NOT_STRUCTURED,SRC-ARXIV-600935e8f211:page 7,i(u) + ω′,"pypdf text extraction found a math-symbol-dense line; no reliable LaTeX/MathML recovery is possible from rendered PDF text alone, so this is NOT promoted to an equation record -- human review or a higher-quality source representation is required before this can be extracted as a structured equation (brief section VII).",UNRESOLVED
REVPDF-8e3b195b6af14e2b,,PDF_TEXT_CANDIDATE_NOT_STRUCTURED,SRC-ARXIV-600935e8f211:page 7,i(−u)ω′,"pypdf text extraction found a math-symbol-dense line; no reliable LaTeX/MathML recovery is possible from rendered PDF text alone, so this is NOT promoted to an equation record -- human review or a higher-quality source representation is required before this can be extracted as a structured equation (brief section VII).",UNRESOLVED
REVPDF-6efe40728e376748,,PDF_TEXT_CANDIDATE_NOT_STRUCTURED,SRC-ARXIV-600935e8f211:page 7,[ω(u),"pypdf text extraction found a math-symbol-dense line; no reliable LaTeX/MathML recovery is possible from rendered PDF text alone, so this is NOT promoted to an equation record -- human review or a higher-quality source representation is required before this can be extracted as a structured equation (brief section VII).",UNRESOLVED
REVPDF-74311dd3582a9fdd,,PDF_TEXT_CANDIDATE_NOT_STRUCTURED,SRC-ARXIV-600935e8f211:page 7,ω(−u) × ω(−u) + ρt(u),"pypdf text extraction found a math-symbol-dense line; no reliable LaTeX/MathML recovery is possible from rendered PDF text alone, so this is NOT promoted to an equation record -- human review or a higher-quality source representation is required before this can be extracted as a structured equation (brief section VII).",UNRESOLVED
REVPDF-1edeebefa9d29ea2,,PDF_TEXT_CANDIDATE_NOT_STRUCTURED,SRC-ARXIV-600935e8f211:page 7,ω(u) − ρt(u),"pypdf text extraction found a math-symbol-dense line; no reliable LaTeX/MathML recovery is possible from rendered PDF text alone, so this is NOT promoted to an equation record -- human review or a higher-quality source representation is required before this can be extracted as a structured equation (brief section VII).",UNRESOLVED
REVPDF-a7fe193c5a6d9efc,,PDF_TEXT_CANDIDATE_NOT_STRUCTURED,SRC-ARXIV-600935e8f211:page 7,= t,"pypdf text extraction found a math-symbol-dense line; no reliable LaTeX/MathML recovery is possible from rendered PDF text alone, so this is NOT promoted to an equation record -- human review or a higher-quality source representation is required before this can be extracted as a structured equation (brief section VII).",UNRESOLVED
REVPDF-10ac39adfe36b491,,PDF_TEXT_CANDIDATE_NOT_STRUCTURED,SRC-ARXIV-600935e8f211:page 7,ρt(u) = ω(−u)ω(u)(e2t − 1),"pypdf text extraction found a math-symbol-dense line; no reliable LaTeX/MathML recovery is possible from rendered PDF text alone, so this is NOT promoted to an equation record -- human review or a higher-quality source representation is required before this can be extracted as a structured equation (brief section VII).",UNRESOLVED
REVPDF-c70c63047b6c88c1,,PDF_TEXT_CANDIDATE_NOT_STRUCTURED,SRC-ARXIV-600935e8f211:page 7,ω(u) + ω(−u)e2t,"pypdf text extraction found a math-symbol-dense line; no reliable LaTeX/MathML recovery is possible from rendered PDF text alone, so this is NOT promoted to an equation record -- human review or a higher-quality source representation is required before this can be extracted as a structured equation (brief section VII).",UNRESOLVED
REVPDF-0c1a99ccdb0fd43c,,PDF_TEXT_CANDIDATE_NOT_STRUCTURED,SRC-ARXIV-600935e8f211:page 7,ω(u) − ρt(u) = ω(u) − ω(−u)ω(u)(e2t − 1),"pypdf text extraction found a math-symbol-dense line; no reliable LaTeX/MathML recovery is possible from rendered PDF text alone, so this is NOT promoted to an equation record -- human review or a higher-quality source representation is required before this can be extracted as a structured equation (brief section VII).",UNRESOLVED
REVPDF-011f9b5672eb72be,,PDF_TEXT_CANDIDATE_NOT_STRUCTURED,SRC-ARXIV-600935e8f211:page 7,ω(u) + ω(−u)e2t =,"pypdf text extraction found a math-symbol-dense line; no reliable LaTeX/MathML recovery is possible from rendered PDF text alone, so this is NOT promoted to an equation record -- human review or a higher-quality source representation is required before this can be extracted as a structured equation (brief section VII).",UNRESOLVED
REVPDF-5b5cb58dd0695978,,PDF_TEXT_CANDIDATE_NOT_STRUCTURED,SRC-ARXIV-600935e8f211:page 7,= ω2(u) + ω(−u)ω(u),"pypdf text extraction found a math-symbol-dense line; no reliable LaTeX/MathML recovery is possible from rendered PDF text alone, so this is NOT promoted to an equation record -- human review or a higher-quality source representation is required before this can be extracted as a structured equation (brief section VII).",UNRESOLVED
REVPDF-97f509385ab5f292,,PDF_TEXT_CANDIDATE_NOT_STRUCTURED,SRC-ARXIV-600935e8f211:page 7,ω(u) + ω(−u)e2t = ω(u),"pypdf text extraction found a math-symbol-dense line; no reliable LaTeX/MathML recovery is possible from rendered PDF text alone, so this is NOT promoted to an equation record -- human review or a higher-quality source representation is required before this can be extracted as a structured equation (brief section VII).",UNRESOLVED
REVPDF-2b9f32fb21a18c70,,PDF_TEXT_CANDIDATE_NOT_STRUCTURED,SRC-ARXIV-600935e8f211:page 7,( ω(u),"pypdf text extraction found a math-symbol-dense line; no reliable LaTeX/MathML recovery is possible from rendered PDF text alone, so this is NOT promoted to an equation record -- human review or a higher-quality source representation is required before this can be extracted as a structured equation (brief section VII).",UNRESOLVED
REVPDF-8e858fc97101fca9,,PDF_TEXT_CANDIDATE_NOT_STRUCTURED,SRC-ARXIV-600935e8f211:page 7,ω(−u) + 1,"pypdf text extraction found a math-symbol-dense line; no reliable LaTeX/MathML recovery is possible from rendered PDF text alone, so this is NOT promoted to an equation record -- human review or a higher-quality source representation is required before this can be extracted as a structured equation (brief section VII).",UNRESOLVED
REVPDF-9082ecea0162b719,,PDF_TEXT_CANDIDATE_NOT_STRUCTURED,SRC-ARXIV-600935e8f211:page 7,"e−2t + ¯o(e−2t), t → ∞","pypdf text extraction found a math-symbol-dense line; no reliable LaTeX/MathML recovery is possible from rendered PDF text alone, so this is NOT promoted to an equation record -- human review or a higher-quality source representation is required before this can be extracted as a structured equation (brief section VII).",UNRESOLVED
REVPDF-140c87f19fa31d66,,PDF_TEXT_CANDIDATE_NOT_STRUCTURED,SRC-ARXIV-600935e8f211:page 7,ω′(u) − ρ′,"pypdf text extraction found a math-symbol-dense line; no reliable LaTeX/MathML recovery is possible from rendered PDF text alone, so this is NOT promoted to an equation record -- human review or a higher-quality source representation is required before this can be extracted as a structured equation (brief section VII).",UNRESOLVED
REVPDF-b95b8de2dca4d906,,PDF_TEXT_CANDIDATE_NOT_STRUCTURED,SRC-ARXIV-600935e8f211:page 7,"t,i (u) =","pypdf text extraction found a math-symbol-dense line; no reliable LaTeX/MathML recovery is possible from rendered PDF text alone, so this is NOT promoted to an equation record -- human review or a higher-quality source representation is required before this can be extracted as a structured equation (brief section VII).",UNRESOLVED
REVPDF-e039760ec7a6dd88,,PDF_TEXT_CANDIDATE_NOT_STRUCTURED,SRC-ARXIV-600935e8f211:page 7,= ω′,"pypdf text extraction found a math-symbol-dense line; no reliable LaTeX/MathML recovery is possible from rendered PDF text alone, so this is NOT promoted to an equation record -- human review or a higher-quality source representation is required before this can be extracted as a structured equation (brief section VII).",UNRESOLVED
REVPDF-a8c0598702817d31,,PDF_TEXT_CANDIDATE_NOT_STRUCTURED,SRC-ARXIV-600935e8f211:page 7,i(u)ω(−u)2e2t + 2e2tω(u)ω(−u)ω′,"pypdf text extraction found a math-symbol-dense line; no reliable LaTeX/MathML recovery is possible from rendered PDF text alone, so this is NOT promoted to an equation record -- human review or a higher-quality source representation is required before this can be extracted as a structured equation (brief section VII).",UNRESOLVED
REVPDF-d78f4ba225e9f1eb,,PDF_TEXT_CANDIDATE_NOT_STRUCTURED,SRC-ARXIV-600935e8f211:page 7,i(u) + ω(u)2(ω′,"pypdf text extraction found a math-symbol-dense line; no reliable LaTeX/MathML recovery is possible from rendered PDF text alone, so this is NOT promoted to an equation record -- human review or a higher-quality source representation is required before this can be extracted as a structured equation (brief section VII).",UNRESOLVED
REVPDF-a2b52dc9bad961bf,,PDF_TEXT_CANDIDATE_NOT_STRUCTURED,SRC-ARXIV-600935e8f211:page 7,i(u) + ω′,"pypdf text extraction found a math-symbol-dense line; no reliable LaTeX/MathML recovery is possible from rendered PDF text alone, so this is NOT promoted to an equation record -- human review or a higher-quality source representation is required before this can be extracted as a structured equation (brief section VII).",UNRESOLVED
REVPDF-ac6723844fce20b4,,PDF_TEXT_CANDIDATE_NOT_STRUCTURED,SRC-ARXIV-600935e8f211:page 7,(ω(u) + ω(−u)e2t)2 =,"pypdf text extraction found a math-symbol-dense line; no reliable LaTeX/MathML recovery is possible from rendered PDF text alone, so this is NOT promoted to an equation record -- human review or a higher-quality source representation is required before this can be extracted as a structured equation (brief section VII).",UNRESOLVED
REVPDF-bb917268d6902e46,,PDF_TEXT_CANDIDATE_NOT_STRUCTURED,SRC-ARXIV-600935e8f211:page 7,2 ω(u),"pypdf text extraction found a math-symbol-dense line; no reliable LaTeX/MathML recovery is possible from rendered PDF text alone, so this is NOT promoted to an equation record -- human review or a higher-quality source representation is required before this can be extracted as a structured equation (brief section VII).",UNRESOLVED
REVPDF-8e858fc97101fca9,,PDF_TEXT_CANDIDATE_NOT_STRUCTURED,SRC-ARXIV-600935e8f211:page 7,ω(−u) + 1,"pypdf text extraction found a math-symbol-dense line; no reliable LaTeX/MathML recovery is possible from rendered PDF text alone, so this is NOT promoted to an equation record -- human review or a higher-quality source representation is required before this can be extracted as a structured equation (brief section VII).",UNRESOLVED
REVPDF-2b9f32fb21a18c70,,PDF_TEXT_CANDIDATE_NOT_STRUCTURED,SRC-ARXIV-600935e8f211:page 7,( ω(u),"pypdf text extraction found a math-symbol-dense line; no reliable LaTeX/MathML recovery is possible from rendered PDF text alone, so this is NOT promoted to an equation record -- human review or a higher-quality source representation is required before this can be extracted as a structured equation (brief section VII).",UNRESOLVED
REVPDF-77ebd9bc9a34e487,,PDF_TEXT_CANDIDATE_NOT_STRUCTURED,SRC-ARXIV-600935e8f211:page 7,ω(−u),"pypdf text extraction found a math-symbol-dense line; no reliable LaTeX/MathML recovery is possible from rendered PDF text alone, so this is NOT promoted to an equation record -- human review or a higher-quality source representation is required before this can be extracted as a structured equation (brief section VII).",UNRESOLVED
REVPDF-9082ecea0162b719,,PDF_TEXT_CANDIDATE_NOT_STRUCTURED,SRC-ARXIV-600935e8f211:page 7,"e−2t + ¯o(e−2t), t → ∞","pypdf text extraction found a math-symbol-dense line; no reliable LaTeX/MathML recovery is possible from rendered PDF text alone, so this is NOT promoted to an equation record -- human review or a higher-quality source representation is required before this can be extracted as a structured equation (brief section VII).",UNRESOLVED
REVPDF-dcd276e59b99cf91,,PDF_TEXT_CANDIDATE_NOT_STRUCTURED,SRC-ARXIV-600935e8f211:page 8,"cos ∠(um, N(m)) /greaterorequalslantω0","pypdf text extraction found a math-symbol-dense line; no reliable LaTeX/MathML recovery is possible from rendered PDF text alone, so this is NOT promoted to an equation record -- human review or a higher-quality source representation is required before this can be extracted as a structured equation (brief section VII).",UNRESOLVED
REVPDF-1e04a4cfea6e9b33,,PDF_TEXT_CANDIDATE_NOT_STRUCTURED,SRC-ARXIV-600935e8f211:page 8,kn = µn cos ϕ + dϕ,"pypdf text extraction found a math-symbol-dense line; no reliable LaTeX/MathML recovery is possible from rendered PDF text alone, so this is NOT promoted to an equation record -- human review or a higher-quality source representation is required before this can be extracted as a structured equation (brief section VII).",UNRESOLVED
REVPDF-3cb27c4d7cfd5cf4,,PDF_TEXT_CANDIDATE_NOT_STRUCTURED,SRC-ARXIV-600935e8f211:page 8,cos ϕ = kn,"pypdf text extraction found a math-symbol-dense line; no reliable LaTeX/MathML recovery is possible from rendered PDF text alone, so this is NOT promoted to an equation record -- human review or a higher-quality source representation is required before this can be extracted as a structured equation (brief section VII).",UNRESOLVED
REVPDF-d5b4d79f8c5a704c,,PDF_TEXT_CANDIDATE_NOT_STRUCTURED,SRC-ARXIV-600935e8f211:page 8,ω 0,"pypdf text extraction found a math-symbol-dense line; no reliable LaTeX/MathML recovery is possible from rendered PDF text alone, so this is NOT promoted to an equation record -- human review or a higher-quality source representation is required before this can be extracted as a structured equation (brief section VII).",UNRESOLVED
REVPDF-3cb27c4d7cfd5cf4,,PDF_TEXT_CANDIDATE_NOT_STRUCTURED,SRC-ARXIV-600935e8f211:page 8,cos ϕ = kn,"pypdf text extraction found a math-symbol-dense line; no reliable LaTeX/MathML recovery is possible from rendered PDF text alone, so this is NOT promoted to an equation record -- human review or a higher-quality source representation is required before this can be extracted as a structured equation (brief section VII).",UNRESOLVED
REVPDF-c21f14e5832c4202,,PDF_TEXT_CANDIDATE_NOT_STRUCTURED,SRC-ARXIV-600935e8f211:page 8,/greaterorequalslantω0,"pypdf text extraction found a math-symbol-dense line; no reliable LaTeX/MathML recovery is possible from rendered PDF text alone, so this is NOT promoted to an equation record -- human review or a higher-quality source representation is required before this can be extracted as a structured equation (brief section VII).",UNRESOLVED
REVPDF-7629b0e9ceda6e99,,PDF_TEXT_CANDIDATE_NOT_STRUCTURED,SRC-ARXIV-600935e8f211:page 9,p = ρt(ι(u)).,"pypdf text extraction found a math-symbol-dense line; no reliable LaTeX/MathML recovery is possible from rendered PDF text alone, so this is NOT promoted to an equation record -- human review or a higher-quality source representation is required before this can be extracted as a structured equation (brief section VII).",UNRESOLVED
REVPDF-bd8d9d5172a22f89,,PDF_TEXT_CANDIDATE_NOT_STRUCTURED,SRC-ARXIV-600935e8f211:page 9,z(x) = 1,"pypdf text extraction found a math-symbol-dense line; no reliable LaTeX/MathML recovery is possible from rendered PDF text alone, so this is NOT promoted to an equation record -- human review or a higher-quality source representation is required before this can be extracted as a structured equation (brief section VII).",UNRESOLVED
REVPDF-fda2efe0e8a0bf8b,,PDF_TEXT_CANDIDATE_NOT_STRUCTURED,SRC-ARXIV-600935e8f211:page 9,"2 kmx2 + ¯o(x2), x → 0","pypdf text extraction found a math-symbol-dense line; no reliable LaTeX/MathML recovery is possible from rendered PDF text alone, so this is NOT promoted to an equation record -- human review or a higher-quality source representation is required before this can be extracted as a structured equation (brief section VII).",UNRESOLVED
REVPDF-72eb3a59fbc50ede,,PDF_TEXT_CANDIDATE_NOT_STRUCTURED,SRC-ARXIV-600935e8f211:page 9,h = ||p − f ||.,"pypdf text extraction found a math-symbol-dense line; no reliable LaTeX/MathML recovery is possible from rendered PDF text alone, so this is NOT promoted to an equation record -- human review or a higher-quality source representation is required before this can be extracted as a structured equation (brief section VII).",UNRESOLVED
REVPDF-2ad25e2aa473d6ff,,PDF_TEXT_CANDIDATE_NOT_STRUCTURED,SRC-ARXIV-600935e8f211:page 10,δ(p) ⩽ ω(u),"pypdf text extraction found a math-symbol-dense line; no reliable LaTeX/MathML recovery is possible from rendered PDF text alone, so this is NOT promoted to an equation record -- human review or a higher-quality source representation is required before this can be extracted as a structured equation (brief section VII).",UNRESOLVED
REVPDF-3436e84c68e958ae,,PDF_TEXT_CANDIDATE_NOT_STRUCTURED,SRC-ARXIV-600935e8f211:page 10,( ω(u),"pypdf text extraction found a math-symbol-dense line; no reliable LaTeX/MathML recovery is possible from rendered PDF text alone, so this is NOT promoted to an equation record -- human review or a higher-quality source representation is required before this can be extracted as a structured equation (brief section VII).",UNRESOLVED
REVPDF-40485f0b233e5cba,,PDF_TEXT_CANDIDATE_NOT_STRUCTURED,SRC-ARXIV-600935e8f211:page 10,ω(−u) + 1,"pypdf text extraction found a math-symbol-dense line; no reliable LaTeX/MathML recovery is possible from rendered PDF text alone, so this is NOT promoted to an equation record -- human review or a higher-quality source representation is required before this can be extracted as a structured equation (brief section VII).",UNRESOLVED
REVPDF-a4d68518928e30a9,,PDF_TEXT_CANDIDATE_NOT_STRUCTURED,SRC-ARXIV-600935e8f211:page 10,"e−2t + ¯o(e−2t), t → ∞ (5)","pypdf text extraction found a math-symbol-dense line; no reliable LaTeX/MathML recovery is possible from rendered PDF text alone, so this is NOT promoted to an equation record -- human review or a higher-quality source representation is required before this can be extracted as a structured equation (brief section VII).",UNRESOLVED
REVPDF-84bb9748fc47d42d,,PDF_TEXT_CANDIDATE_NOT_STRUCTURED,SRC-ARXIV-600935e8f211:page 10,"Finally, using lemma 2 we obtain δ(p) /greaterorequalslantω 0","pypdf text extraction found a math-symbol-dense line; no reliable LaTeX/MathML recovery is possible from rendered PDF text alone, so this is NOT promoted to an equation record -- human review or a higher-quality source representation is required before this can be extracted as a structured equation (brief section VII).",UNRESOLVED
REVPDF-13eb40e7a1cafd5c,,PDF_TEXT_CANDIDATE_NOT_STRUCTURED,SRC-ARXIV-600935e8f211:page 10,R (ω(u) − ρt(u)),"pypdf text extraction found a math-symbol-dense line; no reliable LaTeX/MathML recovery is possible from rendered PDF text alone, so this is NOT promoted to an equation record -- human review or a higher-quality source representation is required before this can be extracted as a structured equation (brief section VII).",UNRESOLVED
REVPDF-f1406f86909ce002,,PDF_TEXT_CANDIDATE_NOT_STRUCTURED,SRC-ARXIV-600935e8f211:page 10,δ(p) /greaterorequalslantω0,"pypdf text extraction found a math-symbol-dense line; no reliable LaTeX/MathML recovery is possible from rendered PDF text alone, so this is NOT promoted to an equation record -- human review or a higher-quality source representation is required before this can be extracted as a structured equation (brief section VII).",UNRESOLVED
REVPDF-1cce4364f80cfd3f,,PDF_TEXT_CANDIDATE_NOT_STRUCTURED,SRC-ARXIV-600935e8f211:page 10,R ω(u),"pypdf text extraction found a math-symbol-dense line; no reliable LaTeX/MathML recovery is possible from rendered PDF text alone, so this is NOT promoted to an equation record -- human review or a higher-quality source representation is required before this can be extracted as a structured equation (brief section VII).",UNRESOLVED
REVPDF-3436e84c68e958ae,,PDF_TEXT_CANDIDATE_NOT_STRUCTURED,SRC-ARXIV-600935e8f211:page 10,( ω(u),"pypdf text extraction found a math-symbol-dense line; no reliable LaTeX/MathML recovery is possible from rendered PDF text alone, so this is NOT promoted to an equation record -- human review or a higher-quality source representation is required before this can be extracted as a structured equation (brief section VII).",UNRESOLVED
REVPDF-40485f0b233e5cba,,PDF_TEXT_CANDIDATE_NOT_STRUCTURED,SRC-ARXIV-600935e8f211:page 10,ω(−u) + 1,"pypdf text extraction found a math-symbol-dense line; no reliable LaTeX/MathML recovery is possible from rendered PDF text alone, so this is NOT promoted to an equation record -- human review or a higher-quality source representation is required before this can be extracted as a structured equation (brief section VII).",UNRESOLVED
REVPDF-1020e492bae20f5a,,PDF_TEXT_CANDIDATE_NOT_STRUCTURED,SRC-ARXIV-600935e8f211:page 10,"e−2t + ¯o(e−2t), t → ∞ (6)","pypdf text extraction found a math-symbol-dense line; no reliable LaTeX/MathML recovery is possible from rendered PDF text alone, so this is NOT promoted to an equation record -- human review or a higher-quality source representation is required before this can be extracted as a structured equation (brief section VII).",UNRESOLVED
REVPDF-0e95848e599ab5b5,,PDF_TEXT_CANDIDATE_NOT_STRUCTURED,SRC-ARXIV-600935e8f211:page 10,"x1, 2 = ±","pypdf text extraction found a math-symbol-dense line; no reliable LaTeX/MathML recovery is possible from rendered PDF text alone, so this is NOT promoted to an equation record -- human review or a higher-quality source representation is required before this can be extracted as a structured equation (brief section VII).",UNRESOLVED
REVPDF-bb9499379139a94b,,PDF_TEXT_CANDIDATE_NOT_STRUCTURED,SRC-ARXIV-600935e8f211:page 10,2δ(p),"pypdf text extraction found a math-symbol-dense line; no reliable LaTeX/MathML recovery is possible from rendered PDF text alone, so this is NOT promoted to an equation record -- human review or a higher-quality source representation is required before this can be extracted as a structured equation (brief section VII).",UNRESOLVED
REVPDF-f4dab3c3d620a4be,,PDF_TEXT_CANDIDATE_NOT_STRUCTURED,SRC-ARXIV-600935e8f211:page 10,+ ¯o(,"pypdf text extraction found a math-symbol-dense line; no reliable LaTeX/MathML recovery is possible from rendered PDF text alone, so this is NOT promoted to an equation record -- human review or a higher-quality source representation is required before this can be extracted as a structured equation (brief section VII).",UNRESOLVED
REVPDF-7d826ad0692d755e,,PDF_TEXT_CANDIDATE_NOT_STRUCTURED,SRC-ARXIV-600935e8f211:page 10,"δ(p)), δ(p) → 0","pypdf text extraction found a math-symbol-dense line; no reliable LaTeX/MathML recovery is possible from rendered PDF text alone, so this is NOT promoted to an equation record -- human review or a higher-quality source representation is required before this can be extracted as a structured equation (brief section VII).",UNRESOLVED
REVPDF-2933d9c47eac623d,,PDF_TEXT_CANDIDATE_NOT_STRUCTURED,SRC-ARXIV-600935e8f211:page 10,"z1, 2 = 1","pypdf text extraction found a math-symbol-dense line; no reliable LaTeX/MathML recovery is possible from rendered PDF text alone, so this is NOT promoted to an equation record -- human review or a higher-quality source representation is required before this can be extracted as a structured equation (brief section VII).",UNRESOLVED
REVPDF-3819723f1ab2c252,,PDF_TEXT_CANDIDATE_NOT_STRUCTURED,SRC-ARXIV-600935e8f211:page 10,"2 kmx2 + ¯o(x2)|x=x1, 2 = 1","pypdf text extraction found a math-symbol-dense line; no reliable LaTeX/MathML recovery is possible from rendered PDF text alone, so this is NOT promoted to an equation record -- human review or a higher-quality source representation is required before this can be extracted as a structured equation (brief section VII).",UNRESOLVED
REVPDF-c65ae98dc0b923e1,,PDF_TEXT_CANDIDATE_NOT_STRUCTURED,SRC-ARXIV-600935e8f211:page 10,"2 δ(p) + ¯o(δ(p)), δ(p) → 0","pypdf text extraction found a math-symbol-dense line; no reliable LaTeX/MathML recovery is possible from rendered PDF text alone, so this is NOT promoted to an equation record -- human review or a higher-quality source representation is required before this can be extracted as a structured equation (brief section VII).",UNRESOLVED
REVPDF-4715d049cfc7a102,,PDF_TEXT_CANDIDATE_NOT_STRUCTURED,SRC-ARXIV-600935e8f211:page 10,δ1 =,"pypdf text extraction found a math-symbol-dense line; no reliable LaTeX/MathML recovery is possible from rendered PDF text alone, so this is NOT promoted to an equation record -- human review or a higher-quality source representation is required before this can be extracted as a structured equation (brief section VII).",UNRESOLVED
REVPDF-a970df1b087c14e6,,PDF_TEXT_CANDIDATE_NOT_STRUCTURED,SRC-ARXIV-600935e8f211:page 10,1 + (z1 − δ(p))2 =,"pypdf text extraction found a math-symbol-dense line; no reliable LaTeX/MathML recovery is possible from rendered PDF text alone, so this is NOT promoted to an equation record -- human review or a higher-quality source representation is required before this can be extracted as a structured equation (brief section VII).",UNRESOLVED
REVPDF-bb9499379139a94b,,PDF_TEXT_CANDIDATE_NOT_STRUCTURED,SRC-ARXIV-600935e8f211:page 10,2δ(p),"pypdf text extraction found a math-symbol-dense line; no reliable LaTeX/MathML recovery is possible from rendered PDF text alone, so this is NOT promoted to an equation record -- human review or a higher-quality source representation is required before this can be extracted as a structured equation (brief section VII).",UNRESOLVED
REVPDF-2b70fd2f4a440dff,,PDF_TEXT_CANDIDATE_NOT_STRUCTURED,SRC-ARXIV-600935e8f211:page 10,"+ ¯o(δ(p)) = δ2, δ(p) → 0","pypdf text extraction found a math-symbol-dense line; no reliable LaTeX/MathML recovery is possible from rendered PDF text alone, so this is NOT promoted to an equation record -- human review or a higher-quality source representation is required before this can be extracted as a structured equation (brief section VII).",UNRESOLVED
REVPDF-d4cf71fa0c990bd4,,PDF_TEXT_CANDIDATE_NOT_STRUCTURED,SRC-ARXIV-a837b5dee25d:page 1,"j,k =1","pypdf text extraction found a math-symbol-dense line; no reliable LaTeX/MathML recovery is possible from rendered PDF text alone, so this is NOT promoted to an equation record -- human review or a higher-quality source representation is required before this can be extracted as a structured equation (brief section VII).",UNRESOLVED
REVPDF-a4be416a1b6568dc,,PDF_TEXT_CANDIDATE_NOT_STRUCTURED,SRC-ARXIV-a837b5dee25d:page 1,(0.2) νu =,"pypdf text extraction found a math-symbol-dense line; no reliable LaTeX/MathML recovery is possible from rendered PDF text alone, so this is NOT promoted to an equation record -- human review or a higher-quality source representation is required before this can be extracted as a structured equation (brief section VII).",UNRESOLVED
REVPDF-d4cf71fa0c990bd4,,PDF_TEXT_CANDIDATE_NOT_STRUCTURED,SRC-ARXIV-a837b5dee25d:page 1,"j,k =1","pypdf text extraction found a math-symbol-dense line; no reliable LaTeX/MathML recovery is possible from rendered PDF text alone, so this is NOT promoted to an equation record -- human review or a higher-quality source representation is required before this can be extracted as a structured equation (brief section VII).",UNRESOLVED
REVPDF-0c18653bfa1ef9e3,,PDF_TEXT_CANDIDATE_NOT_STRUCTURED,SRC-ARXIV-a837b5dee25d:page 1,"njγ0(ajk∂ku),","pypdf text extraction found a math-symbol-dense line; no reliable LaTeX/MathML recovery is possible from rendered PDF text alone, so this is NOT promoted to an equation record -- human review or a higher-quality source representation is required before this can be extracted as a structured equation (brief section VII).",UNRESOLVED
REVPDF-47bf854e5f7f297e,,PDF_TEXT_CANDIDATE_NOT_STRUCTURED,SRC-ARXIV-a837b5dee25d:page 2,(0.5) sj(G)jt/ (n−1) →c(g0) for j → ∞;,"pypdf text extraction found a math-symbol-dense line; no reliable LaTeX/MathML recovery is possible from rendered PDF text alone, so this is NOT promoted to an equation record -- human review or a higher-quality source representation is required before this can be extracted as a structured equation (brief section VII).",UNRESOLVED
REVPDF-0ad52ef8da089fc3,,PDF_TEXT_CANDIDATE_NOT_STRUCTURED,SRC-ARXIV-a837b5dee25d:page 2,νu = γ1u = ∑,"pypdf text extraction found a math-symbol-dense line; no reliable LaTeX/MathML recovery is possible from rendered PDF text alone, so this is NOT promoted to an equation record -- human review or a higher-quality source representation is required before this can be extracted as a structured equation (brief section VII).",UNRESOLVED
REVPDF-fb0c392d52fe295d,,PDF_TEXT_CANDIDATE_NOT_STRUCTURED,SRC-ARXIV-a837b5dee25d:page 3,L∞(∂Ω) (Theorem 2.4).,"pypdf text extraction found a math-symbol-dense line; no reliable LaTeX/MathML recovery is possible from rendered PDF text alone, so this is NOT promoted to an equation record -- human review or a higher-quality source representation is required before this can be extracted as a structured equation (brief section VII).",UNRESOLVED
REVPDF-1be5b46b43091dd2,,PDF_TEXT_CANDIDATE_NOT_STRUCTURED,SRC-ARXIV-a837b5dee25d:page 4,"j,k =1","pypdf text extraction found a math-symbol-dense line; no reliable LaTeX/MathML recovery is possible from rendered PDF text alone, so this is NOT promoted to an equation record -- human review or a higher-quality source representation is required before this can be extracted as a structured equation (brief section VII).",UNRESOLVED
REVPDF-3b98bb23fbe40a79,,PDF_TEXT_CANDIDATE_NOT_STRUCTURED,SRC-ARXIV-a837b5dee25d:page 4,"(1.3) ab(u,v ) = a(u,v ) + (bγ0u,γ 0v)L2(Σ).","pypdf text extraction found a math-symbol-dense line; no reliable LaTeX/MathML recovery is possible from rendered PDF text alone, so this is NOT promoted to an equation record -- human review or a higher-quality source representation is required before this can be extracted as a structured equation (brief section VII).",UNRESOLVED
REVPDF-ad457bd9b21ec241,,PDF_TEXT_CANDIDATE_NOT_STRUCTURED,SRC-ARXIV-a837b5dee25d:page 4,Since ‖γ0u‖2,"pypdf text extraction found a math-symbol-dense line; no reliable LaTeX/MathML recovery is possible from rendered PDF text alone, so this is NOT promoted to an equation record -- human review or a higher-quality source representation is required before this can be extracted as a structured equation (brief section VII).",UNRESOLVED
REVPDF-dbea5d2466e424f8,,PDF_TEXT_CANDIDATE_NOT_STRUCTURED,SRC-ARXIV-a837b5dee25d:page 4,L2(Σ) ≤c′‖u‖2,"pypdf text extraction found a math-symbol-dense line; no reliable LaTeX/MathML recovery is possible from rendered PDF text alone, so this is NOT promoted to an equation record -- human review or a higher-quality source representation is required before this can be extracted as a structured equation (brief section VII).",UNRESOLVED
REVPDF-e0c92319a9aaf35f,,PDF_TEXT_CANDIDATE_NOT_STRUCTURED,SRC-ARXIV-a837b5dee25d:page 4,≤ε‖u‖2,"pypdf text extraction found a math-symbol-dense line; no reliable LaTeX/MathML recovery is possible from rendered PDF text alone, so this is NOT promoted to an equation record -- human review or a higher-quality source representation is required before this can be extracted as a structured equation (brief section VII).",UNRESOLVED
REVPDF-6080fe1a204422f3,,PDF_TEXT_CANDIDATE_NOT_STRUCTURED,SRC-ARXIV-a837b5dee25d:page 4,1 +C(ε)‖u‖2,"pypdf text extraction found a math-symbol-dense line; no reliable LaTeX/MathML recovery is possible from rendered PDF text alone, so this is NOT promoted to an equation record -- human review or a higher-quality source representation is required before this can be extracted as a structured equation (brief section VII).",UNRESOLVED
REVPDF-e8f30b6e986eac05,,PDF_TEXT_CANDIDATE_NOT_STRUCTURED,SRC-ARXIV-a837b5dee25d:page 4,"(1.4) Re ab(u,u ) ≥c1‖u‖2","pypdf text extraction found a math-symbol-dense line; no reliable LaTeX/MathML recovery is possible from rendered PDF text alone, so this is NOT promoted to an equation record -- human review or a higher-quality source representation is required before this can be extracted as a structured equation (brief section VII).",UNRESOLVED
REVPDF-3e34ee3a3ccdc7bc,,PDF_TEXT_CANDIDATE_NOT_STRUCTURED,SRC-ARXIV-a837b5dee25d:page 4,"(1.5) D( ~A) = {u ∈H 1(Ω) ∩D(Amax) | (Au,v ) = ab(u,v ) for all v ∈H 1(Ω) }.","pypdf text extraction found a math-symbol-dense line; no reliable LaTeX/MathML recovery is possible from rendered PDF text alone, so this is NOT promoted to an equation record -- human review or a higher-quality source representation is required before this can be extracted as a structured equation (brief section VII).",UNRESOLVED
REVPDF-39e4fdd5654f77de,,PDF_TEXT_CANDIDATE_NOT_STRUCTURED,SRC-ARXIV-a837b5dee25d:page 4,"b (u,v ) =","pypdf text extraction found a math-symbol-dense line; no reliable LaTeX/MathML recovery is possible from rendered PDF text alone, so this is NOT promoted to an equation record -- human review or a higher-quality source representation is required before this can be extracted as a structured equation (brief section VII).",UNRESOLVED
REVPDF-36a5ebef58c8f031,,PDF_TEXT_CANDIDATE_NOT_STRUCTURED,SRC-ARXIV-a837b5dee25d:page 4,"a(v,u ) + (bγ0u,γ 0v)L2(Σ).","pypdf text extraction found a math-symbol-dense line; no reliable LaTeX/MathML recovery is possible from rendered PDF text alone, so this is NOT promoted to an equation record -- human review or a higher-quality source representation is required before this can be extracted as a structured equation (brief section VII).",UNRESOLVED
REVPDF-1dc27f90b6c98044,,PDF_TEXT_CANDIDATE_NOT_STRUCTURED,SRC-ARXIV-a837b5dee25d:page 4,"(1.7) Mθ,α,k 1 = {z ∈ C | | Imz| ≤ θ(Rez +α), Rez ≥ −k1}.","pypdf text extraction found a math-symbol-dense line; no reliable LaTeX/MathML recovery is possible from rendered PDF text alone, so this is NOT promoted to an equation record -- human review or a higher-quality source representation is required before this can be extracted as a structured equation (brief section VII).",UNRESOLVED
REVPDF-233738832e0abc83,,PDF_TEXT_CANDIDATE_NOT_STRUCTURED,SRC-ARXIV-a837b5dee25d:page 4,"| Imab(u,u )| = | Im(bγ0u,γ 0u)| ≤ K(ε‖u‖2","pypdf text extraction found a math-symbol-dense line; no reliable LaTeX/MathML recovery is possible from rendered PDF text alone, so this is NOT promoted to an equation record -- human review or a higher-quality source representation is required before this can be extracted as a structured equation (brief section VII).",UNRESOLVED
REVPDF-6080fe1a204422f3,,PDF_TEXT_CANDIDATE_NOT_STRUCTURED,SRC-ARXIV-a837b5dee25d:page 4,1 +C(ε)‖u‖2,"pypdf text extraction found a math-symbol-dense line; no reliable LaTeX/MathML recovery is possible from rendered PDF text alone, so this is NOT promoted to an equation record -- human review or a higher-quality source representation is required before this can be extracted as a structured equation (brief section VII).",UNRESOLVED
REVPDF-6b3c904e97e42e0b,,PDF_TEXT_CANDIDATE_NOT_STRUCTURED,SRC-ARXIV-a837b5dee25d:page 4,≤Kεc−1,"pypdf text extraction found a math-symbol-dense line; no reliable LaTeX/MathML recovery is possible from rendered PDF text alone, so this is NOT promoted to an equation record -- human review or a higher-quality source representation is required before this can be extracted as a structured equation (brief section VII).",UNRESOLVED
REVPDF-71ddb302a973222b,,PDF_TEXT_CANDIDATE_NOT_STRUCTURED,SRC-ARXIV-a837b5dee25d:page 4,"1 (Reab(u,u ) +k1‖u‖2","pypdf text extraction found a math-symbol-dense line; no reliable LaTeX/MathML recovery is possible from rendered PDF text alone, so this is NOT promoted to an equation record -- human review or a higher-quality source representation is required before this can be extracted as a structured equation (brief section VII).",UNRESOLVED
REVPDF-a05649fd9b7a9183,,PDF_TEXT_CANDIDATE_NOT_STRUCTURED,SRC-ARXIV-a837b5dee25d:page 4,0) +KC (ε)‖u‖2,"pypdf text extraction found a math-symbol-dense line; no reliable LaTeX/MathML recovery is possible from rendered PDF text alone, so this is NOT promoted to an equation record -- human review or a higher-quality source representation is required before this can be extracted as a structured equation (brief section VII).",UNRESOLVED
REVPDF-f605f6c19296dcd8,,PDF_TEXT_CANDIDATE_NOT_STRUCTURED,SRC-ARXIV-a837b5dee25d:page 4,=Kεc−1,"pypdf text extraction found a math-symbol-dense line; no reliable LaTeX/MathML recovery is possible from rendered PDF text alone, so this is NOT promoted to an equation record -- human review or a higher-quality source representation is required before this can be extracted as a structured equation (brief section VII).",UNRESOLVED
REVPDF-5e5716b32446a1cd,,PDF_TEXT_CANDIDATE_NOT_STRUCTURED,SRC-ARXIV-a837b5dee25d:page 4,"1 Reab(u,u ) + (Kεc−1","pypdf text extraction found a math-symbol-dense line; no reliable LaTeX/MathML recovery is possible from rendered PDF text alone, so this is NOT promoted to an equation record -- human review or a higher-quality source representation is required before this can be extracted as a structured equation (brief section VII).",UNRESOLVED
REVPDF-e4b8c4bd502f3b76,,PDF_TEXT_CANDIDATE_NOT_STRUCTURED,SRC-ARXIV-a837b5dee25d:page 4,1 k1 +KC (ε))‖u‖2,"pypdf text extraction found a math-symbol-dense line; no reliable LaTeX/MathML recovery is possible from rendered PDF text alone, so this is NOT promoted to an equation record -- human review or a higher-quality source representation is required before this can be extracted as a structured equation (brief section VII).",UNRESOLVED
REVPDF-4460047176d48c30,,PDF_TEXT_CANDIDATE_NOT_STRUCTURED,SRC-ARXIV-a837b5dee25d:page 5,where θ = Kεc−1,"pypdf text extraction found a math-symbol-dense line; no reliable LaTeX/MathML recovery is possible from rendered PDF text alone, so this is NOT promoted to an equation record -- human review or a higher-quality source representation is required before this can be extracted as a structured equation (brief section VII).",UNRESOLVED
REVPDF-66d8f21dfa88668a,,PDF_TEXT_CANDIDATE_NOT_STRUCTURED,SRC-ARXIV-a837b5dee25d:page 5,"(1.8) ( Au,v ) −a(u,v ) = (νu,γ 0v)L2(Σ),","pypdf text extraction found a math-symbol-dense line; no reliable LaTeX/MathML recovery is possible from rendered PDF text alone, so this is NOT promoted to an equation record -- human review or a higher-quality source representation is required before this can be extracted as a structured equation (brief section VII).",UNRESOLVED
REVPDF-03a6e5b56cca4ed5,,PDF_TEXT_CANDIDATE_NOT_STRUCTURED,SRC-ARXIV-a837b5dee25d:page 5,2 (Σ). Then,"pypdf text extraction found a math-symbol-dense line; no reliable LaTeX/MathML recovery is possible from rendered PDF text alone, so this is NOT promoted to an equation record -- human review or a higher-quality source representation is required before this can be extracted as a structured equation (brief section VII).",UNRESOLVED
REVPDF-9d4af11bc9e4aeba,,PDF_TEXT_CANDIDATE_NOT_STRUCTURED,SRC-ARXIV-a837b5dee25d:page 5,"(1.9) ( Au,v ) −ab(u,v ) = (νu,γ 0v)H− 1","pypdf text extraction found a math-symbol-dense line; no reliable LaTeX/MathML recovery is possible from rendered PDF text alone, so this is NOT promoted to an equation record -- human review or a higher-quality source representation is required before this can be extracted as a structured equation (brief section VII).",UNRESOLVED
REVPDF-578b4beb5298868f,,PDF_TEXT_CANDIDATE_NOT_STRUCTURED,SRC-ARXIV-a837b5dee25d:page 5,"2 (Σ) ,H","pypdf text extraction found a math-symbol-dense line; no reliable LaTeX/MathML recovery is possible from rendered PDF text alone, so this is NOT promoted to an equation record -- human review or a higher-quality source representation is required before this can be extracted as a structured equation (brief section VII).",UNRESOLVED
REVPDF-22980ecf2c4b57e9,,PDF_TEXT_CANDIDATE_NOT_STRUCTURED,SRC-ARXIV-a837b5dee25d:page 5,"2 (Σ) − (bγ0u,γ 0u)L2(Σ),","pypdf text extraction found a math-symbol-dense line; no reliable LaTeX/MathML recovery is possible from rendered PDF text alone, so this is NOT promoted to an equation record -- human review or a higher-quality source representation is required before this can be extracted as a structured equation (brief section VII).",UNRESOLVED
REVPDF-df43cc69378bd9ba,,PDF_TEXT_CANDIDATE_NOT_STRUCTURED,SRC-ARXIV-a837b5dee25d:page 5,"2 (Σ) },","pypdf text extraction found a math-symbol-dense line; no reliable LaTeX/MathML recovery is possible from rendered PDF text alone, so this is NOT promoted to an equation record -- human review or a higher-quality source representation is required before this can be extracted as a structured equation (brief section VII).",UNRESOLVED
REVPDF-21c770b020172916,,PDF_TEXT_CANDIDATE_NOT_STRUCTURED,SRC-ARXIV-a837b5dee25d:page 5,representing the Robin condition νu −bγ0u = 0.,"pypdf text extraction found a math-symbol-dense line; no reliable LaTeX/MathML recovery is possible from rendered PDF text alone, so this is NOT promoted to an equation record -- human review or a higher-quality source representation is required before this can be extracted as a structured equation (brief section VII).",UNRESOLVED
REVPDF-0e82bdd6db8b16ce,,PDF_TEXT_CANDIDATE_NOT_STRUCTURED,SRC-ARXIV-a837b5dee25d:page 5,"Proof. When u ∈ D( ~A), then u ∈ H 1(Ω) implies γ0u ∈ H","pypdf text extraction found a math-symbol-dense line; no reliable LaTeX/MathML recovery is possible from rendered PDF text alone, so this is NOT promoted to an equation record -- human review or a higher-quality source representation is required before this can be extracted as a structured equation (brief section VII).",UNRESOLVED
REVPDF-ba0379ee39302211,,PDF_TEXT_CANDIDATE_NOT_STRUCTURED,SRC-ARXIV-a837b5dee25d:page 5,2 (Σ) ⊂ L2(Σ). Multiplication,"pypdf text extraction found a math-symbol-dense line; no reliable LaTeX/MathML recovery is possible from rendered PDF text alone, so this is NOT promoted to an equation record -- human review or a higher-quality source representation is required before this can be extracted as a structured equation (brief section VII).",UNRESOLVED
REVPDF-273e2696c9584634,,PDF_TEXT_CANDIDATE_NOT_STRUCTURED,SRC-ARXIV-a837b5dee25d:page 5,"p (Σ) with r> (n − 1)/p,p ≥ 2, then","pypdf text extraction found a math-symbol-dense line; no reliable LaTeX/MathML recovery is possible from rendered PDF text alone, so this is NOT promoted to an equation record -- human review or a higher-quality source representation is required before this can be extracted as a structured equation (brief section VII).",UNRESOLVED
REVPDF-bfc15ab8c659d4e2,,PDF_TEXT_CANDIDATE_NOT_STRUCTURED,SRC-ARXIV-a837b5dee25d:page 5,(1.10) Cr+2δ(Σ)֒→Br+δ,"pypdf text extraction found a math-symbol-dense line; no reliable LaTeX/MathML recovery is possible from rendered PDF text alone, so this is NOT promoted to an equation record -- human review or a higher-quality source representation is required before this can be extracted as a structured equation (brief section VII).",UNRESOLVED
REVPDF-ed1dc81d31d781bd,,PDF_TEXT_CANDIDATE_NOT_STRUCTURED,SRC-ARXIV-a837b5dee25d:page 5,"∞, 2(Σ)֒→Br+δ","pypdf text extraction found a math-symbol-dense line; no reliable LaTeX/MathML recovery is possible from rendered PDF text alone, so this is NOT promoted to an equation record -- human review or a higher-quality source representation is required before this can be extracted as a structured equation (brief section VII).",UNRESOLVED
REVPDF-e45b86c6375f7200,,PDF_TEXT_CANDIDATE_NOT_STRUCTURED,SRC-ARXIV-a837b5dee25d:page 5,"p, 2 (Σ)֒→H r","pypdf text extraction found a math-symbol-dense line; no reliable LaTeX/MathML recovery is possible from rendered PDF text alone, so this is NOT promoted to an equation record -- human review or a higher-quality source representation is required before this can be extracted as a structured equation (brief section VII).",UNRESOLVED
REVPDF-5bef4b69c4467cdb,,PDF_TEXT_CANDIDATE_NOT_STRUCTURED,SRC-ARXIV-a837b5dee25d:page 5,"p (Σ), anyδ >0,","pypdf text extraction found a math-symbol-dense line; no reliable LaTeX/MathML recovery is possible from rendered PDF text alone, so this is NOT promoted to an equation record -- human review or a higher-quality source representation is required before this can be extracted as a structured equation (brief section VII).",UNRESOLVED
REVPDF-8e75afd51805492c,,PDF_TEXT_CANDIDATE_NOT_STRUCTURED,SRC-ARXIV-a837b5dee25d:page 6,1◦ Let b ∈ H r,"pypdf text extraction found a math-symbol-dense line; no reliable LaTeX/MathML recovery is possible from rendered PDF text alone, so this is NOT promoted to an equation record -- human review or a higher-quality source representation is required before this can be extracted as a structured equation (brief section VII).",UNRESOLVED
REVPDF-c6e2acfcfd7ff5d5,,PDF_TEXT_CANDIDATE_NOT_STRUCTURED,SRC-ARXIV-a837b5dee25d:page 6,2 +r(Ω) if r <1,"pypdf text extraction found a math-symbol-dense line; no reliable LaTeX/MathML recovery is possible from rendered PDF text alone, so this is NOT promoted to an equation record -- human review or a higher-quality source representation is required before this can be extracted as a structured equation (brief section VII).",UNRESOLVED
REVPDF-3c91d3a9630debb3,,PDF_TEXT_CANDIDATE_NOT_STRUCTURED,SRC-ARXIV-a837b5dee25d:page 6,2 +r(Ω) if,"pypdf text extraction found a math-symbol-dense line; no reliable LaTeX/MathML recovery is possible from rendered PDF text alone, so this is NOT promoted to an equation record -- human review or a higher-quality source representation is required before this can be extracted as a structured equation (brief section VII).",UNRESOLVED
REVPDF-0afe102f9932074f,,PDF_TEXT_CANDIDATE_NOT_STRUCTURED,SRC-ARXIV-a837b5dee25d:page 6,"Proof. As already noted, u ∈H 1(Ω) implies γ0u ∈H","pypdf text extraction found a math-symbol-dense line; no reliable LaTeX/MathML recovery is possible from rendered PDF text alone, so this is NOT promoted to an equation record -- human review or a higher-quality source representation is required before this can be extracted as a structured equation (brief section VII).",UNRESOLVED
REVPDF-4417e400d9dbe628,,PDF_TEXT_CANDIDATE_NOT_STRUCTURED,SRC-ARXIV-a837b5dee25d:page 6,"by b preserves H s(Σ) for |s| ≤ r, so bγ0u ∈ H min{r, 1","pypdf text extraction found a math-symbol-dense line; no reliable LaTeX/MathML recovery is possible from rendered PDF text alone, so this is NOT promoted to an equation record -- human review or a higher-quality source representation is required before this can be extracted as a structured equation (brief section VII).",UNRESOLVED
REVPDF-5bdb4733a3630c1b,,PDF_TEXT_CANDIDATE_NOT_STRUCTURED,SRC-ARXIV-a837b5dee25d:page 6,2 }(Σ) imply u ∈H,"pypdf text extraction found a math-symbol-dense line; no reliable LaTeX/MathML recovery is possible from rendered PDF text alone, so this is NOT promoted to an equation record -- human review or a higher-quality source representation is required before this can be extracted as a structured equation (brief section VII).",UNRESOLVED
REVPDF-b9f156ac18c31b64,,PDF_TEXT_CANDIDATE_NOT_STRUCTURED,SRC-ARXIV-a837b5dee25d:page 6,2 +r(Ω) if r< 1,"pypdf text extraction found a math-symbol-dense line; no reliable LaTeX/MathML recovery is possible from rendered PDF text alone, so this is NOT promoted to an equation record -- human review or a higher-quality source representation is required before this can be extracted as a structured equation (brief section VII).",UNRESOLVED
REVPDF-b047b68f82e3dc17,,PDF_TEXT_CANDIDATE_NOT_STRUCTURED,SRC-ARXIV-a837b5dee25d:page 6,u ∈H 2(Ω) if r ≥ 1,"pypdf text extraction found a math-symbol-dense line; no reliable LaTeX/MathML recovery is possible from rendered PDF text alone, so this is NOT promoted to an equation record -- human review or a higher-quality source representation is required before this can be extracted as a structured equation (brief section VII).",UNRESOLVED
REVPDF-200a387d07a675ae,,PDF_TEXT_CANDIDATE_NOT_STRUCTURED,SRC-ARXIV-a837b5dee25d:page 6,"j=1bj1Σ j , multiplication by b maps H r(Σ) into itself if","pypdf text extraction found a math-symbol-dense line; no reliable LaTeX/MathML recovery is possible from rendered PDF text alone, so this is NOT promoted to an equation record -- human review or a higher-quality source representation is required before this can be extracted as a structured equation (brief section VII).",UNRESOLVED
REVPDF-761cbdfcb0725587,,PDF_TEXT_CANDIDATE_NOT_STRUCTURED,SRC-ARXIV-a837b5dee25d:page 6,"2 −ε, any ε >0, if r ≥ 1","pypdf text extraction found a math-symbol-dense line; no reliable LaTeX/MathML recovery is possible from rendered PDF text alone, so this is NOT promoted to an equation record -- human review or a higher-quality source representation is required before this can be extracted as a structured equation (brief section VII).",UNRESOLVED
REVPDF-b9f156ac18c31b64,,PDF_TEXT_CANDIDATE_NOT_STRUCTURED,SRC-ARXIV-a837b5dee25d:page 6,2 +r(Ω) if r< 1,"pypdf text extraction found a math-symbol-dense line; no reliable LaTeX/MathML recovery is possible from rendered PDF text alone, so this is NOT promoted to an equation record -- human review or a higher-quality source representation is required before this can be extracted as a structured equation (brief section VII).",UNRESOLVED
REVPDF-70ef859e12c3161f,,PDF_TEXT_CANDIDATE_NOT_STRUCTURED,SRC-ARXIV-a837b5dee25d:page 6,"2 , u ∈H 2−ε(Ω) if r ≥ 1","pypdf text extraction found a math-symbol-dense line; no reliable LaTeX/MathML recovery is possible from rendered PDF text alone, so this is NOT promoted to an equation record -- human review or a higher-quality source representation is required before this can be extracted as a structured equation (brief section VII).",UNRESOLVED
REVPDF-345d4e69c0c87076,,PDF_TEXT_CANDIDATE_NOT_STRUCTURED,SRC-ARXIV-a837b5dee25d:page 6,"2 (Σ). Here X =γ0V ,","pypdf text extraction found a math-symbol-dense line; no reliable LaTeX/MathML recovery is possible from rendered PDF text alone, so this is NOT promoted to an equation record -- human review or a higher-quality source representation is required before this can be extracted as a structured equation (brief section VII).",UNRESOLVED
REVPDF-672e124863cc37a9,,PDF_TEXT_CANDIDATE_NOT_STRUCTURED,SRC-ARXIV-a837b5dee25d:page 6,2 (Σ) .,"pypdf text extraction found a math-symbol-dense line; no reliable LaTeX/MathML recovery is possible from rendered PDF text alone, so this is NOT promoted to an equation record -- human review or a higher-quality source representation is required before this can be extracted as a structured equation (brief section VII).",UNRESOLVED
REVPDF-004896e9cd005f43,,PDF_TEXT_CANDIDATE_NOT_STRUCTURED,SRC-ARXIV-a837b5dee25d:page 6,"γ0u ∈D(L), Γu =Lγ0u;","pypdf text extraction found a math-symbol-dense line; no reliable LaTeX/MathML recovery is possible from rendered PDF text alone, so this is NOT promoted to an equation record -- human review or a higher-quality source representation is required before this can be extracted as a structured equation (brief section VII).",UNRESOLVED
REVPDF-1d4e230b91281bf5,,PDF_TEXT_CANDIDATE_NOT_STRUCTURED,SRC-ARXIV-a837b5dee25d:page 6,where Γu =νu −P 0,"pypdf text extraction found a math-symbol-dense line; no reliable LaTeX/MathML recovery is possible from rendered PDF text alone, so this is NOT promoted to an equation record -- human review or a higher-quality source representation is required before this can be extracted as a structured equation (brief section VII).",UNRESOLVED
REVPDF-6ef69badbd11f8a1,,PDF_TEXT_CANDIDATE_NOT_STRUCTURED,SRC-ARXIV-a837b5dee25d:page 6,"γ,ν γ0u, so Lγ0u =νu −P 0","pypdf text extraction found a math-symbol-dense line; no reliable LaTeX/MathML recovery is possible from rendered PDF text alone, so this is NOT promoted to an equation record -- human review or a higher-quality source representation is required before this can be extracted as a structured equation (brief section VII).",UNRESOLVED
REVPDF-845c4c65b9892de4,,PDF_TEXT_CANDIDATE_NOT_STRUCTURED,SRC-ARXIV-a837b5dee25d:page 6,Lϕ = (b −P 0,"pypdf text extraction found a math-symbol-dense line; no reliable LaTeX/MathML recovery is possible from rendered PDF text alone, so this is NOT promoted to an equation record -- human review or a higher-quality source representation is required before this can be extracted as a structured equation (brief section VII).",UNRESOLVED
REVPDF-107842066f7f9cf0,,PDF_TEXT_CANDIDATE_NOT_STRUCTURED,SRC-ARXIV-a837b5dee25d:page 6,"γ,ν )ϕ.","pypdf text extraction found a math-symbol-dense line; no reliable LaTeX/MathML recovery is possible from rendered PDF text alone, so this is NOT promoted to an equation record -- human review or a higher-quality source representation is required before this can be extracted as a structured equation (brief section VII).",UNRESOLVED
REVPDF-c12dd49f75a197be,,PDF_TEXT_CANDIDATE_NOT_STRUCTURED,SRC-ARXIV-a837b5dee25d:page 7,Lλ acts like b −P λ,"pypdf text extraction found a math-symbol-dense line; no reliable LaTeX/MathML recovery is possible from rendered PDF text alone, so this is NOT promoted to an equation record -- human review or a higher-quality source representation is required before this can be extracted as a structured equation (brief section VII).",UNRESOLVED
REVPDF-fc3810d6df74bc05,,PDF_TEXT_CANDIDATE_NOT_STRUCTURED,SRC-ARXIV-a837b5dee25d:page 7,γ (Lλ )−1(K,"pypdf text extraction found a math-symbol-dense line; no reliable LaTeX/MathML recovery is possible from rendered PDF text alone, so this is NOT promoted to an equation record -- human review or a higher-quality source representation is required before this can be extracted as a structured equation (brief section VII).",UNRESOLVED
REVPDF-c09cc2e2934d5978,,PDF_TEXT_CANDIDATE_NOT_STRUCTURED,SRC-ARXIV-a837b5dee25d:page 7,γ )∗.,"pypdf text extraction found a math-symbol-dense line; no reliable LaTeX/MathML recovery is possible from rendered PDF text alone, so this is NOT promoted to an equation record -- human review or a higher-quality source representation is required before this can be extracted as a structured equation (brief section VII).",UNRESOLVED
REVPDF-89f3881a651eb8cf,,PDF_TEXT_CANDIDATE_NOT_STRUCTURED,SRC-ARXIV-a837b5dee25d:page 7,Here K λ,"pypdf text extraction found a math-symbol-dense line; no reliable LaTeX/MathML recovery is possible from rendered PDF text alone, so this is NOT promoted to an equation record -- human review or a higher-quality source representation is required before this can be extracted as a structured equation (brief section VII).",UNRESOLVED
REVPDF-ce9ac28ad679851d,,PDF_TEXT_CANDIDATE_NOT_STRUCTURED,SRC-ARXIV-a837b5dee25d:page 7,K λ,"pypdf text extraction found a math-symbol-dense line; no reliable LaTeX/MathML recovery is possible from rendered PDF text alone, so this is NOT promoted to an equation record -- human review or a higher-quality source representation is required before this can be extracted as a structured equation (brief section VII).",UNRESOLVED
REVPDF-d8b3da69164f8e85,,PDF_TEXT_CANDIDATE_NOT_STRUCTURED,SRC-ARXIV-a837b5dee25d:page 7,γ )∗ maps e.g. L2(Ω),"pypdf text extraction found a math-symbol-dense line; no reliable LaTeX/MathML recovery is possible from rendered PDF text alone, so this is NOT promoted to an equation record -- human review or a higher-quality source representation is required before this can be extracted as a structured equation (brief section VII).",UNRESOLVED
REVPDF-e53a968efa32271d,,PDF_TEXT_CANDIDATE_NOT_STRUCTURED,SRC-ARXIV-a837b5dee25d:page 7,2 (Σ).,"pypdf text extraction found a math-symbol-dense line; no reliable LaTeX/MathML recovery is possible from rendered PDF text alone, so this is NOT promoted to an equation record -- human review or a higher-quality source representation is required before this can be extracted as a structured equation (brief section VII).",UNRESOLVED
REVPDF-b2a4a7b97fbd09c8,,PDF_TEXT_CANDIDATE_NOT_STRUCTURED,SRC-ARXIV-a837b5dee25d:page 7,"γ,ν = νK λ","pypdf text extraction found a math-symbol-dense line; no reliable LaTeX/MathML recovery is possible from rendered PDF text alone, so this is NOT promoted to an equation record -- human review or a higher-quality source representation is required before this can be extracted as a structured equation (brief section VII).",UNRESOLVED
REVPDF-34607b02c3f3da01,,PDF_TEXT_CANDIDATE_NOT_STRUCTURED,SRC-ARXIV-a837b5dee25d:page 7,(1.12) Lλϕ = (b −P λ,"pypdf text extraction found a math-symbol-dense line; no reliable LaTeX/MathML recovery is possible from rendered PDF text alone, so this is NOT promoted to an equation record -- human review or a higher-quality source representation is required before this can be extracted as a structured equation (brief section VII).",UNRESOLVED
REVPDF-c021faa7795337d4,,PDF_TEXT_CANDIDATE_NOT_STRUCTURED,SRC-ARXIV-a837b5dee25d:page 7,"γ,ν )ϕ = (bP λ","pypdf text extraction found a math-symbol-dense line; no reliable LaTeX/MathML recovery is possible from rendered PDF text alone, so this is NOT promoted to an equation record -- human review or a higher-quality source representation is required before this can be extracted as a structured equation (brief section VII).",UNRESOLVED
REVPDF-1824f50ee1d2e879,,PDF_TEXT_CANDIDATE_NOT_STRUCTURED,SRC-ARXIV-a837b5dee25d:page 7,"ν,γ − 1)P λ","pypdf text extraction found a math-symbol-dense line; no reliable LaTeX/MathML recovery is possible from rendered PDF text alone, so this is NOT promoted to an equation record -- human review or a higher-quality source representation is required before this can be extracted as a structured equation (brief section VII).",UNRESOLVED
REVPDF-28a2fd581c5ab563,,PDF_TEXT_CANDIDATE_NOT_STRUCTURED,SRC-ARXIV-a837b5dee25d:page 7,Since P λ,"pypdf text extraction found a math-symbol-dense line; no reliable LaTeX/MathML recovery is possible from rendered PDF text alone, so this is NOT promoted to an equation record -- human review or a higher-quality source representation is required before this can be extracted as a structured equation (brief section VII).",UNRESOLVED
REVPDF-7b167a5b843921bc,,PDF_TEXT_CANDIDATE_NOT_STRUCTURED,SRC-ARXIV-a837b5dee25d:page 7,"2 (Σ)), (2) bP λ","pypdf text extraction found a math-symbol-dense line; no reliable LaTeX/MathML recovery is possible from rendered PDF text alone, so this is NOT promoted to an equation record -- human review or a higher-quality source representation is required before this can be extracted as a structured equation (brief section VII).",UNRESOLVED
REVPDF-1824f50ee1d2e879,,PDF_TEXT_CANDIDATE_NOT_STRUCTURED,SRC-ARXIV-a837b5dee25d:page 7,"ν,γ − 1)P λ","pypdf text extraction found a math-symbol-dense line; no reliable LaTeX/MathML recovery is possible from rendered PDF text alone, so this is NOT promoted to an equation record -- human review or a higher-quality source representation is required before this can be extracted as a structured equation (brief section VII).",UNRESOLVED
REVPDF-e53a968efa32271d,,PDF_TEXT_CANDIDATE_NOT_STRUCTURED,SRC-ARXIV-a837b5dee25d:page 7,2 (Σ).,"pypdf text extraction found a math-symbol-dense line; no reliable LaTeX/MathML recovery is possible from rendered PDF text alone, so this is NOT promoted to an equation record -- human review or a higher-quality source representation is required before this can be extracted as a structured equation (brief section VII).",UNRESOLVED
REVPDF-338888c6a1d5918e,,PDF_TEXT_CANDIDATE_NOT_STRUCTURED,SRC-ARXIV-a837b5dee25d:page 7,ForbP λ,"pypdf text extraction found a math-symbol-dense line; no reliable LaTeX/MathML recovery is possible from rendered PDF text alone, so this is NOT promoted to an equation record -- human review or a higher-quality source representation is required before this can be extracted as a structured equation (brief section VII).",UNRESOLVED
REVPDF-d4d7bf7fd17f599b,,PDF_TEXT_CANDIDATE_NOT_STRUCTURED,SRC-ARXIV-a837b5dee25d:page 7,‖P λ,"pypdf text extraction found a math-symbol-dense line; no reliable LaTeX/MathML recovery is possible from rendered PDF text alone, so this is NOT promoted to an equation record -- human review or a higher-quality source representation is required before this can be extracted as a structured equation (brief section VII).",UNRESOLVED
REVPDF-ca65aea7db1b1705,,PDF_TEXT_CANDIDATE_NOT_STRUCTURED,SRC-ARXIV-a837b5dee25d:page 7,"γ,ν ϕ‖Hs,µ (Σ) ≃ ‖ϕ‖Hs+1,µ (Σ), ‖ϕ‖Hs−1,µ (Σ) ≃ ‖P λ","pypdf text extraction found a math-symbol-dense line; no reliable LaTeX/MathML recovery is possible from rendered PDF text alone, so this is NOT promoted to an equation record -- human review or a higher-quality source representation is required before this can be extracted as a structured equation (brief section VII).",UNRESOLVED
REVPDF-db0816784b9e4771,,PDF_TEXT_CANDIDATE_NOT_STRUCTURED,SRC-ARXIV-a837b5dee25d:page 7,"ν,γ ϕ‖Hs,µ (Σ),","pypdf text extraction found a math-symbol-dense line; no reliable LaTeX/MathML recovery is possible from rendered PDF text alone, so this is NOT promoted to an equation record -- human review or a higher-quality source representation is required before this can be extracted as a structured equation (brief section VII).",UNRESOLVED
REVPDF-d4d7bf7fd17f599b,,PDF_TEXT_CANDIDATE_NOT_STRUCTURED,SRC-ARXIV-a837b5dee25d:page 7,‖P λ,"pypdf text extraction found a math-symbol-dense line; no reliable LaTeX/MathML recovery is possible from rendered PDF text alone, so this is NOT promoted to an equation record -- human review or a higher-quality source representation is required before this can be extracted as a structured equation (brief section VII).",UNRESOLVED
REVPDF-462bce56c2f2c541,,PDF_TEXT_CANDIDATE_NOT_STRUCTURED,SRC-ARXIV-a837b5dee25d:page 7,"ν,γ ϕ‖Hs(Σ) + ⟨µ⟩s‖P λ","pypdf text extraction found a math-symbol-dense line; no reliable LaTeX/MathML recovery is possible from rendered PDF text alone, so this is NOT promoted to an equation record -- human review or a higher-quality source representation is required before this can be extracted as a structured equation (brief section VII).",UNRESOLVED
REVPDF-1c9d22c678c0270d,,PDF_TEXT_CANDIDATE_NOT_STRUCTURED,SRC-ARXIV-a837b5dee25d:page 7,"ν,γ ϕ‖L2(Σ) ≤C min{‖ϕ‖Hs−1(Σ), ⟨µ⟩s−1‖ϕ‖L2(Σ) },","pypdf text extraction found a math-symbol-dense line; no reliable LaTeX/MathML recovery is possible from rendered PDF text alone, so this is NOT promoted to an equation record -- human review or a higher-quality source representation is required before this can be extracted as a structured equation (brief section VII).",UNRESOLVED
REVPDF-30360f2f2b41c569,,PDF_TEXT_CANDIDATE_NOT_STRUCTURED,SRC-ARXIV-a837b5dee25d:page 8,"ν,γ ‖L(L2(Σ)) ≤","pypdf text extraction found a math-symbol-dense line; no reliable LaTeX/MathML recovery is possible from rendered PDF text alone, so this is NOT promoted to an equation record -- human review or a higher-quality source representation is required before this can be extracted as a structured equation (brief section VII).",UNRESOLVED
REVPDF-1bdaceea69eb272f,,PDF_TEXT_CANDIDATE_NOT_STRUCTURED,SRC-ARXIV-a837b5dee25d:page 8,bounded inverse (bP λ,"pypdf text extraction found a math-symbol-dense line; no reliable LaTeX/MathML recovery is possible from rendered PDF text alone, so this is NOT promoted to an equation record -- human review or a higher-quality source representation is required before this can be extracted as a structured equation (brief section VII).",UNRESOLVED
REVPDF-7ea54b4c36b36631,,PDF_TEXT_CANDIDATE_NOT_STRUCTURED,SRC-ARXIV-a837b5dee25d:page 8,"ν,γ − 1)−1:","pypdf text extraction found a math-symbol-dense line; no reliable LaTeX/MathML recovery is possible from rendered PDF text alone, so this is NOT promoted to an equation record -- human review or a higher-quality source representation is required before this can be extracted as a structured equation (brief section VII).",UNRESOLVED
REVPDF-4676407e0ded1e59,,PDF_TEXT_CANDIDATE_NOT_STRUCTURED,SRC-ARXIV-a837b5dee25d:page 8,(1.13) ( bP λ,"pypdf text extraction found a math-symbol-dense line; no reliable LaTeX/MathML recovery is possible from rendered PDF text alone, so this is NOT promoted to an equation record -- human review or a higher-quality source representation is required before this can be extracted as a structured equation (brief section VII).",UNRESOLVED
REVPDF-5eefd37331c3bba1,,PDF_TEXT_CANDIDATE_NOT_STRUCTURED,SRC-ARXIV-a837b5dee25d:page 8,"ν,γ − 1)−1 = −1 −","pypdf text extraction found a math-symbol-dense line; no reliable LaTeX/MathML recovery is possible from rendered PDF text alone, so this is NOT promoted to an equation record -- human review or a higher-quality source representation is required before this can be extracted as a structured equation (brief section VII).",UNRESOLVED
REVPDF-a782796fee3ae5a8,,PDF_TEXT_CANDIDATE_NOT_STRUCTURED,SRC-ARXIV-a837b5dee25d:page 8,k=1,"pypdf text extraction found a math-symbol-dense line; no reliable LaTeX/MathML recovery is possible from rendered PDF text alone, so this is NOT promoted to an equation record -- human review or a higher-quality source representation is required before this can be extracted as a structured equation (brief section VII).",UNRESOLVED
REVPDF-00684dd32471a949,,PDF_TEXT_CANDIDATE_NOT_STRUCTURED,SRC-ARXIV-a837b5dee25d:page 8,(bP λ,"pypdf text extraction found a math-symbol-dense line; no reliable LaTeX/MathML recovery is possible from rendered PDF text alone, so this is NOT promoted to an equation record -- human review or a higher-quality source representation is required before this can be extracted as a structured equation (brief section VII).",UNRESOLVED
REVPDF-8354a5d73c8199f8,,PDF_TEXT_CANDIDATE_NOT_STRUCTURED,SRC-ARXIV-a837b5dee25d:page 8,Then b −P λ,"pypdf text extraction found a math-symbol-dense line; no reliable LaTeX/MathML recovery is possible from rendered PDF text alone, so this is NOT promoted to an equation record -- human review or a higher-quality source representation is required before this can be extracted as a structured equation (brief section VII).",UNRESOLVED
REVPDF-034d60156f0969f5,,PDF_TEXT_CANDIDATE_NOT_STRUCTURED,SRC-ARXIV-a837b5dee25d:page 8,(1.14) ( b −P λ,"pypdf text extraction found a math-symbol-dense line; no reliable LaTeX/MathML recovery is possible from rendered PDF text alone, so this is NOT promoted to an equation record -- human review or a higher-quality source representation is required before this can be extracted as a structured equation (brief section VII).",UNRESOLVED
REVPDF-935ca8d5a95051a7,,PDF_TEXT_CANDIDATE_NOT_STRUCTURED,SRC-ARXIV-a837b5dee25d:page 8,"γ,ν )−1 =P λ","pypdf text extraction found a math-symbol-dense line; no reliable LaTeX/MathML recovery is possible from rendered PDF text alone, so this is NOT promoted to an equation record -- human review or a higher-quality source representation is required before this can be extracted as a structured equation (brief section VII).",UNRESOLVED
REVPDF-e3d819dc97b9b097,,PDF_TEXT_CANDIDATE_NOT_STRUCTURED,SRC-ARXIV-a837b5dee25d:page 8,"ν,γ (bP λ","pypdf text extraction found a math-symbol-dense line; no reliable LaTeX/MathML recovery is possible from rendered PDF text alone, so this is NOT promoted to an equation record -- human review or a higher-quality source representation is required before this can be extracted as a structured equation (brief section VII).",UNRESOLVED
REVPDF-f721782150f4c5d4,,PDF_TEXT_CANDIDATE_NOT_STRUCTURED,SRC-ARXIV-a837b5dee25d:page 8,"ν,γ − 1)−1.","pypdf text extraction found a math-symbol-dense line; no reliable LaTeX/MathML recovery is possible from rendered PDF text alone, so this is NOT promoted to an equation record -- human review or a higher-quality source representation is required before this can be extracted as a structured equation (brief section VII).",UNRESOLVED
REVPDF-d373d83962da3679,,PDF_TEXT_CANDIDATE_NOT_STRUCTURED,SRC-ARXIV-a837b5dee25d:page 8,2 (Σ) if,"pypdf text extraction found a math-symbol-dense line; no reliable LaTeX/MathML recovery is possible from rendered PDF text alone, so this is NOT promoted to an equation record -- human review or a higher-quality source representation is required before this can be extracted as a structured equation (brief section VII).",UNRESOLVED
REVPDF-44fc1ca276783db8,,PDF_TEXT_CANDIDATE_NOT_STRUCTURED,SRC-ARXIV-a837b5dee25d:page 8,µ ≥µ1.,"pypdf text extraction found a math-symbol-dense line; no reliable LaTeX/MathML recovery is possible from rendered PDF text alone, so this is NOT promoted to an equation record -- human review or a higher-quality source representation is required before this can be extracted as a structured equation (brief section VII).",UNRESOLVED
REVPDF-53d83d2cc2258bdf,,PDF_TEXT_CANDIDATE_NOT_STRUCTURED,SRC-ARXIV-a837b5dee25d:page 8,(1.15) ( Lλ )−1 = (b −P λ,"pypdf text extraction found a math-symbol-dense line; no reliable LaTeX/MathML recovery is possible from rendered PDF text alone, so this is NOT promoted to an equation record -- human review or a higher-quality source representation is required before this can be extracted as a structured equation (brief section VII).",UNRESOLVED
REVPDF-935ca8d5a95051a7,,PDF_TEXT_CANDIDATE_NOT_STRUCTURED,SRC-ARXIV-a837b5dee25d:page 8,"γ,ν )−1 =P λ","pypdf text extraction found a math-symbol-dense line; no reliable LaTeX/MathML recovery is possible from rendered PDF text alone, so this is NOT promoted to an equation record -- human review or a higher-quality source representation is required before this can be extracted as a structured equation (brief section VII).",UNRESOLVED
REVPDF-e3d819dc97b9b097,,PDF_TEXT_CANDIDATE_NOT_STRUCTURED,SRC-ARXIV-a837b5dee25d:page 8,"ν,γ (bP λ","pypdf text extraction found a math-symbol-dense line; no reliable LaTeX/MathML recovery is possible from rendered PDF text alone, so this is NOT promoted to an equation record -- human review or a higher-quality source representation is required before this can be extracted as a structured equation (brief section VII).",UNRESOLVED
REVPDF-c5a7784e1c475df0,,PDF_TEXT_CANDIDATE_NOT_STRUCTURED,SRC-ARXIV-a837b5dee25d:page 8,2 (Σ).,"pypdf text extraction found a math-symbol-dense line; no reliable LaTeX/MathML recovery is possible from rendered PDF text alone, so this is NOT promoted to an equation record -- human review or a higher-quality source representation is required before this can be extracted as a structured equation (brief section VII).",UNRESOLVED
REVPDF-40e2274f28847074,,PDF_TEXT_CANDIDATE_NOT_STRUCTURED,SRC-ARXIV-a837b5dee25d:page 8,(1.16) D(Lλ ) = {ϕ ∈H 1(Σ) | (b −P λ,"pypdf text extraction found a math-symbol-dense line; no reliable LaTeX/MathML recovery is possible from rendered PDF text alone, so this is NOT promoted to an equation record -- human review or a higher-quality source representation is required before this can be extracted as a structured equation (brief section VII).",UNRESOLVED
REVPDF-a9c9592c5039c3a5,,PDF_TEXT_CANDIDATE_NOT_STRUCTURED,SRC-ARXIV-a837b5dee25d:page 8,"γ,ν )ϕ ∈H","pypdf text extraction found a math-symbol-dense line; no reliable LaTeX/MathML recovery is possible from rendered PDF text alone, so this is NOT promoted to an equation record -- human review or a higher-quality source representation is required before this can be extracted as a structured equation (brief section VII).",UNRESOLVED
REVPDF-501cc8944323c1b3,,PDF_TEXT_CANDIDATE_NOT_STRUCTURED,SRC-ARXIV-a837b5dee25d:page 8,"2 (Σ) },","pypdf text extraction found a math-symbol-dense line; no reliable LaTeX/MathML recovery is possible from rendered PDF text alone, so this is NOT promoted to an equation record -- human review or a higher-quality source representation is required before this can be extracted as a structured equation (brief section VII).",UNRESOLVED
REVPDF-2c722a1cecf16209,,PDF_TEXT_CANDIDATE_NOT_STRUCTURED,SRC-ARXIV-a837b5dee25d:page 8,"γ,ν −P λ","pypdf text extraction found a math-symbol-dense line; no reliable LaTeX/MathML recovery is possible from rendered PDF text alone, so this is NOT promoted to an equation record -- human review or a higher-quality source representation is required before this can be extracted as a structured equation (brief section VII).",UNRESOLVED
REVPDF-29bc754516b4d160,,PDF_TEXT_CANDIDATE_NOT_STRUCTURED,SRC-ARXIV-a837b5dee25d:page 8,2 (Σ) (cf.,"pypdf text extraction found a math-symbol-dense line; no reliable LaTeX/MathML recovery is possible from rendered PDF text alone, so this is NOT promoted to an equation record -- human review or a higher-quality source representation is required before this can be extracted as a structured equation (brief section VII).",UNRESOLVED
REVPDF-1c1dc576a8876f54,,PDF_TEXT_CANDIDATE_NOT_STRUCTURED,SRC-ARXIV-a837b5dee25d:page 8,(1.17) D(L) = {ϕ ∈H 1(Σ) | (b −P 0,"pypdf text extraction found a math-symbol-dense line; no reliable LaTeX/MathML recovery is possible from rendered PDF text alone, so this is NOT promoted to an equation record -- human review or a higher-quality source representation is required before this can be extracted as a structured equation (brief section VII).",UNRESOLVED
REVPDF-a9c9592c5039c3a5,,PDF_TEXT_CANDIDATE_NOT_STRUCTURED,SRC-ARXIV-a837b5dee25d:page 8,"γ,ν )ϕ ∈H","pypdf text extraction found a math-symbol-dense line; no reliable LaTeX/MathML recovery is possible from rendered PDF text alone, so this is NOT promoted to an equation record -- human review or a higher-quality source representation is required before this can be extracted as a structured equation (brief section VII).",UNRESOLVED
REVPDF-fc281c023ed80dd1,,PDF_TEXT_CANDIDATE_NOT_STRUCTURED,SRC-ARXIV-a837b5dee25d:page 8,2 (Σ) }.,"pypdf text extraction found a math-symbol-dense line; no reliable LaTeX/MathML recovery is possible from rendered PDF text alone, so this is NOT promoted to an equation record -- human review or a higher-quality source representation is required before this can be extracted as a structured equation (brief section VII).",UNRESOLVED
REVPDF-2ec85d800f5bf675,,PDF_TEXT_CANDIDATE_NOT_STRUCTURED,SRC-ARXIV-a837b5dee25d:page 8,"γPν,γ (bP λ","pypdf text extraction found a math-symbol-dense line; no reliable LaTeX/MathML recovery is possible from rendered PDF text alone, so this is NOT promoted to an equation record -- human review or a higher-quality source representation is required before this can be extracted as a structured equation (brief section VII).",UNRESOLVED
REVPDF-30b78b87e11d17ff,,PDF_TEXT_CANDIDATE_NOT_STRUCTURED,SRC-ARXIV-a837b5dee25d:page 8,"ν,γ − 1)−1(K","pypdf text extraction found a math-symbol-dense line; no reliable LaTeX/MathML recovery is possible from rendered PDF text alone, so this is NOT promoted to an equation record -- human review or a higher-quality source representation is required before this can be extracted as a structured equation (brief section VII).",UNRESOLVED
REVPDF-208ad9d6feeefa7b,,PDF_TEXT_CANDIDATE_NOT_STRUCTURED,SRC-ARXIV-a837b5dee25d:page 8,γ )∗.,"pypdf text extraction found a math-symbol-dense line; no reliable LaTeX/MathML recovery is possible from rendered PDF text alone, so this is NOT promoted to an equation record -- human review or a higher-quality source representation is required before this can be extracted as a structured equation (brief section VII).",UNRESOLVED
REVPDF-24b84c53dd60af4d,,PDF_TEXT_CANDIDATE_NOT_STRUCTURED,SRC-ARXIV-a837b5dee25d:page 9,"(2.1) sj+k−1(T +T ′) ≤sj(T ) +sk(T ′), s j+k−1(TT ′) ≤sj(T )sk(T ′),","pypdf text extraction found a math-symbol-dense line; no reliable LaTeX/MathML recovery is possible from rendered PDF text alone, so this is NOT promoted to an equation record -- human review or a higher-quality source representation is required before this can be extracted as a structured equation (brief section VII).",UNRESOLVED
REVPDF-c3b2cbc50c6c2782,,PDF_TEXT_CANDIDATE_NOT_STRUCTURED,SRC-ARXIV-a837b5dee25d:page 9,"(2.2) Sp · Sq ⊂ S1/ (p−1+q−1), Cp · Cq ⊂ C 1/ (p−1+q−1).","pypdf text extraction found a math-symbol-dense line; no reliable LaTeX/MathML recovery is possible from rendered PDF text alone, so this is NOT promoted to an equation record -- human review or a higher-quality source representation is required before this can be extracted as a structured equation (brief section VII).",UNRESOLVED
REVPDF-58e49b9e5dacee81,,PDF_TEXT_CANDIDATE_NOT_STRUCTURED,SRC-ARXIV-a837b5dee25d:page 9,"1◦ If sj(T )j1/p → C0 and sj(T ′)j1/p → 0 for j → ∞ , then sj(T +T ′)j1/p → C0 for","pypdf text extraction found a math-symbol-dense line; no reliable LaTeX/MathML recovery is possible from rendered PDF text alone, so this is NOT promoted to an equation record -- human review or a higher-quality source representation is required before this can be extracted as a structured equation (brief section VII).",UNRESOLVED
REVPDF-895b89a2b6e82ab2,,PDF_TEXT_CANDIDATE_NOT_STRUCTURED,SRC-ARXIV-a837b5dee25d:page 9,j → ∞.,"pypdf text extraction found a math-symbol-dense line; no reliable LaTeX/MathML recovery is possible from rendered PDF text alone, so this is NOT promoted to an equation record -- human review or a higher-quality source representation is required before this can be extracted as a structured equation (brief section VII).",UNRESOLVED
REVPDF-77da433a9610c1a3,,PDF_TEXT_CANDIDATE_NOT_STRUCTURED,SRC-ARXIV-a837b5dee25d:page 9,2◦ If T = TM + T ′,"pypdf text extraction found a math-symbol-dense line; no reliable LaTeX/MathML recovery is possible from rendered PDF text alone, so this is NOT promoted to an equation record -- human review or a higher-quality source representation is required before this can be extracted as a structured equation (brief section VII).",UNRESOLVED
REVPDF-3494571baddc922a,,PDF_TEXT_CANDIDATE_NOT_STRUCTURED,SRC-ARXIV-a837b5dee25d:page 9,"≤C‖T ‖L(L2,H t),","pypdf text extraction found a math-symbol-dense line; no reliable LaTeX/MathML recovery is possible from rendered PDF text alone, so this is NOT promoted to an equation record -- human review or a higher-quality source representation is required before this can be extracted as a structured equation (brief section VII).",UNRESOLVED
REVPDF-5b53f58ddb48edc2,,PDF_TEXT_CANDIDATE_NOT_STRUCTURED,SRC-ARXIV-a837b5dee25d:page 9,adjointK λ,"pypdf text extraction found a math-symbol-dense line; no reliable LaTeX/MathML recovery is possible from rendered PDF text alone, so this is NOT promoted to an equation record -- human review or a higher-quality source representation is required before this can be extracted as a structured equation (brief section VII).",UNRESOLVED
REVPDF-9708c811cbb75089,,PDF_TEXT_CANDIDATE_NOT_STRUCTURED,SRC-ARXIV-a837b5dee25d:page 9,composition K λ,"pypdf text extraction found a math-symbol-dense line; no reliable LaTeX/MathML recovery is possible from rendered PDF text alone, so this is NOT promoted to an equation record -- human review or a higher-quality source representation is required before this can be extracted as a structured equation (brief section VII).",UNRESOLVED
REVPDF-f0a0ead0ef422854,,PDF_TEXT_CANDIDATE_NOT_STRUCTURED,SRC-ARXIV-a837b5dee25d:page 9,K λ,"pypdf text extraction found a math-symbol-dense line; no reliable LaTeX/MathML recovery is possible from rendered PDF text alone, so this is NOT promoted to an equation record -- human review or a higher-quality source representation is required before this can be extracted as a structured equation (brief section VII).",UNRESOLVED
REVPDF-f0a0ead0ef422854,,PDF_TEXT_CANDIDATE_NOT_STRUCTURED,SRC-ARXIV-a837b5dee25d:page 9,K λ,"pypdf text extraction found a math-symbol-dense line; no reliable LaTeX/MathML recovery is possible from rendered PDF text alone, so this is NOT promoted to an equation record -- human review or a higher-quality source representation is required before this can be extracted as a structured equation (brief section VII).",UNRESOLVED
REVPDF-e2d198144d80ff81,,PDF_TEXT_CANDIDATE_NOT_STRUCTURED,SRC-ARXIV-a837b5dee25d:page 9,γ ∈,"pypdf text extraction found a math-symbol-dense line; no reliable LaTeX/MathML recovery is possible from rendered PDF text alone, so this is NOT promoted to an equation record -- human review or a higher-quality source representation is required before this can be extracted as a structured equation (brief section VII).",UNRESOLVED
REVPDF-8d138d596075fd3a,,PDF_TEXT_CANDIDATE_NOT_STRUCTURED,SRC-ARXIV-a837b5dee25d:page 10,=K λ,"pypdf text extraction found a math-symbol-dense line; no reliable LaTeX/MathML recovery is possible from rendered PDF text alone, so this is NOT promoted to an equation record -- human review or a higher-quality source representation is required before this can be extracted as a structured equation (brief section VII).",UNRESOLVED
REVPDF-1a64bc9d47f7dde3,,PDF_TEXT_CANDIDATE_NOT_STRUCTURED,SRC-ARXIV-a837b5dee25d:page 10,γP λ,"pypdf text extraction found a math-symbol-dense line; no reliable LaTeX/MathML recovery is possible from rendered PDF text alone, so this is NOT promoted to an equation record -- human review or a higher-quality source representation is required before this can be extracted as a structured equation (brief section VII).",UNRESOLVED
REVPDF-221271e9432c022e,,PDF_TEXT_CANDIDATE_NOT_STRUCTURED,SRC-ARXIV-a837b5dee25d:page 10,"ν,γ [(bP λ","pypdf text extraction found a math-symbol-dense line; no reliable LaTeX/MathML recovery is possible from rendered PDF text alone, so this is NOT promoted to an equation record -- human review or a higher-quality source representation is required before this can be extracted as a structured equation (brief section VII).",UNRESOLVED
REVPDF-906055fcfa83594f,,PDF_TEXT_CANDIDATE_NOT_STRUCTURED,SRC-ARXIV-a837b5dee25d:page 10,"ν,γ − 1)−1 + 1]K","pypdf text extraction found a math-symbol-dense line; no reliable LaTeX/MathML recovery is possible from rendered PDF text alone, so this is NOT promoted to an equation record -- human review or a higher-quality source representation is required before this can be extracted as a structured equation (brief section VII).",UNRESOLVED
REVPDF-8d138d596075fd3a,,PDF_TEXT_CANDIDATE_NOT_STRUCTURED,SRC-ARXIV-a837b5dee25d:page 10,=K λ,"pypdf text extraction found a math-symbol-dense line; no reliable LaTeX/MathML recovery is possible from rendered PDF text alone, so this is NOT promoted to an equation record -- human review or a higher-quality source representation is required before this can be extracted as a structured equation (brief section VII).",UNRESOLVED
REVPDF-1a64bc9d47f7dde3,,PDF_TEXT_CANDIDATE_NOT_STRUCTURED,SRC-ARXIV-a837b5dee25d:page 10,γP λ,"pypdf text extraction found a math-symbol-dense line; no reliable LaTeX/MathML recovery is possible from rendered PDF text alone, so this is NOT promoted to an equation record -- human review or a higher-quality source representation is required before this can be extracted as a structured equation (brief section VII).",UNRESOLVED
REVPDF-a111450c0b081d2b,,PDF_TEXT_CANDIDATE_NOT_STRUCTURED,SRC-ARXIV-a837b5dee25d:page 10,"ν,γ (bP λ","pypdf text extraction found a math-symbol-dense line; no reliable LaTeX/MathML recovery is possible from rendered PDF text alone, so this is NOT promoted to an equation record -- human review or a higher-quality source representation is required before this can be extracted as a structured equation (brief section VII).",UNRESOLVED
REVPDF-0c51e7a40a65b7db,,PDF_TEXT_CANDIDATE_NOT_STRUCTURED,SRC-ARXIV-a837b5dee25d:page 10,"ν,γ − 1)−1bP λ","pypdf text extraction found a math-symbol-dense line; no reliable LaTeX/MathML recovery is possible from rendered PDF text alone, so this is NOT promoted to an equation record -- human review or a higher-quality source representation is required before this can be extracted as a structured equation (brief section VII).",UNRESOLVED
REVPDF-746842758b93cc0b,,PDF_TEXT_CANDIDATE_NOT_STRUCTURED,SRC-ARXIV-a837b5dee25d:page 10,"ν,γ K","pypdf text extraction found a math-symbol-dense line; no reliable LaTeX/MathML recovery is possible from rendered PDF text alone, so this is NOT promoted to an equation record -- human review or a higher-quality source representation is required before this can be extracted as a structured equation (brief section VII).",UNRESOLVED
REVPDF-d11d86fd6d0b56ba,,PDF_TEXT_CANDIDATE_NOT_STRUCTURED,SRC-ARXIV-a837b5dee25d:page 10,(2.7) ( S −λ′)−1 − (T −λ′)−1,"pypdf text extraction found a math-symbol-dense line; no reliable LaTeX/MathML recovery is possible from rendered PDF text alone, so this is NOT promoted to an equation record -- human review or a higher-quality source representation is required before this can be extracted as a structured equation (brief section VII).",UNRESOLVED
REVPDF-390acb1498d6061e,,PDF_TEXT_CANDIDATE_NOT_STRUCTURED,SRC-ARXIV-a837b5dee25d:page 10,"= (1 + (λ′ −λ)(T −λ′)−1)((S −λ)−1 − (T −λ)−1)(1 + (λ′ −λ)(S −λ′)−1),","pypdf text extraction found a math-symbol-dense line; no reliable LaTeX/MathML recovery is possible from rendered PDF text alone, so this is NOT promoted to an equation record -- human review or a higher-quality source representation is required before this can be extracted as a structured equation (brief section VII).",UNRESOLVED
REVPDF-e1437274df809d74,,PDF_TEXT_CANDIDATE_NOT_STRUCTURED,SRC-ARXIV-b58e77da930e:page 3,"II(X,Y ) = πνN","pypdf text extraction found a math-symbol-dense line; no reliable LaTeX/MathML recovery is possible from rendered PDF text alone, so this is NOT promoted to an equation record -- human review or a higher-quality source representation is required before this can be extracted as a structured equation (brief section VII).",UNRESOLVED
REVPDF-17a8eafc70842107,,PDF_TEXT_CANDIDATE_NOT_STRUCTURED,SRC-ARXIV-b58e77da930e:page 3,( ¯∇dF0(X)dF0(Y ),"pypdf text extraction found a math-symbol-dense line; no reliable LaTeX/MathML recovery is possible from rendered PDF text alone, so this is NOT promoted to an equation record -- human review or a higher-quality source representation is required before this can be extracted as a structured equation (brief section VII).",UNRESOLVED
REVPDF-ad3a3efb4465a5a0,,PDF_TEXT_CANDIDATE_NOT_STRUCTURED,SRC-ARXIV-b58e77da930e:page 3,", X,Y ∈ Γ(TN ),","pypdf text extraction found a math-symbol-dense line; no reliable LaTeX/MathML recovery is possible from rendered PDF text alone, so this is NOT promoted to an equation record -- human review or a higher-quality source representation is required before this can be extracted as a structured equation (brief section VII).",UNRESOLVED
REVPDF-4eadec2c0e355734,,PDF_TEXT_CANDIDATE_NOT_STRUCTURED,SRC-ARXIV-b58e77da930e:page 3,"∂t (x,t ) = H(x,t ), (x,t ) ∈N × (0,T )","pypdf text extraction found a math-symbol-dense line; no reliable LaTeX/MathML recovery is possible from rendered PDF text alone, so this is NOT promoted to an equation record -- human review or a higher-quality source representation is required before this can be extracted as a structured equation (brief section VII).",UNRESOLVED
REVPDF-fb8c8462f888921b,,PDF_TEXT_CANDIDATE_NOT_STRUCTURED,SRC-ARXIV-b58e77da930e:page 3,"F (x, 0) = F0(x), x ∈N.","pypdf text extraction found a math-symbol-dense line; no reliable LaTeX/MathML recovery is possible from rendered PDF text alone, so this is NOT promoted to an equation record -- human review or a higher-quality source representation is required before this can be extracted as a structured equation (brief section VII).",UNRESOLVED
REVPDF-2009d7e255521ac5,,PDF_TEXT_CANDIDATE_NOT_STRUCTURED,SRC-ARXIV-b58e77da930e:page 3,"¯∇X ¯∇YZ − ¯∇Y ¯∇XZ − ¯∇[X,Y ]Z, for X,Y,Z ∈ Γ(TM ). Moreover the Ricci","pypdf text extraction found a math-symbol-dense line; no reliable LaTeX/MathML recovery is possible from rendered PDF text alone, so this is NOT promoted to an equation record -- human review or a higher-quality source representation is required before this can be extracted as a structured equation (brief section VII).",UNRESOLVED
REVPDF-9b453c44971d9e59,,PDF_TEXT_CANDIDATE_NOT_STRUCTURED,SRC-ARXIV-b58e77da930e:page 3,Proposition 2.2. The mean curvature form αH satisﬁes,"pypdf text extraction found a math-symbol-dense line; no reliable LaTeX/MathML recovery is possible from rendered PDF text alone, so this is NOT promoted to an equation record -- human review or a higher-quality source representation is required before this can be extracted as a structured equation (brief section VII).",UNRESOLVED
REVPDF-5490ac4238badffb,,PDF_TEXT_CANDIDATE_NOT_STRUCTURED,SRC-ARXIV-b58e77da930e:page 3,dαH =F ∗,"pypdf text extraction found a math-symbol-dense line; no reliable LaTeX/MathML recovery is possible from rendered PDF text alone, so this is NOT promoted to an equation record -- human review or a higher-quality source representation is required before this can be extracted as a structured equation (brief section VII).",UNRESOLVED
REVPDF-a5865d2c301bea3a,,PDF_TEXT_CANDIDATE_NOT_STRUCTURED,SRC-ARXIV-b58e77da930e:page 3,0 (¯ρ).,"pypdf text extraction found a math-symbol-dense line; no reliable LaTeX/MathML recovery is possible from rendered PDF text alone, so this is NOT promoted to an equation record -- human review or a higher-quality source representation is required before this can be extracted as a structured equation (brief section VII).",UNRESOLVED
REVPDF-bac1b9efd126d676,,PDF_TEXT_CANDIDATE_NOT_STRUCTURED,SRC-ARXIV-b58e77da930e:page 3,0 (LH ¯ω ) = F ∗,"pypdf text extraction found a math-symbol-dense line; no reliable LaTeX/MathML recovery is possible from rendered PDF text alone, so this is NOT promoted to an equation record -- human review or a higher-quality source representation is required before this can be extracted as a structured equation (brief section VII).",UNRESOLVED
REVPDF-973ce8078f7afa6b,,PDF_TEXT_CANDIDATE_NOT_STRUCTURED,SRC-ARXIV-b58e77da930e:page 3,0 (d (H ⌟ ¯ω )) +F ∗,"pypdf text extraction found a math-symbol-dense line; no reliable LaTeX/MathML recovery is possible from rendered PDF text alone, so this is NOT promoted to an equation record -- human review or a higher-quality source representation is required before this can be extracted as a structured equation (brief section VII).",UNRESOLVED
REVPDF-fab193bcbc54346c,,PDF_TEXT_CANDIDATE_NOT_STRUCTURED,SRC-ARXIV-b58e77da930e:page 3,0 (H ⌟ d¯ω ) = F ∗,"pypdf text extraction found a math-symbol-dense line; no reliable LaTeX/MathML recovery is possible from rendered PDF text alone, so this is NOT promoted to an equation record -- human review or a higher-quality source representation is required before this can be extracted as a structured equation (brief section VII).",UNRESOLVED
REVPDF-a5865d2c301bea3a,,PDF_TEXT_CANDIDATE_NOT_STRUCTURED,SRC-ARXIV-b58e77da930e:page 3,0 (¯ρ).,"pypdf text extraction found a math-symbol-dense line; no reliable LaTeX/MathML recovery is possible from rendered PDF text alone, so this is NOT promoted to an equation record -- human review or a higher-quality source representation is required before this can be extracted as a structured equation (brief section VII).",UNRESOLVED
REVPDF-9f980dd5380a1209,,PDF_TEXT_CANDIDATE_NOT_STRUCTURED,SRC-ARXIV-b58e77da930e:page 4,"Deﬁnition 3.1. Ann-dimensional K¨ ahler manifold(M,J, ¯ω, ¯g) is called almost","pypdf text extraction found a math-symbol-dense line; no reliable LaTeX/MathML recovery is possible from rendered PDF text alone, so this is NOT promoted to an equation record -- human review or a higher-quality source representation is required before this can be extracted as a structured equation (brief section VII).",UNRESOLVED
REVPDF-41a91acab78b3528,,PDF_TEXT_CANDIDATE_NOT_STRUCTURED,SRC-ARXIV-b58e77da930e:page 4,¯ρ =λ ¯ω +nddcψ,"pypdf text extraction found a math-symbol-dense line; no reliable LaTeX/MathML recovery is possible from rendered PDF text alone, so this is NOT promoted to an equation record -- human review or a higher-quality source representation is required before this can be extracted as a structured equation (brief section VII).",UNRESOLVED
REVPDF-10d1806309edc875,,PDF_TEXT_CANDIDATE_NOT_STRUCTURED,SRC-ARXIV-b58e77da930e:page 4,K =H −nπνN,"pypdf text extraction found a math-symbol-dense line; no reliable LaTeX/MathML recovery is possible from rendered PDF text alone, so this is NOT promoted to an equation record -- human review or a higher-quality source representation is required before this can be extracted as a structured equation (brief section VII).",UNRESOLVED
REVPDF-373e1394f1481653,,PDF_TEXT_CANDIDATE_NOT_STRUCTURED,SRC-ARXIV-b58e77da930e:page 4,( ¯∇ψ,"pypdf text extraction found a math-symbol-dense line; no reliable LaTeX/MathML recovery is possible from rendered PDF text alone, so this is NOT promoted to an equation record -- human review or a higher-quality source representation is required before this can be extracted as a structured equation (brief section VII).",UNRESOLVED
REVPDF-b8504bd9c302237d,,PDF_TEXT_CANDIDATE_NOT_STRUCTURED,SRC-ARXIV-b58e77da930e:page 4,0 (LK ¯ω ) = dαH +nF ∗,"pypdf text extraction found a math-symbol-dense line; no reliable LaTeX/MathML recovery is possible from rendered PDF text alone, so this is NOT promoted to an equation record -- human review or a higher-quality source representation is required before this can be extracted as a structured equation (brief section VII).",UNRESOLVED
REVPDF-1955b3a94594dfe4,,PDF_TEXT_CANDIDATE_NOT_STRUCTURED,SRC-ARXIV-b58e77da930e:page 4,0 (d (dψ ◦J)) = F ∗,"pypdf text extraction found a math-symbol-dense line; no reliable LaTeX/MathML recovery is possible from rendered PDF text alone, so this is NOT promoted to an equation record -- human review or a higher-quality source representation is required before this can be extracted as a structured equation (brief section VII).",UNRESOLVED
REVPDF-609759f29536afa2,,PDF_TEXT_CANDIDATE_NOT_STRUCTURED,SRC-ARXIV-b58e77da930e:page 4,0 (¯ρ −nddcψ ) = λF ∗,"pypdf text extraction found a math-symbol-dense line; no reliable LaTeX/MathML recovery is possible from rendered PDF text alone, so this is NOT promoted to an equation record -- human review or a higher-quality source representation is required before this can be extracted as a structured equation (brief section VII).",UNRESOLVED
REVPDF-46f5c91c0f08d236,,PDF_TEXT_CANDIDATE_NOT_STRUCTURED,SRC-ARXIV-b58e77da930e:page 4,0 (¯ω ) = 0.,"pypdf text extraction found a math-symbol-dense line; no reliable LaTeX/MathML recovery is possible from rendered PDF text alone, so this is NOT promoted to an equation record -- human review or a higher-quality source representation is required before this can be extracted as a structured equation (brief section VII).",UNRESOLVED
REVPDF-601e51b782d9fe66,,PDF_TEXT_CANDIDATE_NOT_STRUCTURED,SRC-ARXIV-b58e77da930e:page 4,"∂t (x,t ) = K(x,t ), (x,t ) ∈L × (0,T )","pypdf text extraction found a math-symbol-dense line; no reliable LaTeX/MathML recovery is possible from rendered PDF text alone, so this is NOT promoted to an equation record -- human review or a higher-quality source representation is required before this can be extracted as a structured equation (brief section VII).",UNRESOLVED
REVPDF-2d52979b9bfcd60c,,PDF_TEXT_CANDIDATE_NOT_STRUCTURED,SRC-ARXIV-b58e77da930e:page 4,"F (x, 0) = F0(x), x ∈L,","pypdf text extraction found a math-symbol-dense line; no reliable LaTeX/MathML recovery is possible from rendered PDF text alone, so this is NOT promoted to an equation record -- human review or a higher-quality source representation is required before this can be extracted as a structured equation (brief section VII).",UNRESOLVED
REVPDF-d1220e74a92102e6,,PDF_TEXT_CANDIDATE_NOT_STRUCTURED,SRC-ARXIV-b58e77da930e:page 5,"∂x i (·,t )","pypdf text extraction found a math-symbol-dense line; no reliable LaTeX/MathML recovery is possible from rendered PDF text alone, so this is NOT promoted to an equation record -- human review or a higher-quality source representation is required before this can be extracted as a structured equation (brief section VII).",UNRESOLVED
REVPDF-74fe5e48ddddd9ad,,PDF_TEXT_CANDIDATE_NOT_STRUCTURED,SRC-ARXIV-b58e77da930e:page 5,"¯g (Nei,Ne j). Moreover we set hijk =h(ei,e j,e k) = −¯g","pypdf text extraction found a math-symbol-dense line; no reliable LaTeX/MathML recovery is possible from rendered PDF text alone, so this is NOT promoted to an equation record -- human review or a higher-quality source representation is required before this can be extracted as a structured equation (brief section VII).",UNRESOLVED
REVPDF-2bcb55e8fe47929f,,PDF_TEXT_CANDIDATE_NOT_STRUCTURED,SRC-ARXIV-b58e77da930e:page 5,"Nei, ¯∇ejek","pypdf text extraction found a math-symbol-dense line; no reliable LaTeX/MathML recovery is possible from rendered PDF text alone, so this is NOT promoted to an equation record -- human review or a higher-quality source representation is required before this can be extracted as a structured equation (brief section VII).",UNRESOLVED
REVPDF-3eda741a024bfd4f,,PDF_TEXT_CANDIDATE_NOT_STRUCTURED,SRC-ARXIV-b58e77da930e:page 5,"Lagrangian. We also denote ¯Rklji = ¯R(ek,e l,e j,N (ei)). The following formula","pypdf text extraction found a math-symbol-dense line; no reliable LaTeX/MathML recovery is possible from rendered PDF text alone, so this is NOT promoted to an equation record -- human review or a higher-quality source representation is required before this can be extracted as a structured equation (brief section VII).",UNRESOLVED
REVPDF-eccce32b64969b07,,PDF_TEXT_CANDIDATE_NOT_STRUCTURED,SRC-ARXIV-b58e77da930e:page 5,∇lhkij − ∇khlij = ¯Rklji,"pypdf text extraction found a math-symbol-dense line; no reliable LaTeX/MathML recovery is possible from rendered PDF text alone, so this is NOT promoted to an equation record -- human review or a higher-quality source representation is required before this can be extracted as a structured equation (brief section VII).",UNRESOLVED
REVPDF-1ae42f29f3800474,,PDF_TEXT_CANDIDATE_NOT_STRUCTURED,SRC-ARXIV-b58e77da930e:page 5,+ ∇j∇iωlk +ω m,"pypdf text extraction found a math-symbol-dense line; no reliable LaTeX/MathML recovery is possible from rendered PDF text alone, so this is NOT promoted to an equation record -- human review or a higher-quality source representation is required before this can be extracted as a structured equation (brief section VII).",UNRESOLVED
REVPDF-289e94436844f69d,,PDF_TEXT_CANDIDATE_NOT_STRUCTURED,SRC-ARXIV-b58e77da930e:page 5,i ¯Rkljm +ω m,"pypdf text extraction found a math-symbol-dense line; no reliable LaTeX/MathML recovery is possible from rendered PDF text alone, so this is NOT promoted to an equation record -- human review or a higher-quality source representation is required before this can be extracted as a structured equation (brief section VII).",UNRESOLVED
REVPDF-8e3b39cb3452c93c,,PDF_TEXT_CANDIDATE_NOT_STRUCTURED,SRC-ARXIV-b58e77da930e:page 5,+ω m,"pypdf text extraction found a math-symbol-dense line; no reliable LaTeX/MathML recovery is possible from rendered PDF text alone, so this is NOT promoted to an equation record -- human review or a higher-quality source representation is required before this can be extracted as a structured equation (brief section VII).",UNRESOLVED
REVPDF-703c7e6900f6f428,,PDF_TEXT_CANDIDATE_NOT_STRUCTURED,SRC-ARXIV-b58e77da930e:page 5,l Rjkim +ηmnω s,"pypdf text extraction found a math-symbol-dense line; no reliable LaTeX/MathML recovery is possible from rendered PDF text alone, so this is NOT promoted to an equation record -- human review or a higher-quality source representation is required before this can be extracted as a structured equation (brief section VII).",UNRESOLVED
REVPDF-a5563dfc4daa71b3,,PDF_TEXT_CANDIDATE_NOT_STRUCTURED,SRC-ARXIV-b58e77da930e:page 5,dtωij = (dαK)ij,"pypdf text extraction found a math-symbol-dense line; no reliable LaTeX/MathML recovery is possible from rendered PDF text alone, so this is NOT promoted to an equation record -- human review or a higher-quality source representation is required before this can be extracted as a structured equation (brief section VII).",UNRESOLVED
REVPDF-147af06d9f5fc38d,,PDF_TEXT_CANDIDATE_NOT_STRUCTURED,SRC-ARXIV-b58e77da930e:page 5,dtgij = −2ηmn(αH )mhnij + 2ndψ (IIij).,"pypdf text extraction found a math-symbol-dense line; no reliable LaTeX/MathML recovery is possible from rendered PDF text alone, so this is NOT promoted to an equation record -- human review or a higher-quality source representation is required before this can be extracted as a structured equation (brief section VII).",UNRESOLVED
REVPDF-653b9c3e6c3734c8,,PDF_TEXT_CANDIDATE_NOT_STRUCTURED,SRC-ARXIV-b58e77da930e:page 5,dtωij = d,"pypdf text extraction found a math-symbol-dense line; no reliable LaTeX/MathML recovery is possible from rendered PDF text alone, so this is NOT promoted to an equation record -- human review or a higher-quality source representation is required before this can be extracted as a structured equation (brief section VII).",UNRESOLVED
REVPDF-a8eb661939aa57a6,,PDF_TEXT_CANDIDATE_NOT_STRUCTURED,SRC-ARXIV-b58e77da930e:page 5,dt ¯ωαβ,"pypdf text extraction found a math-symbol-dense line; no reliable LaTeX/MathML recovery is possible from rendered PDF text alone, so this is NOT promoted to an equation record -- human review or a higher-quality source representation is required before this can be extracted as a structured equation (brief section VII).",UNRESOLVED
REVPDF-f8d1149764f30283,,PDF_TEXT_CANDIDATE_NOT_STRUCTURED,SRC-ARXIV-b58e77da930e:page 5,∂Fα,"pypdf text extraction found a math-symbol-dense line; no reliable LaTeX/MathML recovery is possible from rendered PDF text alone, so this is NOT promoted to an equation record -- human review or a higher-quality source representation is required before this can be extracted as a structured equation (brief section VII).",UNRESOLVED
REVPDF-49f714db69e35cff,,PDF_TEXT_CANDIDATE_NOT_STRUCTURED,SRC-ARXIV-b58e77da930e:page 5,∂xi,"pypdf text extraction found a math-symbol-dense line; no reliable LaTeX/MathML recovery is possible from rendered PDF text alone, so this is NOT promoted to an equation record -- human review or a higher-quality source representation is required before this can be extracted as a structured equation (brief section VII).",UNRESOLVED
REVPDF-946701af1630975e,,PDF_TEXT_CANDIDATE_NOT_STRUCTURED,SRC-ARXIV-b58e77da930e:page 5,∂Fβ,"pypdf text extraction found a math-symbol-dense line; no reliable LaTeX/MathML recovery is possible from rendered PDF text alone, so this is NOT promoted to an equation record -- human review or a higher-quality source representation is required before this can be extracted as a structured equation (brief section VII).",UNRESOLVED
REVPDF-4f06e163f6d95b2b,,PDF_TEXT_CANDIDATE_NOT_STRUCTURED,SRC-ARXIV-b58e77da930e:page 5,∂xj,"pypdf text extraction found a math-symbol-dense line; no reliable LaTeX/MathML recovery is possible from rendered PDF text alone, so this is NOT promoted to an equation record -- human review or a higher-quality source representation is required before this can be extracted as a structured equation (brief section VII).",UNRESOLVED
REVPDF-904690032b01304f,,PDF_TEXT_CANDIDATE_NOT_STRUCTURED,SRC-ARXIV-b58e77da930e:page 5,= ¯ωαβ,"pypdf text extraction found a math-symbol-dense line; no reliable LaTeX/MathML recovery is possible from rendered PDF text alone, so this is NOT promoted to an equation record -- human review or a higher-quality source representation is required before this can be extracted as a structured equation (brief section VII).",UNRESOLVED
REVPDF-4590a21f1db1e027,,PDF_TEXT_CANDIDATE_NOT_STRUCTURED,SRC-ARXIV-b58e77da930e:page 5,{ ∂,"pypdf text extraction found a math-symbol-dense line; no reliable LaTeX/MathML recovery is possible from rendered PDF text alone, so this is NOT promoted to an equation record -- human review or a higher-quality source representation is required before this can be extracted as a structured equation (brief section VII).",UNRESOLVED
REVPDF-49f714db69e35cff,,PDF_TEXT_CANDIDATE_NOT_STRUCTURED,SRC-ARXIV-b58e77da930e:page 5,∂xi,"pypdf text extraction found a math-symbol-dense line; no reliable LaTeX/MathML recovery is possible from rendered PDF text alone, so this is NOT promoted to an equation record -- human review or a higher-quality source representation is required before this can be extracted as a structured equation (brief section VII).",UNRESOLVED
REVPDF-f8d1149764f30283,,PDF_TEXT_CANDIDATE_NOT_STRUCTURED,SRC-ARXIV-b58e77da930e:page 5,∂Fα,"pypdf text extraction found a math-symbol-dense line; no reliable LaTeX/MathML recovery is possible from rendered PDF text alone, so this is NOT promoted to an equation record -- human review or a higher-quality source representation is required before this can be extracted as a structured equation (brief section VII).",UNRESOLVED
REVPDF-946701af1630975e,,PDF_TEXT_CANDIDATE_NOT_STRUCTURED,SRC-ARXIV-b58e77da930e:page 5,∂Fβ,"pypdf text extraction found a math-symbol-dense line; no reliable LaTeX/MathML recovery is possible from rendered PDF text alone, so this is NOT promoted to an equation record -- human review or a higher-quality source representation is required before this can be extracted as a structured equation (brief section VII).",UNRESOLVED
REVPDF-a0e90bf393bae091,,PDF_TEXT_CANDIDATE_NOT_STRUCTURED,SRC-ARXIV-b58e77da930e:page 5,∂xj + ∂Fα,"pypdf text extraction found a math-symbol-dense line; no reliable LaTeX/MathML recovery is possible from rendered PDF text alone, so this is NOT promoted to an equation record -- human review or a higher-quality source representation is required before this can be extracted as a structured equation (brief section VII).",UNRESOLVED
REVPDF-49f714db69e35cff,,PDF_TEXT_CANDIDATE_NOT_STRUCTURED,SRC-ARXIV-b58e77da930e:page 5,∂xi,"pypdf text extraction found a math-symbol-dense line; no reliable LaTeX/MathML recovery is possible from rendered PDF text alone, so this is NOT promoted to an equation record -- human review or a higher-quality source representation is required before this can be extracted as a structured equation (brief section VII).",UNRESOLVED
REVPDF-4f06e163f6d95b2b,,PDF_TEXT_CANDIDATE_NOT_STRUCTURED,SRC-ARXIV-b58e77da930e:page 5,∂xj,"pypdf text extraction found a math-symbol-dense line; no reliable LaTeX/MathML recovery is possible from rendered PDF text alone, so this is NOT promoted to an equation record -- human review or a higher-quality source representation is required before this can be extracted as a structured equation (brief section VII).",UNRESOLVED
REVPDF-946701af1630975e,,PDF_TEXT_CANDIDATE_NOT_STRUCTURED,SRC-ARXIV-b58e77da930e:page 5,∂Fβ,"pypdf text extraction found a math-symbol-dense line; no reliable LaTeX/MathML recovery is possible from rendered PDF text alone, so this is NOT promoted to an equation record -- human review or a higher-quality source representation is required before this can be extracted as a structured equation (brief section VII).",UNRESOLVED
REVPDF-904690032b01304f,,PDF_TEXT_CANDIDATE_NOT_STRUCTURED,SRC-ARXIV-b58e77da930e:page 5,= ¯ωαβ,"pypdf text extraction found a math-symbol-dense line; no reliable LaTeX/MathML recovery is possible from rendered PDF text alone, so this is NOT promoted to an equation record -- human review or a higher-quality source representation is required before this can be extracted as a structured equation (brief section VII).",UNRESOLVED
REVPDF-eb5e30e6de80626f,,PDF_TEXT_CANDIDATE_NOT_STRUCTURED,SRC-ARXIV-b58e77da930e:page 5,{ ∂Kα,"pypdf text extraction found a math-symbol-dense line; no reliable LaTeX/MathML recovery is possible from rendered PDF text alone, so this is NOT promoted to an equation record -- human review or a higher-quality source representation is required before this can be extracted as a structured equation (brief section VII).",UNRESOLVED
REVPDF-49f714db69e35cff,,PDF_TEXT_CANDIDATE_NOT_STRUCTURED,SRC-ARXIV-b58e77da930e:page 5,∂xi,"pypdf text extraction found a math-symbol-dense line; no reliable LaTeX/MathML recovery is possible from rendered PDF text alone, so this is NOT promoted to an equation record -- human review or a higher-quality source representation is required before this can be extracted as a structured equation (brief section VII).",UNRESOLVED
REVPDF-946701af1630975e,,PDF_TEXT_CANDIDATE_NOT_STRUCTURED,SRC-ARXIV-b58e77da930e:page 5,∂Fβ,"pypdf text extraction found a math-symbol-dense line; no reliable LaTeX/MathML recovery is possible from rendered PDF text alone, so this is NOT promoted to an equation record -- human review or a higher-quality source representation is required before this can be extracted as a structured equation (brief section VII).",UNRESOLVED
REVPDF-a0e90bf393bae091,,PDF_TEXT_CANDIDATE_NOT_STRUCTURED,SRC-ARXIV-b58e77da930e:page 5,∂xj + ∂Fα,"pypdf text extraction found a math-symbol-dense line; no reliable LaTeX/MathML recovery is possible from rendered PDF text alone, so this is NOT promoted to an equation record -- human review or a higher-quality source representation is required before this can be extracted as a structured equation (brief section VII).",UNRESOLVED
REVPDF-49f714db69e35cff,,PDF_TEXT_CANDIDATE_NOT_STRUCTURED,SRC-ARXIV-b58e77da930e:page 5,∂xi,"pypdf text extraction found a math-symbol-dense line; no reliable LaTeX/MathML recovery is possible from rendered PDF text alone, so this is NOT promoted to an equation record -- human review or a higher-quality source representation is required before this can be extracted as a structured equation (brief section VII).",UNRESOLVED
REVPDF-2cc1a03781105a00,,PDF_TEXT_CANDIDATE_NOT_STRUCTURED,SRC-ARXIV-b58e77da930e:page 5,∂Kβ,"pypdf text extraction found a math-symbol-dense line; no reliable LaTeX/MathML recovery is possible from rendered PDF text alone, so this is NOT promoted to an equation record -- human review or a higher-quality source representation is required before this can be extracted as a structured equation (brief section VII).",UNRESOLVED
REVPDF-4f06e163f6d95b2b,,PDF_TEXT_CANDIDATE_NOT_STRUCTURED,SRC-ARXIV-b58e77da930e:page 5,∂xj,"pypdf text extraction found a math-symbol-dense line; no reliable LaTeX/MathML recovery is possible from rendered PDF text alone, so this is NOT promoted to an equation record -- human review or a higher-quality source representation is required before this can be extracted as a structured equation (brief section VII).",UNRESOLVED
REVPDF-a3a8446306a66239,,PDF_TEXT_CANDIDATE_NOT_STRUCTURED,SRC-ARXIV-b58e77da930e:page 5,= ¯ω,"pypdf text extraction found a math-symbol-dense line; no reliable LaTeX/MathML recovery is possible from rendered PDF text alone, so this is NOT promoted to an equation record -- human review or a higher-quality source representation is required before this can be extracted as a structured equation (brief section VII).",UNRESOLVED
REVPDF-8a367045281fa27c,,PDF_TEXT_CANDIDATE_NOT_STRUCTURED,SRC-ARXIV-b58e77da930e:page 5,( ∂K,"pypdf text extraction found a math-symbol-dense line; no reliable LaTeX/MathML recovery is possible from rendered PDF text alone, so this is NOT promoted to an equation record -- human review or a higher-quality source representation is required before this can be extracted as a structured equation (brief section VII).",UNRESOLVED
REVPDF-ed2cde227bfb7734,,PDF_TEXT_CANDIDATE_NOT_STRUCTURED,SRC-ARXIV-b58e77da930e:page 5,"∂xi, ∂F","pypdf text extraction found a math-symbol-dense line; no reliable LaTeX/MathML recovery is possible from rendered PDF text alone, so this is NOT promoted to an equation record -- human review or a higher-quality source representation is required before this can be extracted as a structured equation (brief section VII).",UNRESOLVED
REVPDF-4f06e163f6d95b2b,,PDF_TEXT_CANDIDATE_NOT_STRUCTURED,SRC-ARXIV-b58e77da930e:page 5,∂xj,"pypdf text extraction found a math-symbol-dense line; no reliable LaTeX/MathML recovery is possible from rendered PDF text alone, so this is NOT promoted to an equation record -- human review or a higher-quality source representation is required before this can be extracted as a structured equation (brief section VII).",UNRESOLVED
REVPDF-71d7d9b22af08270,,PDF_TEXT_CANDIDATE_NOT_STRUCTURED,SRC-ARXIV-b58e77da930e:page 5,− ¯ω,"pypdf text extraction found a math-symbol-dense line; no reliable LaTeX/MathML recovery is possible from rendered PDF text alone, so this is NOT promoted to an equation record -- human review or a higher-quality source representation is required before this can be extracted as a structured equation (brief section VII).",UNRESOLVED
REVPDF-8a367045281fa27c,,PDF_TEXT_CANDIDATE_NOT_STRUCTURED,SRC-ARXIV-b58e77da930e:page 5,( ∂K,"pypdf text extraction found a math-symbol-dense line; no reliable LaTeX/MathML recovery is possible from rendered PDF text alone, so this is NOT promoted to an equation record -- human review or a higher-quality source representation is required before this can be extracted as a structured equation (brief section VII).",UNRESOLVED
REVPDF-b0896644e938e04a,,PDF_TEXT_CANDIDATE_NOT_STRUCTURED,SRC-ARXIV-b58e77da930e:page 5,"∂xj, ∂F","pypdf text extraction found a math-symbol-dense line; no reliable LaTeX/MathML recovery is possible from rendered PDF text alone, so this is NOT promoted to an equation record -- human review or a higher-quality source representation is required before this can be extracted as a structured equation (brief section VII).",UNRESOLVED
REVPDF-49f714db69e35cff,,PDF_TEXT_CANDIDATE_NOT_STRUCTURED,SRC-ARXIV-b58e77da930e:page 5,∂xi,"pypdf text extraction found a math-symbol-dense line; no reliable LaTeX/MathML recovery is possible from rendered PDF text alone, so this is NOT promoted to an equation record -- human review or a higher-quality source representation is required before this can be extracted as a structured equation (brief section VII).",UNRESOLVED
REVPDF-7d3b36d466131f75,,PDF_TEXT_CANDIDATE_NOT_STRUCTURED,SRC-ARXIV-b58e77da930e:page 5,= (dαK )ij.,"pypdf text extraction found a math-symbol-dense line; no reliable LaTeX/MathML recovery is possible from rendered PDF text alone, so this is NOT promoted to an equation record -- human review or a higher-quality source representation is required before this can be extracted as a structured equation (brief section VII).",UNRESOLVED
REVPDF-edffdd9c8f74071e,,PDF_TEXT_CANDIDATE_NOT_STRUCTURED,SRC-ARXIV-b58e77da930e:page 5,dtgij = ¯g,"pypdf text extraction found a math-symbol-dense line; no reliable LaTeX/MathML recovery is possible from rendered PDF text alone, so this is NOT promoted to an equation record -- human review or a higher-quality source representation is required before this can be extracted as a structured equation (brief section VII).",UNRESOLVED
REVPDF-9049fccc71ebe17e,,PDF_TEXT_CANDIDATE_NOT_STRUCTURED,SRC-ARXIV-b58e77da930e:page 5,( ∂,"pypdf text extraction found a math-symbol-dense line; no reliable LaTeX/MathML recovery is possible from rendered PDF text alone, so this is NOT promoted to an equation record -- human review or a higher-quality source representation is required before this can be extracted as a structured equation (brief section VII).",UNRESOLVED
REVPDF-49f714db69e35cff,,PDF_TEXT_CANDIDATE_NOT_STRUCTURED,SRC-ARXIV-b58e77da930e:page 5,∂xi,"pypdf text extraction found a math-symbol-dense line; no reliable LaTeX/MathML recovery is possible from rendered PDF text alone, so this is NOT promoted to an equation record -- human review or a higher-quality source representation is required before this can be extracted as a structured equation (brief section VII).",UNRESOLVED
REVPDF-278d771c15328a13,,PDF_TEXT_CANDIDATE_NOT_STRUCTURED,SRC-ARXIV-b58e77da930e:page 5,"∂t , ∂F","pypdf text extraction found a math-symbol-dense line; no reliable LaTeX/MathML recovery is possible from rendered PDF text alone, so this is NOT promoted to an equation record -- human review or a higher-quality source representation is required before this can be extracted as a structured equation (brief section VII).",UNRESOLVED
REVPDF-4f06e163f6d95b2b,,PDF_TEXT_CANDIDATE_NOT_STRUCTURED,SRC-ARXIV-b58e77da930e:page 5,∂xj,"pypdf text extraction found a math-symbol-dense line; no reliable LaTeX/MathML recovery is possible from rendered PDF text alone, so this is NOT promoted to an equation record -- human review or a higher-quality source representation is required before this can be extracted as a structured equation (brief section VII).",UNRESOLVED
REVPDF-eefc17590ab3a8ec,,PDF_TEXT_CANDIDATE_NOT_STRUCTURED,SRC-ARXIV-b58e77da930e:page 5,+ ¯g,"pypdf text extraction found a math-symbol-dense line; no reliable LaTeX/MathML recovery is possible from rendered PDF text alone, so this is NOT promoted to an equation record -- human review or a higher-quality source representation is required before this can be extracted as a structured equation (brief section VII).",UNRESOLVED
REVPDF-3524925368ec890f,,PDF_TEXT_CANDIDATE_NOT_STRUCTURED,SRC-ARXIV-b58e77da930e:page 5,( ∂F,"pypdf text extraction found a math-symbol-dense line; no reliable LaTeX/MathML recovery is possible from rendered PDF text alone, so this is NOT promoted to an equation record -- human review or a higher-quality source representation is required before this can be extracted as a structured equation (brief section VII).",UNRESOLVED
REVPDF-b6b8703b4394dd1b,,PDF_TEXT_CANDIDATE_NOT_STRUCTURED,SRC-ARXIV-b58e77da930e:page 5,"∂xi, ∂","pypdf text extraction found a math-symbol-dense line; no reliable LaTeX/MathML recovery is possible from rendered PDF text alone, so this is NOT promoted to an equation record -- human review or a higher-quality source representation is required before this can be extracted as a structured equation (brief section VII).",UNRESOLVED
REVPDF-4f06e163f6d95b2b,,PDF_TEXT_CANDIDATE_NOT_STRUCTURED,SRC-ARXIV-b58e77da930e:page 5,∂xj,"pypdf text extraction found a math-symbol-dense line; no reliable LaTeX/MathML recovery is possible from rendered PDF text alone, so this is NOT promoted to an equation record -- human review or a higher-quality source representation is required before this can be extracted as a structured equation (brief section VII).",UNRESOLVED
REVPDF-310b5b97b19a7073,,PDF_TEXT_CANDIDATE_NOT_STRUCTURED,SRC-ARXIV-b58e77da930e:page 5,= ¯g,"pypdf text extraction found a math-symbol-dense line; no reliable LaTeX/MathML recovery is possible from rendered PDF text alone, so this is NOT promoted to an equation record -- human review or a higher-quality source representation is required before this can be extracted as a structured equation (brief section VII).",UNRESOLVED
REVPDF-8a367045281fa27c,,PDF_TEXT_CANDIDATE_NOT_STRUCTURED,SRC-ARXIV-b58e77da930e:page 5,( ∂K,"pypdf text extraction found a math-symbol-dense line; no reliable LaTeX/MathML recovery is possible from rendered PDF text alone, so this is NOT promoted to an equation record -- human review or a higher-quality source representation is required before this can be extracted as a structured equation (brief section VII).",UNRESOLVED
REVPDF-ed2cde227bfb7734,,PDF_TEXT_CANDIDATE_NOT_STRUCTURED,SRC-ARXIV-b58e77da930e:page 5,"∂xi, ∂F","pypdf text extraction found a math-symbol-dense line; no reliable LaTeX/MathML recovery is possible from rendered PDF text alone, so this is NOT promoted to an equation record -- human review or a higher-quality source representation is required before this can be extracted as a structured equation (brief section VII).",UNRESOLVED
REVPDF-4f06e163f6d95b2b,,PDF_TEXT_CANDIDATE_NOT_STRUCTURED,SRC-ARXIV-b58e77da930e:page 5,∂xj,"pypdf text extraction found a math-symbol-dense line; no reliable LaTeX/MathML recovery is possible from rendered PDF text alone, so this is NOT promoted to an equation record -- human review or a higher-quality source representation is required before this can be extracted as a structured equation (brief section VII).",UNRESOLVED
REVPDF-eefc17590ab3a8ec,,PDF_TEXT_CANDIDATE_NOT_STRUCTURED,SRC-ARXIV-b58e77da930e:page 5,+ ¯g,"pypdf text extraction found a math-symbol-dense line; no reliable LaTeX/MathML recovery is possible from rendered PDF text alone, so this is NOT promoted to an equation record -- human review or a higher-quality source representation is required before this can be extracted as a structured equation (brief section VII).",UNRESOLVED
REVPDF-8a367045281fa27c,,PDF_TEXT_CANDIDATE_NOT_STRUCTURED,SRC-ARXIV-b58e77da930e:page 5,( ∂K,"pypdf text extraction found a math-symbol-dense line; no reliable LaTeX/MathML recovery is possible from rendered PDF text alone, so this is NOT promoted to an equation record -- human review or a higher-quality source representation is required before this can be extracted as a structured equation (brief section VII).",UNRESOLVED
REVPDF-b0896644e938e04a,,PDF_TEXT_CANDIDATE_NOT_STRUCTURED,SRC-ARXIV-b58e77da930e:page 5,"∂xj, ∂F","pypdf text extraction found a math-symbol-dense line; no reliable LaTeX/MathML recovery is possible from rendered PDF text alone, so this is NOT promoted to an equation record -- human review or a higher-quality source representation is required before this can be extracted as a structured equation (brief section VII).",UNRESOLVED
REVPDF-49f714db69e35cff,,PDF_TEXT_CANDIDATE_NOT_STRUCTURED,SRC-ARXIV-b58e77da930e:page 5,∂xi,"pypdf text extraction found a math-symbol-dense line; no reliable LaTeX/MathML recovery is possible from rendered PDF text alone, so this is NOT promoted to an equation record -- human review or a higher-quality source representation is required before this can be extracted as a structured equation (brief section VII).",UNRESOLVED
REVPDF-0715fa98c1e2fd4c,,PDF_TEXT_CANDIDATE_NOT_STRUCTURED,SRC-ARXIV-b58e77da930e:page 5,= −2¯g,"pypdf text extraction found a math-symbol-dense line; no reliable LaTeX/MathML recovery is possible from rendered PDF text alone, so this is NOT promoted to an equation record -- human review or a higher-quality source representation is required before this can be extracted as a structured equation (brief section VII).",UNRESOLVED
REVPDF-7c0feeaf2fc52375,,PDF_TEXT_CANDIDATE_NOT_STRUCTURED,SRC-ARXIV-b58e77da930e:page 5,"H, ∂ 2F","pypdf text extraction found a math-symbol-dense line; no reliable LaTeX/MathML recovery is possible from rendered PDF text alone, so this is NOT promoted to an equation record -- human review or a higher-quality source representation is required before this can be extracted as a structured equation (brief section VII).",UNRESOLVED
REVPDF-6a90d6658dd1e821,,PDF_TEXT_CANDIDATE_NOT_STRUCTURED,SRC-ARXIV-b58e77da930e:page 5,∂xi∂xj,"pypdf text extraction found a math-symbol-dense line; no reliable LaTeX/MathML recovery is possible from rendered PDF text alone, so this is NOT promoted to an equation record -- human review or a higher-quality source representation is required before this can be extracted as a structured equation (brief section VII).",UNRESOLVED
REVPDF-ad55e45ee328116a,,PDF_TEXT_CANDIDATE_NOT_STRUCTURED,SRC-ARXIV-b58e77da930e:page 5,+ 2n¯g,"pypdf text extraction found a math-symbol-dense line; no reliable LaTeX/MathML recovery is possible from rendered PDF text alone, so this is NOT promoted to an equation record -- human review or a higher-quality source representation is required before this can be extracted as a structured equation (brief section VII).",UNRESOLVED
REVPDF-974e834dfe5b9fae,,PDF_TEXT_CANDIDATE_NOT_STRUCTURED,SRC-ARXIV-b58e77da930e:page 5,"¯∇ψ,π νL","pypdf text extraction found a math-symbol-dense line; no reliable LaTeX/MathML recovery is possible from rendered PDF text alone, so this is NOT promoted to an equation record -- human review or a higher-quality source representation is required before this can be extracted as a structured equation (brief section VII).",UNRESOLVED
REVPDF-8f1fbcba0f305e75,,PDF_TEXT_CANDIDATE_NOT_STRUCTURED,SRC-ARXIV-b58e77da930e:page 5,( ∂ 2F,"pypdf text extraction found a math-symbol-dense line; no reliable LaTeX/MathML recovery is possible from rendered PDF text alone, so this is NOT promoted to an equation record -- human review or a higher-quality source representation is required before this can be extracted as a structured equation (brief section VII).",UNRESOLVED
REVPDF-6a90d6658dd1e821,,PDF_TEXT_CANDIDATE_NOT_STRUCTURED,SRC-ARXIV-b58e77da930e:page 5,∂xi∂xj,"pypdf text extraction found a math-symbol-dense line; no reliable LaTeX/MathML recovery is possible from rendered PDF text alone, so this is NOT promoted to an equation record -- human review or a higher-quality source representation is required before this can be extracted as a structured equation (brief section VII).",UNRESOLVED
REVPDF-d6be0b6dc96720ac,,PDF_TEXT_CANDIDATE_NOT_STRUCTURED,SRC-ARXIV-b58e77da930e:page 5,= −2ηmn(αH )mhnij + 2ndψ (IIij).,"pypdf text extraction found a math-symbol-dense line; no reliable LaTeX/MathML recovery is possible from rendered PDF text alone, so this is NOT promoted to an equation record -- human review or a higher-quality source representation is required before this can be extracted as a structured equation (brief section VII).",UNRESOLVED
REVPDF-182ab983317abd60,,PDF_TEXT_CANDIDATE_NOT_STRUCTURED,SRC-ARXIV-b58e77da930e:page 5,"all t ∈ [0,τ ]","pypdf text extraction found a math-symbol-dense line; no reliable LaTeX/MathML recovery is possible from rendered PDF text alone, so this is NOT promoted to an equation record -- human review or a higher-quality source representation is required before this can be extracted as a structured equation (brief section VII).",UNRESOLVED
REVPDF-f454ddb0d980383f,,PDF_TEXT_CANDIDATE_NOT_STRUCTURED,SRC-ARXIV-b58e77da930e:page 5,dt |ω |2 ≤ ∆ |ω |2 +ndψ,"pypdf text extraction found a math-symbol-dense line; no reliable LaTeX/MathML recovery is possible from rendered PDF text alone, so this is NOT promoted to an equation record -- human review or a higher-quality source representation is required before this can be extracted as a structured equation (brief section VII).",UNRESOLVED
REVPDF-339a1d085271817b,,PDF_TEXT_CANDIDATE_NOT_STRUCTURED,SRC-ARXIV-b58e77da930e:page 5,∇|ω |2),"pypdf text extraction found a math-symbol-dense line; no reliable LaTeX/MathML recovery is possible from rendered PDF text alone, so this is NOT promoted to an equation record -- human review or a higher-quality source representation is required before this can be extracted as a structured equation (brief section VII).",UNRESOLVED
REVPDF-9889378fcc9281c8,,PDF_TEXT_CANDIDATE_NOT_STRUCTURED,SRC-ARXIV-b58e77da930e:page 5,+C|ω |2.,"pypdf text extraction found a math-symbol-dense line; no reliable LaTeX/MathML recovery is possible from rendered PDF text alone, so this is NOT promoted to an equation record -- human review or a higher-quality source representation is required before this can be extracted as a structured equation (brief section VII).",UNRESOLVED
REVPDF-e61d3f1c3520810f,,PDF_TEXT_CANDIDATE_NOT_STRUCTURED,SRC-ARXIV-b58e77da930e:page 6,"Proof. Denote Y =πνL ( ¯∇ψ ), so that K =H −nY . Then","pypdf text extraction found a math-symbol-dense line; no reliable LaTeX/MathML recovery is possible from rendered PDF text alone, so this is NOT promoted to an equation record -- human review or a higher-quality source representation is required before this can be extracted as a structured equation (brief section VII).",UNRESOLVED
REVPDF-a174163ed1839570,,PDF_TEXT_CANDIDATE_NOT_STRUCTURED,SRC-ARXIV-b58e77da930e:page 6,dt |ω |2 = d,"pypdf text extraction found a math-symbol-dense line; no reliable LaTeX/MathML recovery is possible from rendered PDF text alone, so this is NOT promoted to an equation record -- human review or a higher-quality source representation is required before this can be extracted as a structured equation (brief section VII).",UNRESOLVED
REVPDF-6d645e1f885814e7,,PDF_TEXT_CANDIDATE_NOT_STRUCTURED,SRC-ARXIV-b58e77da930e:page 6,dtgmkgjlωmjωkl,"pypdf text extraction found a math-symbol-dense line; no reliable LaTeX/MathML recovery is possible from rendered PDF text alone, so this is NOT promoted to an equation record -- human review or a higher-quality source representation is required before this can be extracted as a structured equation (brief section VII).",UNRESOLVED
REVPDF-8e524303d1095a37,,PDF_TEXT_CANDIDATE_NOT_STRUCTURED,SRC-ARXIV-b58e77da930e:page 6,= −2ωklωm,"pypdf text extraction found a math-symbol-dense line; no reliable LaTeX/MathML recovery is possible from rendered PDF text alone, so this is NOT promoted to an equation record -- human review or a higher-quality source representation is required before this can be extracted as a structured equation (brief section VII).",UNRESOLVED
REVPDF-a88151933c586b74,,PDF_TEXT_CANDIDATE_NOT_STRUCTURED,SRC-ARXIV-b58e77da930e:page 6,dtgmk + 2ωkl d,"pypdf text extraction found a math-symbol-dense line; no reliable LaTeX/MathML recovery is possible from rendered PDF text alone, so this is NOT promoted to an equation record -- human review or a higher-quality source representation is required before this can be extracted as a structured equation (brief section VII).",UNRESOLVED
REVPDF-4d0768f122d01380,,PDF_TEXT_CANDIDATE_NOT_STRUCTURED,SRC-ARXIV-b58e77da930e:page 6,dtωkl,"pypdf text extraction found a math-symbol-dense line; no reliable LaTeX/MathML recovery is possible from rendered PDF text alone, so this is NOT promoted to an equation record -- human review or a higher-quality source representation is required before this can be extracted as a structured equation (brief section VII).",UNRESOLVED
REVPDF-8e524303d1095a37,,PDF_TEXT_CANDIDATE_NOT_STRUCTURED,SRC-ARXIV-b58e77da930e:page 6,= −2ωklωm,"pypdf text extraction found a math-symbol-dense line; no reliable LaTeX/MathML recovery is possible from rendered PDF text alone, so this is NOT promoted to an equation record -- human review or a higher-quality source representation is required before this can be extracted as a structured equation (brief section VII).",UNRESOLVED
REVPDF-0c36091217187720,,PDF_TEXT_CANDIDATE_NOT_STRUCTURED,SRC-ARXIV-b58e77da930e:page 6,−2ηst(αH )shtmk + 2ndψ (IImk),"pypdf text extraction found a math-symbol-dense line; no reliable LaTeX/MathML recovery is possible from rendered PDF text alone, so this is NOT promoted to an equation record -- human review or a higher-quality source representation is required before this can be extracted as a structured equation (brief section VII).",UNRESOLVED
REVPDF-9e266a6eecc2ef22,,PDF_TEXT_CANDIDATE_NOT_STRUCTURED,SRC-ARXIV-b58e77da930e:page 6,+2ωkl (∇k(αH )l − ∇l(αH )k −n(dαY )kl),"pypdf text extraction found a math-symbol-dense line; no reliable LaTeX/MathML recovery is possible from rendered PDF text alone, so this is NOT promoted to an equation record -- human review or a higher-quality source representation is required before this can be extracted as a structured equation (brief section VII).",UNRESOLVED
REVPDF-605fc7a54b14adf2,,PDF_TEXT_CANDIDATE_NOT_STRUCTURED,SRC-ARXIV-b58e77da930e:page 6,= 4 ωklωm,"pypdf text extraction found a math-symbol-dense line; no reliable LaTeX/MathML recovery is possible from rendered PDF text alone, so this is NOT promoted to an equation record -- human review or a higher-quality source representation is required before this can be extracted as a structured equation (brief section VII).",UNRESOLVED
REVPDF-39d7e0dd84f8fb69,,PDF_TEXT_CANDIDATE_NOT_STRUCTURED,SRC-ARXIV-b58e77da930e:page 6,lηst(αH )shtmk − 4nωklωm,"pypdf text extraction found a math-symbol-dense line; no reliable LaTeX/MathML recovery is possible from rendered PDF text alone, so this is NOT promoted to an equation record -- human review or a higher-quality source representation is required before this can be extracted as a structured equation (brief section VII).",UNRESOLVED
REVPDF-da4c98230972d456,,PDF_TEXT_CANDIDATE_NOT_STRUCTURED,SRC-ARXIV-b58e77da930e:page 6,ldψ (IImk),"pypdf text extraction found a math-symbol-dense line; no reliable LaTeX/MathML recovery is possible from rendered PDF text alone, so this is NOT promoted to an equation record -- human review or a higher-quality source representation is required before this can be extracted as a structured equation (brief section VII).",UNRESOLVED
REVPDF-5a9c663cfd471173,,PDF_TEXT_CANDIDATE_NOT_STRUCTURED,SRC-ARXIV-b58e77da930e:page 6,+2ωkl (∇k(αH )l − ∇l(αH )k) − 2nωkl(dαY )kl,"pypdf text extraction found a math-symbol-dense line; no reliable LaTeX/MathML recovery is possible from rendered PDF text alone, so this is NOT promoted to an equation record -- human review or a higher-quality source representation is required before this can be extracted as a structured equation (brief section VII).",UNRESOLVED
REVPDF-605fc7a54b14adf2,,PDF_TEXT_CANDIDATE_NOT_STRUCTURED,SRC-ARXIV-b58e77da930e:page 6,= 4 ωklωm,"pypdf text extraction found a math-symbol-dense line; no reliable LaTeX/MathML recovery is possible from rendered PDF text alone, so this is NOT promoted to an equation record -- human review or a higher-quality source representation is required before this can be extracted as a structured equation (brief section VII).",UNRESOLVED
REVPDF-39d7e0dd84f8fb69,,PDF_TEXT_CANDIDATE_NOT_STRUCTURED,SRC-ARXIV-b58e77da930e:page 6,lηst(αH )shtmk − 4nωklωm,"pypdf text extraction found a math-symbol-dense line; no reliable LaTeX/MathML recovery is possible from rendered PDF text alone, so this is NOT promoted to an equation record -- human review or a higher-quality source representation is required before this can be extracted as a structured equation (brief section VII).",UNRESOLVED
REVPDF-da4c98230972d456,,PDF_TEXT_CANDIDATE_NOT_STRUCTURED,SRC-ARXIV-b58e77da930e:page 6,ldψ (IImk),"pypdf text extraction found a math-symbol-dense line; no reliable LaTeX/MathML recovery is possible from rendered PDF text alone, so this is NOT promoted to an equation record -- human review or a higher-quality source representation is required before this can be extracted as a structured equation (brief section VII).",UNRESOLVED
REVPDF-333f2714a6abb0df,,PDF_TEXT_CANDIDATE_NOT_STRUCTURED,SRC-ARXIV-b58e77da930e:page 6,+2ωklgpq (∇khlpq − ∇lhkpq) − 2nωkl(dαY )kl,"pypdf text extraction found a math-symbol-dense line; no reliable LaTeX/MathML recovery is possible from rendered PDF text alone, so this is NOT promoted to an equation record -- human review or a higher-quality source representation is required before this can be extracted as a structured equation (brief section VII).",UNRESOLVED
REVPDF-605fc7a54b14adf2,,PDF_TEXT_CANDIDATE_NOT_STRUCTURED,SRC-ARXIV-b58e77da930e:page 6,= 4 ωklωm,"pypdf text extraction found a math-symbol-dense line; no reliable LaTeX/MathML recovery is possible from rendered PDF text alone, so this is NOT promoted to an equation record -- human review or a higher-quality source representation is required before this can be extracted as a structured equation (brief section VII).",UNRESOLVED
REVPDF-39d7e0dd84f8fb69,,PDF_TEXT_CANDIDATE_NOT_STRUCTURED,SRC-ARXIV-b58e77da930e:page 6,lηst(αH )shtmk − 4nωklωm,"pypdf text extraction found a math-symbol-dense line; no reliable LaTeX/MathML recovery is possible from rendered PDF text alone, so this is NOT promoted to an equation record -- human review or a higher-quality source representation is required before this can be extracted as a structured equation (brief section VII).",UNRESOLVED
REVPDF-da4c98230972d456,,PDF_TEXT_CANDIDATE_NOT_STRUCTURED,SRC-ARXIV-b58e77da930e:page 6,ldψ (IImk),"pypdf text extraction found a math-symbol-dense line; no reliable LaTeX/MathML recovery is possible from rendered PDF text alone, so this is NOT promoted to an equation record -- human review or a higher-quality source representation is required before this can be extracted as a structured equation (brief section VII).",UNRESOLVED
REVPDF-ce763b7ddd829e31,,PDF_TEXT_CANDIDATE_NOT_STRUCTURED,SRC-ARXIV-b58e77da930e:page 6,+2ωklgpq,"pypdf text extraction found a math-symbol-dense line; no reliable LaTeX/MathML recovery is possible from rendered PDF text alone, so this is NOT promoted to an equation record -- human review or a higher-quality source representation is required before this can be extracted as a structured equation (brief section VII).",UNRESOLVED
REVPDF-d6017364c623f470,,PDF_TEXT_CANDIDATE_NOT_STRUCTURED,SRC-ARXIV-b58e77da930e:page 6,¯Rlkqp + ∇q∇pωkl +ω s,"pypdf text extraction found a math-symbol-dense line; no reliable LaTeX/MathML recovery is possible from rendered PDF text alone, so this is NOT promoted to an equation record -- human review or a higher-quality source representation is required before this can be extracted as a structured equation (brief section VII).",UNRESOLVED
REVPDF-48bbde49404ece0a,,PDF_TEXT_CANDIDATE_NOT_STRUCTURED,SRC-ARXIV-b58e77da930e:page 6,p ¯Rlkqs +ω s,"pypdf text extraction found a math-symbol-dense line; no reliable LaTeX/MathML recovery is possible from rendered PDF text alone, so this is NOT promoted to an equation record -- human review or a higher-quality source representation is required before this can be extracted as a structured equation (brief section VII).",UNRESOLVED
REVPDF-e146bf8453949df3,,PDF_TEXT_CANDIDATE_NOT_STRUCTURED,SRC-ARXIV-b58e77da930e:page 6,l Rkqps +ω s,"pypdf text extraction found a math-symbol-dense line; no reliable LaTeX/MathML recovery is possible from rendered PDF text alone, so this is NOT promoted to an equation record -- human review or a higher-quality source representation is required before this can be extracted as a structured equation (brief section VII).",UNRESOLVED
REVPDF-883b40f0b9e754aa,,PDF_TEXT_CANDIDATE_NOT_STRUCTURED,SRC-ARXIV-b58e77da930e:page 6,+ηmtω s,"pypdf text extraction found a math-symbol-dense line; no reliable LaTeX/MathML recovery is possible from rendered PDF text alone, so this is NOT promoted to an equation record -- human review or a higher-quality source representation is required before this can be extracted as a structured equation (brief section VII).",UNRESOLVED
REVPDF-27e30210a3ed643d,,PDF_TEXT_CANDIDATE_NOT_STRUCTURED,SRC-ARXIV-b58e77da930e:page 6,− 2nωkl(dαY )kl,"pypdf text extraction found a math-symbol-dense line; no reliable LaTeX/MathML recovery is possible from rendered PDF text alone, so this is NOT promoted to an equation record -- human review or a higher-quality source representation is required before this can be extracted as a structured equation (brief section VII).",UNRESOLVED
REVPDF-605fc7a54b14adf2,,PDF_TEXT_CANDIDATE_NOT_STRUCTURED,SRC-ARXIV-b58e77da930e:page 6,= 4 ωklωm,"pypdf text extraction found a math-symbol-dense line; no reliable LaTeX/MathML recovery is possible from rendered PDF text alone, so this is NOT promoted to an equation record -- human review or a higher-quality source representation is required before this can be extracted as a structured equation (brief section VII).",UNRESOLVED
REVPDF-39d7e0dd84f8fb69,,PDF_TEXT_CANDIDATE_NOT_STRUCTURED,SRC-ARXIV-b58e77da930e:page 6,lηst(αH )shtmk − 4nωklωm,"pypdf text extraction found a math-symbol-dense line; no reliable LaTeX/MathML recovery is possible from rendered PDF text alone, so this is NOT promoted to an equation record -- human review or a higher-quality source representation is required before this can be extracted as a structured equation (brief section VII).",UNRESOLVED
REVPDF-bd7cf657ffe1e626,,PDF_TEXT_CANDIDATE_NOT_STRUCTURED,SRC-ARXIV-b58e77da930e:page 6,ldψ (IImk) + 2ωkl ¯R p,"pypdf text extraction found a math-symbol-dense line; no reliable LaTeX/MathML recovery is possible from rendered PDF text alone, so this is NOT promoted to an equation record -- human review or a higher-quality source representation is required before this can be extracted as a structured equation (brief section VII).",UNRESOLVED
REVPDF-1a103fc2325b2b06,,PDF_TEXT_CANDIDATE_NOT_STRUCTURED,SRC-ARXIV-b58e77da930e:page 6,lkp + ∆ |ω |2,"pypdf text extraction found a math-symbol-dense line; no reliable LaTeX/MathML recovery is possible from rendered PDF text alone, so this is NOT promoted to an equation record -- human review or a higher-quality source representation is required before this can be extracted as a structured equation (brief section VII).",UNRESOLVED
REVPDF-d6aa318272512268,,PDF_TEXT_CANDIDATE_NOT_STRUCTURED,SRC-ARXIV-b58e77da930e:page 6,−|∇ω |2 + 2ωklω s,"pypdf text extraction found a math-symbol-dense line; no reliable LaTeX/MathML recovery is possible from rendered PDF text alone, so this is NOT promoted to an equation record -- human review or a higher-quality source representation is required before this can be extracted as a structured equation (brief section VII).",UNRESOLVED
REVPDF-192e4d06393950b8,,PDF_TEXT_CANDIDATE_NOT_STRUCTURED,SRC-ARXIV-b58e77da930e:page 6,lks + 2ωklω s,"pypdf text extraction found a math-symbol-dense line; no reliable LaTeX/MathML recovery is possible from rendered PDF text alone, so this is NOT promoted to an equation record -- human review or a higher-quality source representation is required before this can be extracted as a structured equation (brief section VII).",UNRESOLVED
REVPDF-a2d7aef151a8273b,,PDF_TEXT_CANDIDATE_NOT_STRUCTURED,SRC-ARXIV-b58e77da930e:page 6,kps + 2ωklω s,"pypdf text extraction found a math-symbol-dense line; no reliable LaTeX/MathML recovery is possible from rendered PDF text alone, so this is NOT promoted to an equation record -- human review or a higher-quality source representation is required before this can be extracted as a structured equation (brief section VII).",UNRESOLVED
REVPDF-c5dd4f57faeac304,,PDF_TEXT_CANDIDATE_NOT_STRUCTURED,SRC-ARXIV-b58e77da930e:page 6,+2ωklηmtω s,"pypdf text extraction found a math-symbol-dense line; no reliable LaTeX/MathML recovery is possible from rendered PDF text alone, so this is NOT promoted to an equation record -- human review or a higher-quality source representation is required before this can be extracted as a structured equation (brief section VII).",UNRESOLVED
REVPDF-cbd7b42aa082a9a2,,PDF_TEXT_CANDIDATE_NOT_STRUCTURED,SRC-ARXIV-b58e77da930e:page 6,ml hskp) − 2nωkl(dαY )kl.,"pypdf text extraction found a math-symbol-dense line; no reliable LaTeX/MathML recovery is possible from rendered PDF text alone, so this is NOT promoted to an equation record -- human review or a higher-quality source representation is required before this can be extracted as a structured equation (brief section VII).",UNRESOLVED
REVPDF-23f346d6106cb9da,,PDF_TEXT_CANDIDATE_NOT_STRUCTURED,SRC-ARXIV-b58e77da930e:page 6,2ωslωm,"pypdf text extraction found a math-symbol-dense line; no reliable LaTeX/MathML recovery is possible from rendered PDF text alone, so this is NOT promoted to an equation record -- human review or a higher-quality source representation is required before this can be extracted as a structured equation (brief section VII).",UNRESOLVED
REVPDF-020f3d6818981271,,PDF_TEXT_CANDIDATE_NOT_STRUCTURED,SRC-ARXIV-b58e77da930e:page 6,slm = 2,"pypdf text extraction found a math-symbol-dense line; no reliable LaTeX/MathML recovery is possible from rendered PDF text alone, so this is NOT promoted to an equation record -- human review or a higher-quality source representation is required before this can be extracted as a structured equation (brief section VII).",UNRESOLVED
REVPDF-53159cb686d17b71,,PDF_TEXT_CANDIDATE_NOT_STRUCTURED,SRC-ARXIV-b58e77da930e:page 6,ωsl,"pypdf text extraction found a math-symbol-dense line; no reliable LaTeX/MathML recovery is possible from rendered PDF text alone, so this is NOT promoted to an equation record -- human review or a higher-quality source representation is required before this can be extracted as a structured equation (brief section VII).",UNRESOLVED
REVPDF-f6375386b937ffa8,,PDF_TEXT_CANDIDATE_NOT_STRUCTURED,SRC-ARXIV-b58e77da930e:page 6,ωmiTislm,"pypdf text extraction found a math-symbol-dense line; no reliable LaTeX/MathML recovery is possible from rendered PDF text alone, so this is NOT promoted to an equation record -- human review or a higher-quality source representation is required before this can be extracted as a structured equation (brief section VII).",UNRESOLVED
REVPDF-4c30aabb5ecc70aa,,PDF_TEXT_CANDIDATE_NOT_STRUCTURED,SRC-ARXIV-b58e77da930e:page 6,(ωsl)2 +,"pypdf text extraction found a math-symbol-dense line; no reliable LaTeX/MathML recovery is possible from rendered PDF text alone, so this is NOT promoted to an equation record -- human review or a higher-quality source representation is required before this can be extracted as a structured equation (brief section VII).",UNRESOLVED
REVPDF-640111e4a9c3c6a3,,PDF_TEXT_CANDIDATE_NOT_STRUCTURED,SRC-ARXIV-b58e77da930e:page 6,ωmlTislm,"pypdf text extraction found a math-symbol-dense line; no reliable LaTeX/MathML recovery is possible from rendered PDF text alone, so this is NOT promoted to an equation record -- human review or a higher-quality source representation is required before this can be extracted as a structured equation (brief section VII).",UNRESOLVED
REVPDF-cd3dc69f4c2a9196,,PDF_TEXT_CANDIDATE_NOT_STRUCTURED,SRC-ARXIV-b58e77da930e:page 6,≤ | ω |2 +n2 ∑,"pypdf text extraction found a math-symbol-dense line; no reliable LaTeX/MathML recovery is possible from rendered PDF text alone, so this is NOT promoted to an equation record -- human review or a higher-quality source representation is required before this can be extracted as a structured equation (brief section VII).",UNRESOLVED
REVPDF-33c6f71049aca7c3,,PDF_TEXT_CANDIDATE_NOT_STRUCTURED,SRC-ARXIV-b58e77da930e:page 6,(ωml)2(Tislm)2 ≤,"pypdf text extraction found a math-symbol-dense line; no reliable LaTeX/MathML recovery is possible from rendered PDF text alone, so this is NOT promoted to an equation record -- human review or a higher-quality source representation is required before this can be extracted as a structured equation (brief section VII).",UNRESOLVED
REVPDF-a97cfad2b2d90656,,PDF_TEXT_CANDIDATE_NOT_STRUCTURED,SRC-ARXIV-b58e77da930e:page 6,1 +n2|T |2),"pypdf text extraction found a math-symbol-dense line; no reliable LaTeX/MathML recovery is possible from rendered PDF text alone, so this is NOT promoted to an equation record -- human review or a higher-quality source representation is required before this can be extracted as a structured equation (brief section VII).",UNRESOLVED
REVPDF-caf4b46606fc00a6,,PDF_TEXT_CANDIDATE_NOT_STRUCTURED,SRC-ARXIV-b58e77da930e:page 6,|ω |2.,"pypdf text extraction found a math-symbol-dense line; no reliable LaTeX/MathML recovery is possible from rendered PDF text alone, so this is NOT promoted to an equation record -- human review or a higher-quality source representation is required before this can be extracted as a structured equation (brief section VII).",UNRESOLVED
REVPDF-84218b5cc7f67131,,PDF_TEXT_CANDIDATE_NOT_STRUCTURED,SRC-ARXIV-b58e77da930e:page 6,"t ∈ [0,τ ]","pypdf text extraction found a math-symbol-dense line; no reliable LaTeX/MathML recovery is possible from rendered PDF text alone, so this is NOT promoted to an equation record -- human review or a higher-quality source representation is required before this can be extracted as a structured equation (brief section VII).",UNRESOLVED
REVPDF-be5b43007ddcf733,,PDF_TEXT_CANDIDATE_NOT_STRUCTURED,SRC-ARXIV-b58e77da930e:page 6,dt |ω |2 ≤ ∆ |ω |2 +C|ω |2 + 2ωkl ¯R p,"pypdf text extraction found a math-symbol-dense line; no reliable LaTeX/MathML recovery is possible from rendered PDF text alone, so this is NOT promoted to an equation record -- human review or a higher-quality source representation is required before this can be extracted as a structured equation (brief section VII).",UNRESOLVED
REVPDF-25d2f1f539e1f8eb,,PDF_TEXT_CANDIDATE_NOT_STRUCTURED,SRC-ARXIV-b58e77da930e:page 6,lkp − 2nωkl(dαY )lk.,"pypdf text extraction found a math-symbol-dense line; no reliable LaTeX/MathML recovery is possible from rendered PDF text alone, so this is NOT promoted to an equation record -- human review or a higher-quality source representation is required before this can be extracted as a structured equation (brief section VII).",UNRESOLVED
REVPDF-637423f9582b7e49,,PDF_TEXT_CANDIDATE_NOT_STRUCTURED,SRC-ARXIV-b58e77da930e:page 6,(αY )l = ¯ω,"pypdf text extraction found a math-symbol-dense line; no reliable LaTeX/MathML recovery is possible from rendered PDF text alone, so this is NOT promoted to an equation record -- human review or a higher-quality source representation is required before this can be extracted as a structured equation (brief section VII).",UNRESOLVED
REVPDF-277abfbf37ec6b04,,PDF_TEXT_CANDIDATE_NOT_STRUCTURED,SRC-ARXIV-b58e77da930e:page 6,πνL,"pypdf text extraction found a math-symbol-dense line; no reliable LaTeX/MathML recovery is possible from rendered PDF text alone, so this is NOT promoted to an equation record -- human review or a higher-quality source representation is required before this can be extracted as a structured equation (brief section VII).",UNRESOLVED
REVPDF-e15d5c139135ccff,,PDF_TEXT_CANDIDATE_NOT_STRUCTURED,SRC-ARXIV-b58e77da930e:page 6,( ¯∇ψ,"pypdf text extraction found a math-symbol-dense line; no reliable LaTeX/MathML recovery is possible from rendered PDF text alone, so this is NOT promoted to an equation record -- human review or a higher-quality source representation is required before this can be extracted as a structured equation (brief section VII).",UNRESOLVED
REVPDF-a31af024e9cab7ae,,PDF_TEXT_CANDIDATE_NOT_STRUCTURED,SRC-ARXIV-b58e77da930e:page 6,= −¯g,"pypdf text extraction found a math-symbol-dense line; no reliable LaTeX/MathML recovery is possible from rendered PDF text alone, so this is NOT promoted to an equation record -- human review or a higher-quality source representation is required before this can be extracted as a structured equation (brief section VII).",UNRESOLVED
REVPDF-b39f977fbb818d75,,PDF_TEXT_CANDIDATE_NOT_STRUCTURED,SRC-ARXIV-b58e77da930e:page 6,"( ¯∇ψ,J (el)","pypdf text extraction found a math-symbol-dense line; no reliable LaTeX/MathML recovery is possible from rendered PDF text alone, so this is NOT promoted to an equation record -- human review or a higher-quality source representation is required before this can be extracted as a structured equation (brief section VII).",UNRESOLVED
REVPDF-f4ea71e84e242518,,PDF_TEXT_CANDIDATE_NOT_STRUCTURED,SRC-ARXIV-b58e77da930e:page 6,"( ¯∇ψ,e k","pypdf text extraction found a math-symbol-dense line; no reliable LaTeX/MathML recovery is possible from rendered PDF text alone, so this is NOT promoted to an equation record -- human review or a higher-quality source representation is required before this can be extracted as a structured equation (brief section VII).",UNRESOLVED
REVPDF-696fce5ef25a3d2c,,PDF_TEXT_CANDIDATE_NOT_STRUCTURED,SRC-ARXIV-b58e77da930e:page 6,"¯ω (em,e l)","pypdf text extraction found a math-symbol-dense line; no reliable LaTeX/MathML recovery is possible from rendered PDF text alone, so this is NOT promoted to an equation record -- human review or a higher-quality source representation is required before this can be extracted as a structured equation (brief section VII).",UNRESOLVED
REVPDF-5c1b9e823d69a2f5,,PDF_TEXT_CANDIDATE_NOT_STRUCTURED,SRC-ARXIV-b58e77da930e:page 6,"= d cψ (el) −gmkdψ (ek)ωml,","pypdf text extraction found a math-symbol-dense line; no reliable LaTeX/MathML recovery is possible from rendered PDF text alone, so this is NOT promoted to an equation record -- human review or a higher-quality source representation is required before this can be extracted as a structured equation (brief section VII).",UNRESOLVED
REVPDF-e6112f7841f21429,,PDF_TEXT_CANDIDATE_NOT_STRUCTURED,SRC-ARXIV-b58e77da930e:page 6,(dαY )kl = ∂,"pypdf text extraction found a math-symbol-dense line; no reliable LaTeX/MathML recovery is possible from rendered PDF text alone, so this is NOT promoted to an equation record -- human review or a higher-quality source representation is required before this can be extracted as a structured equation (brief section VII).",UNRESOLVED
REVPDF-ef771c2b32830493,,PDF_TEXT_CANDIDATE_NOT_STRUCTURED,SRC-ARXIV-b58e77da930e:page 6,∂xk dcψ (el) − ∂,"pypdf text extraction found a math-symbol-dense line; no reliable LaTeX/MathML recovery is possible from rendered PDF text alone, so this is NOT promoted to an equation record -- human review or a higher-quality source representation is required before this can be extracted as a structured equation (brief section VII).",UNRESOLVED
REVPDF-07062f9483c7fa6d,,PDF_TEXT_CANDIDATE_NOT_STRUCTURED,SRC-ARXIV-b58e77da930e:page 6,∂xl dcψ (ek),"pypdf text extraction found a math-symbol-dense line; no reliable LaTeX/MathML recovery is possible from rendered PDF text alone, so this is NOT promoted to an equation record -- human review or a higher-quality source representation is required before this can be extracted as a structured equation (brief section VII).",UNRESOLVED
REVPDF-6af34f2aefc043fa,,PDF_TEXT_CANDIDATE_NOT_STRUCTURED,SRC-ARXIV-b58e77da930e:page 7,− ∂,"pypdf text extraction found a math-symbol-dense line; no reliable LaTeX/MathML recovery is possible from rendered PDF text alone, so this is NOT promoted to an equation record -- human review or a higher-quality source representation is required before this can be extracted as a structured equation (brief section VII).",UNRESOLVED
REVPDF-f8312b2e8a60fe49,,PDF_TEXT_CANDIDATE_NOT_STRUCTURED,SRC-ARXIV-b58e77da930e:page 7,∂xk,"pypdf text extraction found a math-symbol-dense line; no reliable LaTeX/MathML recovery is possible from rendered PDF text alone, so this is NOT promoted to an equation record -- human review or a higher-quality source representation is required before this can be extracted as a structured equation (brief section VII).",UNRESOLVED
REVPDF-892f8d0e9a195ee8,,PDF_TEXT_CANDIDATE_NOT_STRUCTURED,SRC-ARXIV-b58e77da930e:page 7,gmjdψ (ej)ωml,"pypdf text extraction found a math-symbol-dense line; no reliable LaTeX/MathML recovery is possible from rendered PDF text alone, so this is NOT promoted to an equation record -- human review or a higher-quality source representation is required before this can be extracted as a structured equation (brief section VII).",UNRESOLVED
REVPDF-b1687951f15f384a,,PDF_TEXT_CANDIDATE_NOT_STRUCTURED,SRC-ARXIV-b58e77da930e:page 7,+ ∂,"pypdf text extraction found a math-symbol-dense line; no reliable LaTeX/MathML recovery is possible from rendered PDF text alone, so this is NOT promoted to an equation record -- human review or a higher-quality source representation is required before this can be extracted as a structured equation (brief section VII).",UNRESOLVED
REVPDF-eac3c4fa60598195,,PDF_TEXT_CANDIDATE_NOT_STRUCTURED,SRC-ARXIV-b58e77da930e:page 7,∂xl,"pypdf text extraction found a math-symbol-dense line; no reliable LaTeX/MathML recovery is possible from rendered PDF text alone, so this is NOT promoted to an equation record -- human review or a higher-quality source representation is required before this can be extracted as a structured equation (brief section VII).",UNRESOLVED
REVPDF-db97375a47e03a01,,PDF_TEXT_CANDIDATE_NOT_STRUCTURED,SRC-ARXIV-b58e77da930e:page 7,gmjdψ (ej)ωmk,"pypdf text extraction found a math-symbol-dense line; no reliable LaTeX/MathML recovery is possible from rendered PDF text alone, so this is NOT promoted to an equation record -- human review or a higher-quality source representation is required before this can be extracted as a structured equation (brief section VII).",UNRESOLVED
REVPDF-e1bc9be3a592db03,,PDF_TEXT_CANDIDATE_NOT_STRUCTURED,SRC-ARXIV-b58e77da930e:page 7,"= dd cψ (ek,e l) −gmjωml","pypdf text extraction found a math-symbol-dense line; no reliable LaTeX/MathML recovery is possible from rendered PDF text alone, so this is NOT promoted to an equation record -- human review or a higher-quality source representation is required before this can be extracted as a structured equation (brief section VII).",UNRESOLVED
REVPDF-4aa72c455a8530ea,,PDF_TEXT_CANDIDATE_NOT_STRUCTURED,SRC-ARXIV-b58e77da930e:page 7,∂xk dψ (ej),"pypdf text extraction found a math-symbol-dense line; no reliable LaTeX/MathML recovery is possible from rendered PDF text alone, so this is NOT promoted to an equation record -- human review or a higher-quality source representation is required before this can be extracted as a structured equation (brief section VII).",UNRESOLVED
REVPDF-c632fa9f1e3f8db1,,PDF_TEXT_CANDIDATE_NOT_STRUCTURED,SRC-ARXIV-b58e77da930e:page 7,+gmjωmk,"pypdf text extraction found a math-symbol-dense line; no reliable LaTeX/MathML recovery is possible from rendered PDF text alone, so this is NOT promoted to an equation record -- human review or a higher-quality source representation is required before this can be extracted as a structured equation (brief section VII).",UNRESOLVED
REVPDF-fd54459a455895e2,,PDF_TEXT_CANDIDATE_NOT_STRUCTURED,SRC-ARXIV-b58e77da930e:page 7,∂xl dψ (ej) −gmjdψ (ej)∂ωml,"pypdf text extraction found a math-symbol-dense line; no reliable LaTeX/MathML recovery is possible from rendered PDF text alone, so this is NOT promoted to an equation record -- human review or a higher-quality source representation is required before this can be extracted as a structured equation (brief section VII).",UNRESOLVED
REVPDF-c4c626a949d7f841,,PDF_TEXT_CANDIDATE_NOT_STRUCTURED,SRC-ARXIV-b58e77da930e:page 7,∂xk +gmjdψ (ej)∂ωmk,"pypdf text extraction found a math-symbol-dense line; no reliable LaTeX/MathML recovery is possible from rendered PDF text alone, so this is NOT promoted to an equation record -- human review or a higher-quality source representation is required before this can be extracted as a structured equation (brief section VII).",UNRESOLVED
REVPDF-f71f5a11cb32a300,,PDF_TEXT_CANDIDATE_NOT_STRUCTURED,SRC-ARXIV-b58e77da930e:page 7,∂xl .,"pypdf text extraction found a math-symbol-dense line; no reliable LaTeX/MathML recovery is possible from rendered PDF text alone, so this is NOT promoted to an equation record -- human review or a higher-quality source representation is required before this can be extracted as a structured equation (brief section VII).",UNRESOLVED
REVPDF-76774a2b8be666c6,,PDF_TEXT_CANDIDATE_NOT_STRUCTURED,SRC-ARXIV-b58e77da930e:page 7,−2nωkl(dαY )kl ≤C|ω |2 − 2ωkl ¯ρkl + 2ngmjωkldψ (ej ),"pypdf text extraction found a math-symbol-dense line; no reliable LaTeX/MathML recovery is possible from rendered PDF text alone, so this is NOT promoted to an equation record -- human review or a higher-quality source representation is required before this can be extracted as a structured equation (brief section VII).",UNRESOLVED
REVPDF-c08ea1bf5646d60a,,PDF_TEXT_CANDIDATE_NOT_STRUCTURED,SRC-ARXIV-b58e77da930e:page 7,( ∂ωml,"pypdf text extraction found a math-symbol-dense line; no reliable LaTeX/MathML recovery is possible from rendered PDF text alone, so this is NOT promoted to an equation record -- human review or a higher-quality source representation is required before this can be extracted as a structured equation (brief section VII).",UNRESOLVED
REVPDF-918e88953d63df5d,,PDF_TEXT_CANDIDATE_NOT_STRUCTURED,SRC-ARXIV-b58e77da930e:page 7,∂xk − ∂ωmk,"pypdf text extraction found a math-symbol-dense line; no reliable LaTeX/MathML recovery is possible from rendered PDF text alone, so this is NOT promoted to an equation record -- human review or a higher-quality source representation is required before this can be extracted as a structured equation (brief section VII).",UNRESOLVED
REVPDF-eac3c4fa60598195,,PDF_TEXT_CANDIDATE_NOT_STRUCTURED,SRC-ARXIV-b58e77da930e:page 7,∂xl,"pypdf text extraction found a math-symbol-dense line; no reliable LaTeX/MathML recovery is possible from rendered PDF text alone, so this is NOT promoted to an equation record -- human review or a higher-quality source representation is required before this can be extracted as a structured equation (brief section VII).",UNRESOLVED
REVPDF-3db12e2462d42841,,PDF_TEXT_CANDIDATE_NOT_STRUCTURED,SRC-ARXIV-b58e77da930e:page 7,gmjωkl,"pypdf text extraction found a math-symbol-dense line; no reliable LaTeX/MathML recovery is possible from rendered PDF text alone, so this is NOT promoted to an equation record -- human review or a higher-quality source representation is required before this can be extracted as a structured equation (brief section VII).",UNRESOLVED
REVPDF-c08ea1bf5646d60a,,PDF_TEXT_CANDIDATE_NOT_STRUCTURED,SRC-ARXIV-b58e77da930e:page 7,( ∂ωml,"pypdf text extraction found a math-symbol-dense line; no reliable LaTeX/MathML recovery is possible from rendered PDF text alone, so this is NOT promoted to an equation record -- human review or a higher-quality source representation is required before this can be extracted as a structured equation (brief section VII).",UNRESOLVED
REVPDF-918e88953d63df5d,,PDF_TEXT_CANDIDATE_NOT_STRUCTURED,SRC-ARXIV-b58e77da930e:page 7,∂xk − ∂ωmk,"pypdf text extraction found a math-symbol-dense line; no reliable LaTeX/MathML recovery is possible from rendered PDF text alone, so this is NOT promoted to an equation record -- human review or a higher-quality source representation is required before this can be extracted as a structured equation (brief section VII).",UNRESOLVED
REVPDF-eac3c4fa60598195,,PDF_TEXT_CANDIDATE_NOT_STRUCTURED,SRC-ARXIV-b58e77da930e:page 7,∂xl,"pypdf text extraction found a math-symbol-dense line; no reliable LaTeX/MathML recovery is possible from rendered PDF text alone, so this is NOT promoted to an equation record -- human review or a higher-quality source representation is required before this can be extracted as a structured equation (brief section VII).",UNRESOLVED
REVPDF-215122f33c1325f9,,PDF_TEXT_CANDIDATE_NOT_STRUCTURED,SRC-ARXIV-b58e77da930e:page 7,dψ (ej) = dψ,"pypdf text extraction found a math-symbol-dense line; no reliable LaTeX/MathML recovery is possible from rendered PDF text alone, so this is NOT promoted to an equation record -- human review or a higher-quality source representation is required before this can be extracted as a structured equation (brief section VII).",UNRESOLVED
REVPDF-62f843a22bf9c1bb,,PDF_TEXT_CANDIDATE_NOT_STRUCTURED,SRC-ARXIV-b58e77da930e:page 7,∂ωkl,"pypdf text extraction found a math-symbol-dense line; no reliable LaTeX/MathML recovery is possible from rendered PDF text alone, so this is NOT promoted to an equation record -- human review or a higher-quality source representation is required before this can be extracted as a structured equation (brief section VII).",UNRESOLVED
REVPDF-5f052af899536d6b,,PDF_TEXT_CANDIDATE_NOT_STRUCTURED,SRC-ARXIV-b58e77da930e:page 7,∂xmej,"pypdf text extraction found a math-symbol-dense line; no reliable LaTeX/MathML recovery is possible from rendered PDF text alone, so this is NOT promoted to an equation record -- human review or a higher-quality source representation is required before this can be extracted as a structured equation (brief section VII).",UNRESOLVED
REVPDF-80f9138ffca8ccec,,PDF_TEXT_CANDIDATE_NOT_STRUCTURED,SRC-ARXIV-b58e77da930e:page 7,= dψ,"pypdf text extraction found a math-symbol-dense line; no reliable LaTeX/MathML recovery is possible from rendered PDF text alone, so this is NOT promoted to an equation record -- human review or a higher-quality source representation is required before this can be extracted as a structured equation (brief section VII).",UNRESOLVED
REVPDF-d5040313f24c5409,,PDF_TEXT_CANDIDATE_NOT_STRUCTURED,SRC-ARXIV-b58e77da930e:page 7,2gmj∂|ω |2,"pypdf text extraction found a math-symbol-dense line; no reliable LaTeX/MathML recovery is possible from rendered PDF text alone, so this is NOT promoted to an equation record -- human review or a higher-quality source representation is required before this can be extracted as a structured equation (brief section VII).",UNRESOLVED
REVPDF-d2afe8db8bd44410,,PDF_TEXT_CANDIDATE_NOT_STRUCTURED,SRC-ARXIV-b58e77da930e:page 7,∂xm ej,"pypdf text extraction found a math-symbol-dense line; no reliable LaTeX/MathML recovery is possible from rendered PDF text alone, so this is NOT promoted to an equation record -- human review or a higher-quality source representation is required before this can be extracted as a structured equation (brief section VII).",UNRESOLVED
REVPDF-2fa092c3c21d951d,,PDF_TEXT_CANDIDATE_NOT_STRUCTURED,SRC-ARXIV-b58e77da930e:page 7,= 1,"pypdf text extraction found a math-symbol-dense line; no reliable LaTeX/MathML recovery is possible from rendered PDF text alone, so this is NOT promoted to an equation record -- human review or a higher-quality source representation is required before this can be extracted as a structured equation (brief section VII).",UNRESOLVED
REVPDF-cc881eb001cb6f22,,PDF_TEXT_CANDIDATE_NOT_STRUCTURED,SRC-ARXIV-b58e77da930e:page 7,2 dψ,"pypdf text extraction found a math-symbol-dense line; no reliable LaTeX/MathML recovery is possible from rendered PDF text alone, so this is NOT promoted to an equation record -- human review or a higher-quality source representation is required before this can be extracted as a structured equation (brief section VII).",UNRESOLVED
REVPDF-062cd4437cb34faa,,PDF_TEXT_CANDIDATE_NOT_STRUCTURED,SRC-ARXIV-b58e77da930e:page 7,∇|ω |2),"pypdf text extraction found a math-symbol-dense line; no reliable LaTeX/MathML recovery is possible from rendered PDF text alone, so this is NOT promoted to an equation record -- human review or a higher-quality source representation is required before this can be extracted as a structured equation (brief section VII).",UNRESOLVED
REVPDF-a00bb3c23114c2e4,,PDF_TEXT_CANDIDATE_NOT_STRUCTURED,SRC-ARXIV-b58e77da930e:page 7,dt |ω |2 ≤ ∆ |ω |2 +ndψ,"pypdf text extraction found a math-symbol-dense line; no reliable LaTeX/MathML recovery is possible from rendered PDF text alone, so this is NOT promoted to an equation record -- human review or a higher-quality source representation is required before this can be extracted as a structured equation (brief section VII).",UNRESOLVED
REVPDF-062cd4437cb34faa,,PDF_TEXT_CANDIDATE_NOT_STRUCTURED,SRC-ARXIV-b58e77da930e:page 7,∇|ω |2),"pypdf text extraction found a math-symbol-dense line; no reliable LaTeX/MathML recovery is possible from rendered PDF text alone, so this is NOT promoted to an equation record -- human review or a higher-quality source representation is required before this can be extracted as a structured equation (brief section VII).",UNRESOLVED
REVPDF-5a9a1a29d3dcf970,,PDF_TEXT_CANDIDATE_NOT_STRUCTURED,SRC-ARXIV-b58e77da930e:page 7,+C|ω |2 + 2ωkl ¯R p,"pypdf text extraction found a math-symbol-dense line; no reliable LaTeX/MathML recovery is possible from rendered PDF text alone, so this is NOT promoted to an equation record -- human review or a higher-quality source representation is required before this can be extracted as a structured equation (brief section VII).",UNRESOLVED
REVPDF-8f642c8761519aa7,,PDF_TEXT_CANDIDATE_NOT_STRUCTURED,SRC-ARXIV-b58e77da930e:page 7,lkp − 2ωkl ¯ρkl.,"pypdf text extraction found a math-symbol-dense line; no reliable LaTeX/MathML recovery is possible from rendered PDF text alone, so this is NOT promoted to an equation record -- human review or a higher-quality source representation is required before this can be extracted as a structured equation (brief section VII).",UNRESOLVED
REVPDF-5d4d060df8f87931,,PDF_TEXT_CANDIDATE_NOT_STRUCTURED,SRC-ARXIV-b58e77da930e:page 7,"¯Rlkqp = ¯R(el,e k,e q,J (ep)) −ω m","pypdf text extraction found a math-symbol-dense line; no reliable LaTeX/MathML recovery is possible from rendered PDF text alone, so this is NOT promoted to an equation record -- human review or a higher-quality source representation is required before this can be extracted as a structured equation (brief section VII).",UNRESOLVED
REVPDF-162e3c4120e81a68,,PDF_TEXT_CANDIDATE_NOT_STRUCTURED,SRC-ARXIV-b58e77da930e:page 7,2ωkl ¯R p,"pypdf text extraction found a math-symbol-dense line; no reliable LaTeX/MathML recovery is possible from rendered PDF text alone, so this is NOT promoted to an equation record -- human review or a higher-quality source representation is required before this can be extracted as a structured equation (brief section VII).",UNRESOLVED
REVPDF-e981f3eeacbd957f,,PDF_TEXT_CANDIDATE_NOT_STRUCTURED,SRC-ARXIV-b58e77da930e:page 7,"lkp ≤ 2ωklgpq ¯R(el,e k,e q,J (ep)) +C|ω |2.","pypdf text extraction found a math-symbol-dense line; no reliable LaTeX/MathML recovery is possible from rendered PDF text alone, so this is NOT promoted to an equation record -- human review or a higher-quality source representation is required before this can be extracted as a structured equation (brief section VII).",UNRESOLVED
REVPDF-fc32016940e929ea,,PDF_TEXT_CANDIDATE_NOT_STRUCTURED,SRC-ARXIV-b58e77da930e:page 7,"gpq ¯R(el,e k,e q,J (ep)) = ¯ρkl,","pypdf text extraction found a math-symbol-dense line; no reliable LaTeX/MathML recovery is possible from rendered PDF text alone, so this is NOT promoted to an equation record -- human review or a higher-quality source representation is required before this can be extracted as a structured equation (brief section VII).",UNRESOLVED
REVPDF-a00bb3c23114c2e4,,PDF_TEXT_CANDIDATE_NOT_STRUCTURED,SRC-ARXIV-b58e77da930e:page 7,dt |ω |2 ≤ ∆ |ω |2 +ndψ,"pypdf text extraction found a math-symbol-dense line; no reliable LaTeX/MathML recovery is possible from rendered PDF text alone, so this is NOT promoted to an equation record -- human review or a higher-quality source representation is required before this can be extracted as a structured equation (brief section VII).",UNRESOLVED
REVPDF-062cd4437cb34faa,,PDF_TEXT_CANDIDATE_NOT_STRUCTURED,SRC-ARXIV-b58e77da930e:page 7,∇|ω |2),"pypdf text extraction found a math-symbol-dense line; no reliable LaTeX/MathML recovery is possible from rendered PDF text alone, so this is NOT promoted to an equation record -- human review or a higher-quality source representation is required before this can be extracted as a structured equation (brief section VII).",UNRESOLVED
REVPDF-c268546cf2cf5a46,,PDF_TEXT_CANDIDATE_NOT_STRUCTURED,SRC-ARXIV-b58e77da930e:page 7,+C|ω |2.,"pypdf text extraction found a math-symbol-dense line; no reliable LaTeX/MathML recovery is possible from rendered PDF text alone, so this is NOT promoted to an equation record -- human review or a higher-quality source representation is required before this can be extracted as a structured equation (brief section VII).",UNRESOLVED
REVPDF-5ef0bb66c8c2b7a0,,PDF_TEXT_CANDIDATE_NOT_STRUCTURED,SRC-ARXIV-b58e77da930e:page 8,"⟨Y,Z ⟩g,L 2 =","pypdf text extraction found a math-symbol-dense line; no reliable LaTeX/MathML recovery is possible from rendered PDF text alone, so this is NOT promoted to an equation record -- human review or a higher-quality source representation is required before this can be extracted as a structured equation (brief section VII).",UNRESOLVED
REVPDF-a4592f28073a3486,,PDF_TEXT_CANDIDATE_NOT_STRUCTURED,SRC-ARXIV-b58e77da930e:page 8,n+2ψ ¯g.,"pypdf text extraction found a math-symbol-dense line; no reliable LaTeX/MathML recovery is possible from rendered PDF text alone, so this is NOT promoted to an equation record -- human review or a higher-quality source representation is required before this can be extracted as a structured equation (brief section VII).",UNRESOLVED
REVPDF-328cdb3b3476fe11,,PDF_TEXT_CANDIDATE_NOT_STRUCTURED,SRC-ARXIV-b58e77da930e:page 8,δY Vol˜g(N ) = −,"pypdf text extraction found a math-symbol-dense line; no reliable LaTeX/MathML recovery is possible from rendered PDF text alone, so this is NOT promoted to an equation record -- human review or a higher-quality source representation is required before this can be extracted as a structured equation (brief section VII).",UNRESOLVED
REVPDF-cf19f5a8deb2ea18,,PDF_TEXT_CANDIDATE_NOT_STRUCTURED,SRC-ARXIV-b58e77da930e:page 8,˜H =e− 2ψ (,"pypdf text extraction found a math-symbol-dense line; no reliable LaTeX/MathML recovery is possible from rendered PDF text alone, so this is NOT promoted to an equation record -- human review or a higher-quality source representation is required before this can be extracted as a structured equation (brief section VII).",UNRESOLVED
REVPDF-d184d64cdccee95d,,PDF_TEXT_CANDIDATE_NOT_STRUCTURED,SRC-ARXIV-b58e77da930e:page 8,H −nπνN,"pypdf text extraction found a math-symbol-dense line; no reliable LaTeX/MathML recovery is possible from rendered PDF text alone, so this is NOT promoted to an equation record -- human review or a higher-quality source representation is required before this can be extracted as a structured equation (brief section VII).",UNRESOLVED
REVPDF-331c3319cdb2d0e6,,PDF_TEXT_CANDIDATE_NOT_STRUCTURED,SRC-ARXIV-b58e77da930e:page 8,( ¯∇ψ,"pypdf text extraction found a math-symbol-dense line; no reliable LaTeX/MathML recovery is possible from rendered PDF text alone, so this is NOT promoted to an equation record -- human review or a higher-quality source representation is required before this can be extracted as a structured equation (brief section VII).",UNRESOLVED
REVPDF-328cdb3b3476fe11,,PDF_TEXT_CANDIDATE_NOT_STRUCTURED,SRC-ARXIV-b58e77da930e:page 8,δY Vol˜g(N ) = −,"pypdf text extraction found a math-symbol-dense line; no reliable LaTeX/MathML recovery is possible from rendered PDF text alone, so this is NOT promoted to an equation record -- human review or a higher-quality source representation is required before this can be extracted as a structured equation (brief section VII).",UNRESOLVED
REVPDF-e55f37452efb76cf,,PDF_TEXT_CANDIDATE_NOT_STRUCTURED,SRC-ARXIV-b58e77da930e:page 8,"enψ ¯g(H −nπνN ( ¯∇ψ ),Y )dV¯g","pypdf text extraction found a math-symbol-dense line; no reliable LaTeX/MathML recovery is possible from rendered PDF text alone, so this is NOT promoted to an equation record -- human review or a higher-quality source representation is required before this can be extracted as a structured equation (brief section VII).",UNRESOLVED
REVPDF-e1c1af668db7c2cd,,PDF_TEXT_CANDIDATE_NOT_STRUCTURED,SRC-ARXIV-b58e77da930e:page 8,= −,"pypdf text extraction found a math-symbol-dense line; no reliable LaTeX/MathML recovery is possible from rendered PDF text alone, so this is NOT promoted to an equation record -- human review or a higher-quality source representation is required before this can be extracted as a structured equation (brief section VII).",UNRESOLVED
REVPDF-e267b3d6a79a19d3,,PDF_TEXT_CANDIDATE_NOT_STRUCTURED,SRC-ARXIV-b58e77da930e:page 8,n+2 − 2n,"pypdf text extraction found a math-symbol-dense line; no reliable LaTeX/MathML recovery is possible from rendered PDF text alone, so this is NOT promoted to an equation record -- human review or a higher-quality source representation is required before this can be extracted as a structured equation (brief section VII).",UNRESOLVED
REVPDF-e666a25724ae3fa7,,PDF_TEXT_CANDIDATE_NOT_STRUCTURED,SRC-ARXIV-b58e77da930e:page 8,n+2,"pypdf text extraction found a math-symbol-dense line; no reliable LaTeX/MathML recovery is possible from rendered PDF text alone, so this is NOT promoted to an equation record -- human review or a higher-quality source representation is required before this can be extracted as a structured equation (brief section VII).",UNRESOLVED
REVPDF-d68a7277aa309ea3,,PDF_TEXT_CANDIDATE_NOT_STRUCTURED,SRC-ARXIV-b58e77da930e:page 8,"2 )ψ ˆg(K,Y )dVˆg","pypdf text extraction found a math-symbol-dense line; no reliable LaTeX/MathML recovery is possible from rendered PDF text alone, so this is NOT promoted to an equation record -- human review or a higher-quality source representation is required before this can be extracted as a structured equation (brief section VII).",UNRESOLVED
REVPDF-e1c1af668db7c2cd,,PDF_TEXT_CANDIDATE_NOT_STRUCTURED,SRC-ARXIV-b58e77da930e:page 8,= −,"pypdf text extraction found a math-symbol-dense line; no reliable LaTeX/MathML recovery is possible from rendered PDF text alone, so this is NOT promoted to an equation record -- human review or a higher-quality source representation is required before this can be extracted as a structured equation (brief section VII).",UNRESOLVED
REVPDF-3015cc8d26548fd7,,PDF_TEXT_CANDIDATE_NOT_STRUCTURED,SRC-ARXIV-b58e77da930e:page 8,"ˆg(K,Y )dVˆg = −⟨K,Y ⟩ˆg,L 2.","pypdf text extraction found a math-symbol-dense line; no reliable LaTeX/MathML recovery is possible from rendered PDF text alone, so this is NOT promoted to an equation record -- human review or a higher-quality source representation is required before this can be extracted as a structured equation (brief section VII).",UNRESOLVED
REVPDF-6c7dfe8f7acdb492,,PDF_TEXT_CANDIDATE_NOT_STRUCTURED,SRC-ARXIV-b58e77da930e:page 8,"Deﬁnition 5.1. An n-dimensional almost Calabi-Yau manifold (M,J, ¯ω, ¯g, Ω)","pypdf text extraction found a math-symbol-dense line; no reliable LaTeX/MathML recovery is possible from rendered PDF text alone, so this is NOT promoted to an equation record -- human review or a higher-quality source representation is required before this can be extracted as a structured equation (brief section VII).",UNRESOLVED
REVPDF-d927fc013d77b4f5,,PDF_TEXT_CANDIDATE_NOT_STRUCTURED,SRC-ARXIV-b58e77da930e:page 9,e2nψ ¯ωn,"pypdf text extraction found a math-symbol-dense line; no reliable LaTeX/MathML recovery is possible from rendered PDF text alone, so this is NOT promoted to an equation record -- human review or a higher-quality source representation is required before this can be extracted as a structured equation (brief section VII).",UNRESOLVED
REVPDF-f2f1c9862d81aa62,,PDF_TEXT_CANDIDATE_NOT_STRUCTURED,SRC-ARXIV-b58e77da930e:page 9,n! = (−1),"pypdf text extraction found a math-symbol-dense line; no reliable LaTeX/MathML recovery is possible from rendered PDF text alone, so this is NOT promoted to an equation record -- human review or a higher-quality source representation is required before this can be extracted as a structured equation (brief section VII).",UNRESOLVED
REVPDF-c1391c313a0b7c43,,PDF_TEXT_CANDIDATE_NOT_STRUCTURED,SRC-ARXIV-b58e77da930e:page 9,Ω ∧ ¯Ω.,"pypdf text extraction found a math-symbol-dense line; no reliable LaTeX/MathML recovery is possible from rendered PDF text alone, so this is NOT promoted to an equation record -- human review or a higher-quality source representation is required before this can be extracted as a structured equation (brief section VII).",UNRESOLVED
REVPDF-89a5a9cb28c6b387,,PDF_TEXT_CANDIDATE_NOT_STRUCTURED,SRC-ARXIV-b58e77da930e:page 9,if and only if ψ vanishes identically. Using |Ω |¯g = 2,"pypdf text extraction found a math-symbol-dense line; no reliable LaTeX/MathML recovery is possible from rendered PDF text alone, so this is NOT promoted to an equation record -- human review or a higher-quality source representation is required before this can be extracted as a structured equation (brief section VII).",UNRESOLVED
REVPDF-d634db490868e516,,PDF_TEXT_CANDIDATE_NOT_STRUCTURED,SRC-ARXIV-b58e77da930e:page 9,¯ρ = ddc log |Ω |¯g,"pypdf text extraction found a math-symbol-dense line; no reliable LaTeX/MathML recovery is possible from rendered PDF text alone, so this is NOT promoted to an equation record -- human review or a higher-quality source representation is required before this can be extracted as a structured equation (brief section VII).",UNRESOLVED
REVPDF-a2c9499e4e0a0aaa,,PDF_TEXT_CANDIDATE_NOT_STRUCTURED,SRC-ARXIV-b58e77da930e:page 9,¯ρ =nddcψ.,"pypdf text extraction found a math-symbol-dense line; no reliable LaTeX/MathML recovery is possible from rendered PDF text alone, so this is NOT promoted to an equation record -- human review or a higher-quality source representation is required before this can be extracted as a structured equation (brief section VII).",UNRESOLVED
REVPDF-8f0a64b36d9ab53f,,PDF_TEXT_CANDIDATE_NOT_STRUCTURED,SRC-ARXIV-b58e77da930e:page 10,"0 (Ω) = eiθ+nψ dVg,","pypdf text extraction found a math-symbol-dense line; no reliable LaTeX/MathML recovery is possible from rendered PDF text alone, so this is NOT promoted to an equation record -- human review or a higher-quality source representation is required before this can be extracted as a structured equation (brief section VII).",UNRESOLVED
REVPDF-32256c21d64e2fa6,,PDF_TEXT_CANDIDATE_NOT_STRUCTURED,SRC-ARXIV-b58e77da930e:page 10,(cosθ0 Im Ω − sinθ0 Re Ω) |L = 0.,"pypdf text extraction found a math-symbol-dense line; no reliable LaTeX/MathML recovery is possible from rendered PDF text alone, so this is NOT promoted to an equation record -- human review or a higher-quality source representation is required before this can be extracted as a structured equation (brief section VII).",UNRESOLVED
REVPDF-b66c1e7702cad7f1,,PDF_TEXT_CANDIDATE_NOT_STRUCTURED,SRC-ARXIV-b58e77da930e:page 10,αK = −dθ.,"pypdf text extraction found a math-symbol-dense line; no reliable LaTeX/MathML recovery is possible from rendered PDF text alone, so this is NOT promoted to an equation record -- human review or a higher-quality source representation is required before this can be extracted as a structured equation (brief section VII).",UNRESOLVED
REVPDF-448e17121406b4bf,,PDF_TEXT_CANDIDATE_NOT_STRUCTURED,SRC-ARXIV-b58e77da930e:page 10,ΛnT ∗M ⊗ C =,"pypdf text extraction found a math-symbol-dense line; no reliable LaTeX/MathML recovery is possible from rendered PDF text alone, so this is NOT promoted to an equation record -- human review or a higher-quality source representation is required before this can be extracted as a structured equation (brief section VII).",UNRESOLVED
REVPDF-41abadce47d3efe1,,PDF_TEXT_CANDIDATE_NOT_STRUCTURED,SRC-ARXIV-b58e77da930e:page 10,p+q=n,"pypdf text extraction found a math-symbol-dense line; no reliable LaTeX/MathML recovery is possible from rendered PDF text alone, so this is NOT promoted to an equation record -- human review or a higher-quality source representation is required before this can be extracted as a structured equation (brief section VII).",UNRESOLVED
REVPDF-08a283b91c2cc02a,,PDF_TEXT_CANDIDATE_NOT_STRUCTURED,SRC-ARXIV-b58e77da930e:page 10,"Λp,qT ∗M","pypdf text extraction found a math-symbol-dense line; no reliable LaTeX/MathML recovery is possible from rendered PDF text alone, so this is NOT promoted to an equation record -- human review or a higher-quality source representation is required before this can be extracted as a structured equation (brief section VII).",UNRESOLVED
REVPDF-78fd6fcf309ffe39,,PDF_TEXT_CANDIDATE_NOT_STRUCTURED,SRC-ARXIV-b58e77da930e:page 10,"plex one form η onM satisfying ¯∇Ω = η ⊗ Ω. Moreover, since Ω is holomorphic,","pypdf text extraction found a math-symbol-dense line; no reliable LaTeX/MathML recovery is possible from rendered PDF text alone, so this is NOT promoted to an equation record -- human review or a higher-quality source representation is required before this can be extracted as a structured equation (brief section VII).",UNRESOLVED
REVPDF-d451323406be9a1e,,PDF_TEXT_CANDIDATE_NOT_STRUCTURED,SRC-ARXIV-b58e77da930e:page 10,puting ¯∇,"pypdf text extraction found a math-symbol-dense line; no reliable LaTeX/MathML recovery is possible from rendered PDF text alone, so this is NOT promoted to an equation record -- human review or a higher-quality source representation is required before this can be extracted as a structured equation (brief section VII).",UNRESOLVED
REVPDF-48ead4fd2fc65547,,PDF_TEXT_CANDIDATE_NOT_STRUCTURED,SRC-ARXIV-b58e77da930e:page 10,Ω ∧ ¯Ω,"pypdf text extraction found a math-symbol-dense line; no reliable LaTeX/MathML recovery is possible from rendered PDF text alone, so this is NOT promoted to an equation record -- human review or a higher-quality source representation is required before this can be extracted as a structured equation (brief section VII).",UNRESOLVED
REVPDF-413ac9593d221572,,PDF_TEXT_CANDIDATE_NOT_STRUCTURED,SRC-ARXIV-b58e77da930e:page 10,(η + ¯η) ⊗ Ω ∧ ¯Ω = 2 ndψ ⊗ Ω ∧ ¯Ω.,"pypdf text extraction found a math-symbol-dense line; no reliable LaTeX/MathML recovery is possible from rendered PDF text alone, so this is NOT promoted to an equation record -- human review or a higher-quality source representation is required before this can be extracted as a structured equation (brief section VII).",UNRESOLVED
REVPDF-21c21ef33cfedf2c,,PDF_TEXT_CANDIDATE_NOT_STRUCTURED,SRC-ARXIV-b58e77da930e:page 10,¯∇Ω = ( idθ +ndψ +iαH ) ⊗ Ω,"pypdf text extraction found a math-symbol-dense line; no reliable LaTeX/MathML recovery is possible from rendered PDF text alone, so this is NOT promoted to an equation record -- human review or a higher-quality source representation is required before this can be extracted as a structured equation (brief section VII).",UNRESOLVED
REVPDF-a62063a5468667f6,,PDF_TEXT_CANDIDATE_NOT_STRUCTURED,SRC-ARXIV-b58e77da930e:page 10,αH −ndcψ = −dθ.,"pypdf text extraction found a math-symbol-dense line; no reliable LaTeX/MathML recovery is possible from rendered PDF text alone, so this is NOT promoted to an equation record -- human review or a higher-quality source representation is required before this can be extracted as a structured equation (brief section VII).",UNRESOLVED
REVPDF-f8b1f89fb505885f,,PDF_TEXT_CANDIDATE_NOT_STRUCTURED,SRC-ARXIV-b58e77da930e:page 10,But αH −ndcψ =αK and hence αK = −dθ.,"pypdf text extraction found a math-symbol-dense line; no reliable LaTeX/MathML recovery is possible from rendered PDF text alone, so this is NOT promoted to an equation record -- human review or a higher-quality source representation is required before this can be extracted as a structured equation (brief section VII).",UNRESOLVED
REVPDF-d8b99a9f34cf5dc4,,PDF_TEXT_CANDIDATE_NOT_STRUCTURED,SRC-ARXIV-b58e77da930e:page 10,dtθ = ∆ θ +ndψ (∇θ).,"pypdf text extraction found a math-symbol-dense line; no reliable LaTeX/MathML recovery is possible from rendered PDF text alone, so this is NOT promoted to an equation record -- human review or a higher-quality source representation is required before this can be extracted as a structured equation (brief section VII).",UNRESOLVED
REVPDF-106866be60448912,,PDF_TEXT_CANDIDATE_NOT_STRUCTURED,SRC-ARXIV-c3b49eb8efd2:page 2,"d(1, 1)d(0, 0) λ","pypdf text extraction found a math-symbol-dense line; no reliable LaTeX/MathML recovery is possible from rendered PDF text alone, so this is NOT promoted to an equation record -- human review or a higher-quality source representation is required before this can be extracted as a structured equation (brief section VII).",UNRESOLVED
REVPDF-4f2d78f78ccc4516,,PDF_TEXT_CANDIDATE_NOT_STRUCTURED,SRC-ARXIV-c3b49eb8efd2:page 3,"function, d(x, ˆx) = ∑ n","pypdf text extraction found a math-symbol-dense line; no reliable LaTeX/MathML recovery is possible from rendered PDF text alone, so this is NOT promoted to an equation record -- human review or a higher-quality source representation is required before this can be extracted as a structured equation (brief section VII).",UNRESOLVED
REVPDF-577dd17c3b8d8841,,PDF_TEXT_CANDIDATE_NOT_STRUCTURED,SRC-ARXIV-c3b49eb8efd2:page 3,"W = nkT0R(D), (1)","pypdf text extraction found a math-symbol-dense line; no reliable LaTeX/MathML recovery is possible from rendered PDF text alone, so this is NOT promoted to an equation record -- human review or a higher-quality source representation is required before this can be extracted as a structured equation (brief section VII).",UNRESOLVED
REVPDF-a1a85fb1a977a01e,,PDF_TEXT_CANDIDATE_NOT_STRUCTURED,SRC-ARXIV-c3b49eb8efd2:page 3,"ǫ(ˆx) = −kT0 ln Q(ˆx), (2)","pypdf text extraction found a math-symbol-dense line; no reliable LaTeX/MathML recovery is possible from rendered PDF text alone, so this is NOT promoted to an equation record -- human review or a higher-quality source representation is required before this can be extracted as a structured equation (brief section VII).",UNRESOLVED
REVPDF-537fd555f6c066db,,PDF_TEXT_CANDIDATE_NOT_STRUCTURED,SRC-ARXIV-c3b49eb8efd2:page 3,"λ = kT0R′(D), (3)","pypdf text extraction found a math-symbol-dense line; no reliable LaTeX/MathML recovery is possible from rendered PDF text alone, so this is NOT promoted to an equation record -- human review or a higher-quality source representation is required before this can be extracted as a structured equation (brief section VII).",UNRESOLVED
REVPDF-b48945600a097db7,,PDF_TEXT_CANDIDATE_NOT_STRUCTURED,SRC-ARXIV-c3b49eb8efd2:page 4,λ = kT0R′(D),"pypdf text extraction found a math-symbol-dense line; no reliable LaTeX/MathML recovery is possible from rendered PDF text alone, so this is NOT promoted to an equation record -- human review or a higher-quality source representation is required before this can be extracted as a structured equation (brief section VII).",UNRESOLVED
REVPDF-561c447e13ab5b68,,PDF_TEXT_CANDIDATE_NOT_STRUCTURED,SRC-ARXIV-c3b49eb8efd2:page 4,W = nkT0R(D),"pypdf text extraction found a math-symbol-dense line; no reliable LaTeX/MathML recovery is possible from rendered PDF text alone, so this is NOT promoted to an equation record -- human review or a higher-quality source representation is required before this can be extracted as a structured equation (brief section VII).",UNRESOLVED
REVPDF-5dd2057c0cb1df0a,,PDF_TEXT_CANDIDATE_NOT_STRUCTURED,SRC-ARXIV-c3b49eb8efd2:page 6,"dn(x, ˆx) = ∑ n","pypdf text extraction found a math-symbol-dense line; no reliable LaTeX/MathML recovery is possible from rendered PDF text alone, so this is NOT promoted to an equation record -- human review or a higher-quality source representation is required before this can be extracted as a structured equation (brief section VII).",UNRESOLVED
REVPDF-e2636157546e59f0,,PDF_TEXT_CANDIDATE_NOT_STRUCTURED,SRC-ARXIV-c3b49eb8efd2:page 6,"R(D) = min I(x; ˆx), (4)","pypdf text extraction found a math-symbol-dense line; no reliable LaTeX/MathML recovery is possible from rendered PDF text alone, so this is NOT promoted to an equation record -- human review or a higher-quality source representation is required before this can be extracted as a structured equation (brief section VII).",UNRESOLVED
REVPDF-2734ecd6a1b564ab,,PDF_TEXT_CANDIDATE_NOT_STRUCTURED,SRC-ARXIV-c3b49eb8efd2:page 7,I(x; ˆx) =,"pypdf text extraction found a math-symbol-dense line; no reliable LaTeX/MathML recovery is possible from rendered PDF text alone, so this is NOT promoted to an equation record -- human review or a higher-quality source representation is required before this can be extracted as a structured equation (brief section VII).",UNRESOLVED
REVPDF-68a22ee1515c2612,,PDF_TEXT_CANDIDATE_NOT_STRUCTURED,SRC-ARXIV-c3b49eb8efd2:page 7,x∈X,"pypdf text extraction found a math-symbol-dense line; no reliable LaTeX/MathML recovery is possible from rendered PDF text alone, so this is NOT promoted to an equation record -- human review or a higher-quality source representation is required before this can be extracted as a structured equation (brief section VII).",UNRESOLVED
REVPDF-60f514e8ef3b7665,,PDF_TEXT_CANDIDATE_NOT_STRUCTURED,SRC-ARXIV-c3b49eb8efd2:page 7,ˆx∈ ˆX,"pypdf text extraction found a math-symbol-dense line; no reliable LaTeX/MathML recovery is possible from rendered PDF text alone, so this is NOT promoted to an equation record -- human review or a higher-quality source representation is required before this can be extracted as a structured equation (brief section VII).",UNRESOLVED
REVPDF-09ccd66477e75332,,PDF_TEXT_CANDIDATE_NOT_STRUCTURED,SRC-ARXIV-c3b49eb8efd2:page 7,Q(ˆx) =,"pypdf text extraction found a math-symbol-dense line; no reliable LaTeX/MathML recovery is possible from rendered PDF text alone, so this is NOT promoted to an equation record -- human review or a higher-quality source representation is required before this can be extracted as a structured equation (brief section VII).",UNRESOLVED
REVPDF-68a22ee1515c2612,,PDF_TEXT_CANDIDATE_NOT_STRUCTURED,SRC-ARXIV-c3b49eb8efd2:page 7,x∈X,"pypdf text extraction found a math-symbol-dense line; no reliable LaTeX/MathML recovery is possible from rendered PDF text alone, so this is NOT promoted to an equation record -- human review or a higher-quality source representation is required before this can be extracted as a structured equation (brief section VII).",UNRESOLVED
REVPDF-60f514e8ef3b7665,,PDF_TEXT_CANDIDATE_NOT_STRUCTURED,SRC-ARXIV-c3b49eb8efd2:page 7,ˆx∈ ˆX,"pypdf text extraction found a math-symbol-dense line; no reliable LaTeX/MathML recovery is possible from rendered PDF text alone, so this is NOT promoted to an equation record -- human review or a higher-quality source representation is required before this can be extracted as a structured equation (brief section VII).",UNRESOLVED
REVPDF-c97f4b38243ebb8d,,PDF_TEXT_CANDIDATE_NOT_STRUCTURED,SRC-ARXIV-c3b49eb8efd2:page 7,"P (x)W (ˆx|x)d(x, ˆx) ≤ D. (6)","pypdf text extraction found a math-symbol-dense line; no reliable LaTeX/MathML recovery is possible from rendered PDF text alone, so this is NOT promoted to an equation record -- human review or a higher-quality source representation is required before this can be extracted as a structured equation (brief section VII).",UNRESOLVED
REVPDF-b6099a36d4d87a89,,PDF_TEXT_CANDIDATE_NOT_STRUCTURED,SRC-ARXIV-c3b49eb8efd2:page 7,"R(0) = I(x; x) = − ⟨log P (x)⟩ ≡ H, (7)","pypdf text extraction found a math-symbol-dense line; no reliable LaTeX/MathML recovery is possible from rendered PDF text alone, so this is NOT promoted to an equation record -- human review or a higher-quality source representation is required before this can be extracted as a structured equation (brief section VII).",UNRESOLVED
REVPDF-b230527d67c972a9,,PDF_TEXT_CANDIDATE_NOT_STRUCTURED,SRC-ARXIV-c3b49eb8efd2:page 7,"strings, ˆx1, ˆx2, . . . , ˆxM , each of length n, where each ˆxi = (ˆxi,1, ˆxi,2, . . . , ˆxi,n), i =","pypdf text extraction found a math-symbol-dense line; no reliable LaTeX/MathML recovery is possible from rendered PDF text alone, so this is NOT promoted to an equation record -- human review or a higher-quality source representation is required before this can be extracted as a structured equation (brief section VII).",UNRESOLVED
REVPDF-278fc9ed8317369c,,PDF_TEXT_CANDIDATE_NOT_STRUCTURED,SRC-ARXIV-c3b49eb8efd2:page 7,"Q∗(ˆxi) = Q∗(ˆxi,1)Q∗(ˆxi,2) · · · Q∗(ˆxi,n). (8)","pypdf text extraction found a math-symbol-dense line; no reliable LaTeX/MathML recovery is possible from rendered PDF text alone, so this is NOT promoted to an equation record -- human review or a higher-quality source representation is required before this can be extracted as a structured equation (brief section VII).",UNRESOLVED
REVPDF-1cff1b8d1ecae9e3,,PDF_TEXT_CANDIDATE_NOT_STRUCTURED,SRC-ARXIV-c3b49eb8efd2:page 7,"string ˆxi that achieves dn(x, ˆxi) ≤ nD, and then transmits its index i using log 2 M =","pypdf text extraction found a math-symbol-dense line; no reliable LaTeX/MathML recovery is possible from rendered PDF text alone, so this is NOT promoted to an equation record -- human review or a higher-quality source representation is required before this can be extracted as a structured equation (brief section VII).",UNRESOLVED
REVPDF-33cd99e5da2fdbe3,,PDF_TEXT_CANDIDATE_NOT_STRUCTURED,SRC-ARXIV-c3b49eb8efd2:page 7,"nR log2 e bits, or equivalently, ln M = nR nats.‖ If no such codeword exists, which","pypdf text extraction found a math-symbol-dense line; no reliable LaTeX/MathML recovery is possible from rendered PDF text alone, so this is NOT promoted to an equation record -- human review or a higher-quality source representation is required before this can be extracted as a structured equation (brief section VII).",UNRESOLVED
REVPDF-a27a9c6b0805a36a,,PDF_TEXT_CANDIDATE_NOT_STRUCTURED,SRC-ARXIV-c3b49eb8efd2:page 8,"a single, randomly selected reproduction string ˆx would satisfy dn(x, ˆx) ≤ nD, decays","pypdf text extraction found a math-symbol-dense line; no reliable LaTeX/MathML recovery is possible from rendered PDF text alone, so this is NOT promoted to an equation record -- human review or a higher-quality source representation is required before this can be extracted as a structured equation (brief section VII).",UNRESOLVED
REVPDF-93934be54b481c04,,PDF_TEXT_CANDIDATE_NOT_STRUCTURED,SRC-ARXIV-c3b49eb8efd2:page 8,"Pr {dn(x, ˆx) ≤ nD} = Pr","pypdf text extraction found a math-symbol-dense line; no reliable LaTeX/MathML recovery is possible from rendered PDF text alone, so this is NOT promoted to an equation record -- human review or a higher-quality source representation is required before this can be extracted as a structured equation (brief section VII).",UNRESOLVED
REVPDF-b61b870f4ae3abcb,,PDF_TEXT_CANDIDATE_NOT_STRUCTURED,SRC-ARXIV-c3b49eb8efd2:page 8,{ n∑,"pypdf text extraction found a math-symbol-dense line; no reliable LaTeX/MathML recovery is possible from rendered PDF text alone, so this is NOT promoted to an equation record -- human review or a higher-quality source representation is required before this can be extracted as a structured equation (brief section VII).",UNRESOLVED
REVPDF-b5cf1594ae85398c,,PDF_TEXT_CANDIDATE_NOT_STRUCTURED,SRC-ARXIV-c3b49eb8efd2:page 8,i=1,"pypdf text extraction found a math-symbol-dense line; no reliable LaTeX/MathML recovery is possible from rendered PDF text alone, so this is NOT promoted to an equation record -- human review or a higher-quality source representation is required before this can be extracted as a structured equation (brief section VII).",UNRESOLVED
REVPDF-2a0f5203c7493f3a,,PDF_TEXT_CANDIDATE_NOT_STRUCTURED,SRC-ARXIV-c3b49eb8efd2:page 8,"d(xi, ˆxi) ≤ nD","pypdf text extraction found a math-symbol-dense line; no reliable LaTeX/MathML recovery is possible from rendered PDF text alone, so this is NOT promoted to an equation record -- human review or a higher-quality source representation is required before this can be extracted as a structured equation (brief section VII).",UNRESOLVED
REVPDF-864f9b05b6a56eca,,PDF_TEXT_CANDIDATE_NOT_STRUCTURED,SRC-ARXIV-c3b49eb8efd2:page 8,[ n∑,"pypdf text extraction found a math-symbol-dense line; no reliable LaTeX/MathML recovery is possible from rendered PDF text alone, so this is NOT promoted to an equation record -- human review or a higher-quality source representation is required before this can be extracted as a structured equation (brief section VII).",UNRESOLVED
REVPDF-b5cf1594ae85398c,,PDF_TEXT_CANDIDATE_NOT_STRUCTURED,SRC-ARXIV-c3b49eb8efd2:page 8,i=1,"pypdf text extraction found a math-symbol-dense line; no reliable LaTeX/MathML recovery is possible from rendered PDF text alone, so this is NOT promoted to an equation record -- human review or a higher-quality source representation is required before this can be extracted as a structured equation (brief section VII).",UNRESOLVED
REVPDF-4dfbb971371eb8d7,,PDF_TEXT_CANDIDATE_NOT_STRUCTURED,SRC-ARXIV-c3b49eb8efd2:page 8,= e−nsD,"pypdf text extraction found a math-symbol-dense line; no reliable LaTeX/MathML recovery is possible from rendered PDF text alone, so this is NOT promoted to an equation record -- human review or a higher-quality source representation is required before this can be extracted as a structured equation (brief section VII).",UNRESOLVED
REVPDF-b5cf1594ae85398c,,PDF_TEXT_CANDIDATE_NOT_STRUCTURED,SRC-ARXIV-c3b49eb8efd2:page 8,i=1,"pypdf text extraction found a math-symbol-dense line; no reliable LaTeX/MathML recovery is possible from rendered PDF text alone, so this is NOT promoted to an equation record -- human review or a higher-quality source representation is required before this can be extracted as a structured equation (brief section VII).",UNRESOLVED
REVPDF-4dfbb971371eb8d7,,PDF_TEXT_CANDIDATE_NOT_STRUCTURED,SRC-ARXIV-c3b49eb8efd2:page 8,= e−nsD,"pypdf text extraction found a math-symbol-dense line; no reliable LaTeX/MathML recovery is possible from rendered PDF text alone, so this is NOT promoted to an equation record -- human review or a higher-quality source representation is required before this can be extracted as a structured equation (brief section VII).",UNRESOLVED
REVPDF-b5cf1594ae85398c,,PDF_TEXT_CANDIDATE_NOT_STRUCTURED,SRC-ARXIV-c3b49eb8efd2:page 8,i=1,"pypdf text extraction found a math-symbol-dense line; no reliable LaTeX/MathML recovery is possible from rendered PDF text alone, so this is NOT promoted to an equation record -- human review or a higher-quality source representation is required before this can be extracted as a structured equation (brief section VII).",UNRESOLVED
REVPDF-bce0af0dbf016ca2,,PDF_TEXT_CANDIDATE_NOT_STRUCTURED,SRC-ARXIV-c3b49eb8efd2:page 8,= e−nsD ∏,"pypdf text extraction found a math-symbol-dense line; no reliable LaTeX/MathML recovery is possible from rendered PDF text alone, so this is NOT promoted to an equation record -- human review or a higher-quality source representation is required before this can be extracted as a structured equation (brief section VII).",UNRESOLVED
REVPDF-c8bf94f4fb8f0dd5,,PDF_TEXT_CANDIDATE_NOT_STRUCTURED,SRC-ARXIV-c3b49eb8efd2:page 8,x∈X,"pypdf text extraction found a math-symbol-dense line; no reliable LaTeX/MathML recovery is possible from rendered PDF text alone, so this is NOT promoted to an equation record -- human review or a higher-quality source representation is required before this can be extracted as a structured equation (brief section VII).",UNRESOLVED
REVPDF-c2dc25ae5a6219ec,,PDF_TEXT_CANDIDATE_NOT_STRUCTURED,SRC-ARXIV-c3b49eb8efd2:page 8,i: xi=x,"pypdf text extraction found a math-symbol-dense line; no reliable LaTeX/MathML recovery is possible from rendered PDF text alone, so this is NOT promoted to an equation record -- human review or a higher-quality source representation is required before this can be extracted as a structured equation (brief section VII).",UNRESOLVED
REVPDF-bce0af0dbf016ca2,,PDF_TEXT_CANDIDATE_NOT_STRUCTURED,SRC-ARXIV-c3b49eb8efd2:page 8,= e−nsD ∏,"pypdf text extraction found a math-symbol-dense line; no reliable LaTeX/MathML recovery is possible from rendered PDF text alone, so this is NOT promoted to an equation record -- human review or a higher-quality source representation is required before this can be extracted as a structured equation (brief section VII).",UNRESOLVED
REVPDF-c8bf94f4fb8f0dd5,,PDF_TEXT_CANDIDATE_NOT_STRUCTURED,SRC-ARXIV-c3b49eb8efd2:page 8,x∈X,"pypdf text extraction found a math-symbol-dense line; no reliable LaTeX/MathML recovery is possible from rendered PDF text alone, so this is NOT promoted to an equation record -- human review or a higher-quality source representation is required before this can be extracted as a structured equation (brief section VII).",UNRESOLVED
REVPDF-d56e9a3dcc76c35f,,PDF_TEXT_CANDIDATE_NOT_STRUCTURED,SRC-ARXIV-c3b49eb8efd2:page 8,"= e−nI(D,s) (9)","pypdf text extraction found a math-symbol-dense line; no reliable LaTeX/MathML recovery is possible from rendered PDF text alone, so this is NOT promoted to an equation record -- human review or a higher-quality source representation is required before this can be extracted as a structured equation (brief section VII).",UNRESOLVED
REVPDF-bb19bfd2b590cc38,,PDF_TEXT_CANDIDATE_NOT_STRUCTURED,SRC-ARXIV-c3b49eb8efd2:page 9,"I(D, s) = exp","pypdf text extraction found a math-symbol-dense line; no reliable LaTeX/MathML recovery is possible from rendered PDF text alone, so this is NOT promoted to an equation record -- human review or a higher-quality source representation is required before this can be extracted as a structured equation (brief section VII).",UNRESOLVED
REVPDF-6cfe9115e7bcba74,,PDF_TEXT_CANDIDATE_NOT_STRUCTURED,SRC-ARXIV-c3b49eb8efd2:page 9,x∈X,"pypdf text extraction found a math-symbol-dense line; no reliable LaTeX/MathML recovery is possible from rendered PDF text alone, so this is NOT promoted to an equation record -- human review or a higher-quality source representation is required before this can be extracted as a structured equation (brief section VII).",UNRESOLVED
REVPDF-1dead3c3d1ba35ed,,PDF_TEXT_CANDIDATE_NOT_STRUCTURED,SRC-ARXIV-c3b49eb8efd2:page 9,ˆx∈ ˆX,"pypdf text extraction found a math-symbol-dense line; no reliable LaTeX/MathML recovery is possible from rendered PDF text alone, so this is NOT promoted to an equation record -- human review or a higher-quality source representation is required before this can be extracted as a structured equation (brief section VII).",UNRESOLVED
REVPDF-e1915fb7b9161c6c,,PDF_TEXT_CANDIDATE_NOT_STRUCTURED,SRC-ARXIV-c3b49eb8efd2:page 9,R(D) = sup,"pypdf text extraction found a math-symbol-dense line; no reliable LaTeX/MathML recovery is possible from rendered PDF text alone, so this is NOT promoted to an equation record -- human review or a higher-quality source representation is required before this can be extracted as a structured equation (brief section VII).",UNRESOLVED
REVPDF-787b2115d87259e3,,PDF_TEXT_CANDIDATE_NOT_STRUCTURED,SRC-ARXIV-c3b49eb8efd2:page 9,s≤0,"pypdf text extraction found a math-symbol-dense line; no reliable LaTeX/MathML recovery is possible from rendered PDF text alone, so this is NOT promoted to an equation record -- human review or a higher-quality source representation is required before this can be extracted as a structured equation (brief section VII).",UNRESOLVED
REVPDF-6cfe9115e7bcba74,,PDF_TEXT_CANDIDATE_NOT_STRUCTURED,SRC-ARXIV-c3b49eb8efd2:page 9,x∈X,"pypdf text extraction found a math-symbol-dense line; no reliable LaTeX/MathML recovery is possible from rendered PDF text alone, so this is NOT promoted to an equation record -- human review or a higher-quality source representation is required before this can be extracted as a structured equation (brief section VII).",UNRESOLVED
REVPDF-1dead3c3d1ba35ed,,PDF_TEXT_CANDIDATE_NOT_STRUCTURED,SRC-ARXIV-c3b49eb8efd2:page 9,ˆx∈ ˆX,"pypdf text extraction found a math-symbol-dense line; no reliable LaTeX/MathML recovery is possible from rendered PDF text alone, so this is NOT promoted to an equation record -- human review or a higher-quality source representation is required before this can be extracted as a structured equation (brief section VII).",UNRESOLVED
REVPDF-22ecbeea6618d40e,,PDF_TEXT_CANDIDATE_NOT_STRUCTURED,SRC-ARXIV-c3b49eb8efd2:page 9,RQ(D) = sup,"pypdf text extraction found a math-symbol-dense line; no reliable LaTeX/MathML recovery is possible from rendered PDF text alone, so this is NOT promoted to an equation record -- human review or a higher-quality source representation is required before this can be extracted as a structured equation (brief section VII).",UNRESOLVED
REVPDF-787b2115d87259e3,,PDF_TEXT_CANDIDATE_NOT_STRUCTURED,SRC-ARXIV-c3b49eb8efd2:page 9,s≤0,"pypdf text extraction found a math-symbol-dense line; no reliable LaTeX/MathML recovery is possible from rendered PDF text alone, so this is NOT promoted to an equation record -- human review or a higher-quality source representation is required before this can be extracted as a structured equation (brief section VII).",UNRESOLVED
REVPDF-6cfe9115e7bcba74,,PDF_TEXT_CANDIDATE_NOT_STRUCTURED,SRC-ARXIV-c3b49eb8efd2:page 9,x∈X,"pypdf text extraction found a math-symbol-dense line; no reliable LaTeX/MathML recovery is possible from rendered PDF text alone, so this is NOT promoted to an equation record -- human review or a higher-quality source representation is required before this can be extracted as a structured equation (brief section VII).",UNRESOLVED
REVPDF-1dead3c3d1ba35ed,,PDF_TEXT_CANDIDATE_NOT_STRUCTURED,SRC-ARXIV-c3b49eb8efd2:page 9,ˆx∈ ˆX,"pypdf text extraction found a math-symbol-dense line; no reliable LaTeX/MathML recovery is possible from rendered PDF text alone, so this is NOT promoted to an equation record -- human review or a higher-quality source representation is required before this can be extracted as a structured equation (brief section VII).",UNRESOLVED
REVPDF-1dead3c3d1ba35ed,,PDF_TEXT_CANDIDATE_NOT_STRUCTURED,SRC-ARXIV-c3b49eb8efd2:page 9,ˆx∈ ˆX,"pypdf text extraction found a math-symbol-dense line; no reliable LaTeX/MathML recovery is possible from rendered PDF text alone, so this is NOT promoted to an equation record -- human review or a higher-quality source representation is required before this can be extracted as a structured equation (brief section VII).",UNRESOLVED
REVPDF-c0714e624d75b211,,PDF_TEXT_CANDIDATE_NOT_STRUCTURED,SRC-ARXIV-c3b49eb8efd2:page 9,ǫ(ˆx) = −kT0 ln Q(ˆx). (14),"pypdf text extraction found a math-symbol-dense line; no reliable LaTeX/MathML recovery is possible from rendered PDF text alone, so this is NOT promoted to an equation record -- human review or a higher-quality source representation is required before this can be extracted as a structured equation (brief section VII).",UNRESOLVED
REVPDF-b43dfac18c3f2273,,PDF_TEXT_CANDIDATE_NOT_STRUCTURED,SRC-ARXIV-c3b49eb8efd2:page 10,Zx(λ) =,"pypdf text extraction found a math-symbol-dense line; no reliable LaTeX/MathML recovery is possible from rendered PDF text alone, so this is NOT promoted to an equation record -- human review or a higher-quality source representation is required before this can be extracted as a structured equation (brief section VII).",UNRESOLVED
REVPDF-48537cd45fd16fe6,,PDF_TEXT_CANDIDATE_NOT_STRUCTURED,SRC-ARXIV-c3b49eb8efd2:page 10,ˆx∈ ˆX,"pypdf text extraction found a math-symbol-dense line; no reliable LaTeX/MathML recovery is possible from rendered PDF text alone, so this is NOT promoted to an equation record -- human review or a higher-quality source representation is required before this can be extracted as a structured equation (brief section VII).",UNRESOLVED
REVPDF-cf7414c80408fdef,,PDF_TEXT_CANDIDATE_NOT_STRUCTURED,SRC-ARXIV-c3b49eb8efd2:page 10,"[ǫ(ˆx) − λd(x, ˆx)]","pypdf text extraction found a math-symbol-dense line; no reliable LaTeX/MathML recovery is possible from rendered PDF text alone, so this is NOT promoted to an equation record -- human review or a higher-quality source representation is required before this can be extracted as a structured equation (brief section VII).",UNRESOLVED
REVPDF-44e1fb16351b23dd,,PDF_TEXT_CANDIDATE_NOT_STRUCTURED,SRC-ARXIV-c3b49eb8efd2:page 10,Gx(λ) = −kT0 ln Zx(λ) (16),"pypdf text extraction found a math-symbol-dense line; no reliable LaTeX/MathML recovery is possible from rendered PDF text alone, so this is NOT promoted to an equation record -- human review or a higher-quality source representation is required before this can be extracted as a structured equation (brief section VII).",UNRESOLVED
REVPDF-206992891a5f97be,,PDF_TEXT_CANDIDATE_NOT_STRUCTURED,SRC-ARXIV-c3b49eb8efd2:page 10,G(λ) =,"pypdf text extraction found a math-symbol-dense line; no reliable LaTeX/MathML recovery is possible from rendered PDF text alone, so this is NOT promoted to an equation record -- human review or a higher-quality source representation is required before this can be extracted as a structured equation (brief section VII).",UNRESOLVED
REVPDF-6cf197034d22acbf,,PDF_TEXT_CANDIDATE_NOT_STRUCTURED,SRC-ARXIV-c3b49eb8efd2:page 10,x∈X,"pypdf text extraction found a math-symbol-dense line; no reliable LaTeX/MathML recovery is possible from rendered PDF text alone, so this is NOT promoted to an equation record -- human review or a higher-quality source representation is required before this can be extracted as a structured equation (brief section VII).",UNRESOLVED
REVPDF-7edb9fb280304245,,PDF_TEXT_CANDIDATE_NOT_STRUCTURED,SRC-ARXIV-c3b49eb8efd2:page 10,P (x)Gx(λ) (17),"pypdf text extraction found a math-symbol-dense line; no reliable LaTeX/MathML recovery is possible from rendered PDF text alone, so this is NOT promoted to an equation record -- human review or a higher-quality source representation is required before this can be extracted as a structured equation (brief section VII).",UNRESOLVED
REVPDF-1dd8eb43db2609eb,,PDF_TEXT_CANDIDATE_NOT_STRUCTURED,SRC-ARXIV-c3b49eb8efd2:page 10,F (D) = sup,"pypdf text extraction found a math-symbol-dense line; no reliable LaTeX/MathML recovery is possible from rendered PDF text alone, so this is NOT promoted to an equation record -- human review or a higher-quality source representation is required before this can be extracted as a structured equation (brief section VII).",UNRESOLVED
REVPDF-32edf856bd2d0358,,PDF_TEXT_CANDIDATE_NOT_STRUCTURED,SRC-ARXIV-c3b49eb8efd2:page 10,[G(λ) + λD]. (18),"pypdf text extraction found a math-symbol-dense line; no reliable LaTeX/MathML recovery is possible from rendered PDF text alone, so this is NOT promoted to an equation record -- human review or a higher-quality source representation is required before this can be extracted as a structured equation (brief section VII).",UNRESOLVED
REVPDF-6cf197034d22acbf,,PDF_TEXT_CANDIDATE_NOT_STRUCTURED,SRC-ARXIV-c3b49eb8efd2:page 10,x∈X,"pypdf text extraction found a math-symbol-dense line; no reliable LaTeX/MathML recovery is possible from rendered PDF text alone, so this is NOT promoted to an equation record -- human review or a higher-quality source representation is required before this can be extracted as a structured equation (brief section VII).",UNRESOLVED
REVPDF-1dd8eb43db2609eb,,PDF_TEXT_CANDIDATE_NOT_STRUCTURED,SRC-ARXIV-c3b49eb8efd2:page 10,F (D) = sup,"pypdf text extraction found a math-symbol-dense line; no reliable LaTeX/MathML recovery is possible from rendered PDF text alone, so this is NOT promoted to an equation record -- human review or a higher-quality source representation is required before this can be extracted as a structured equation (brief section VII).",UNRESOLVED
REVPDF-48a1d1dd42f5e276,,PDF_TEXT_CANDIDATE_NOT_STRUCTURED,SRC-ARXIV-c3b49eb8efd2:page 10,λ≤0,"pypdf text extraction found a math-symbol-dense line; no reliable LaTeX/MathML recovery is possible from rendered PDF text alone, so this is NOT promoted to an equation record -- human review or a higher-quality source representation is required before this can be extracted as a structured equation (brief section VII).",UNRESOLVED
REVPDF-6d70adbd2b716f4e,,PDF_TEXT_CANDIDATE_NOT_STRUCTURED,SRC-ARXIV-c3b49eb8efd2:page 10,[G(λ) + λD]. (19),"pypdf text extraction found a math-symbol-dense line; no reliable LaTeX/MathML recovery is possible from rendered PDF text alone, so this is NOT promoted to an equation record -- human review or a higher-quality source representation is required before this can be extracted as a structured equation (brief section VII).",UNRESOLVED
REVPDF-4dd7f41b3f1d5e7f,,PDF_TEXT_CANDIDATE_NOT_STRUCTURED,SRC-ARXIV-c3b49eb8efd2:page 10,"F (D) = kT0RQ(D), (20)","pypdf text extraction found a math-symbol-dense line; no reliable LaTeX/MathML recovery is possible from rendered PDF text alone, so this is NOT promoted to an equation record -- human review or a higher-quality source representation is required before this can be extracted as a structured equation (brief section VII).",UNRESOLVED
REVPDF-0aa5da63d312103c,,PDF_TEXT_CANDIDATE_NOT_STRUCTURED,SRC-ARXIV-c3b49eb8efd2:page 10,∑ n,"pypdf text extraction found a math-symbol-dense line; no reliable LaTeX/MathML recovery is possible from rendered PDF text alone, so this is NOT promoted to an equation record -- human review or a higher-quality source representation is required before this can be extracted as a structured equation (brief section VII).",UNRESOLVED
REVPDF-eba374c9575eb3d2,,PDF_TEXT_CANDIDATE_NOT_STRUCTURED,SRC-ARXIV-c3b49eb8efd2:page 10,λ = F ′(D) = kT0R′,"pypdf text extraction found a math-symbol-dense line; no reliable LaTeX/MathML recovery is possible from rendered PDF text alone, so this is NOT promoted to an equation record -- human review or a higher-quality source representation is required before this can be extracted as a structured equation (brief section VII).",UNRESOLVED
REVPDF-96e01b3988a89334,,PDF_TEXT_CANDIDATE_NOT_STRUCTURED,SRC-ARXIV-ce178130a868:page 1,AB − qBA = 1 /BA /CC/CW/CT,"pypdf text extraction found a math-symbol-dense line; no reliable LaTeX/MathML recovery is possible from rendered PDF text alone, so this is NOT promoted to an equation record -- human review or a higher-quality source representation is required before this can be extracted as a structured equation (brief section VII).",UNRESOLVED
REVPDF-321221b7b976ca7d,,PDF_TEXT_CANDIDATE_NOT_STRUCTURED,SRC-ARXIV-ce178130a868:page 1,"/CP/D7/CT q = 1 /CP/D2/CS K = R, C /DD/CX/CT/D0/CS/D7 /D8/CW/CT","pypdf text extraction found a math-symbol-dense line; no reliable LaTeX/MathML recovery is possible from rendered PDF text alone, so this is NOT promoted to an equation record -- human review or a higher-quality source representation is required before this can be extracted as a structured equation (brief section VII).",UNRESOLVED
REVPDF-98a96bc3d04a6864,,PDF_TEXT_CANDIDATE_NOT_STRUCTURED,SRC-ARXIV-ce178130a868:page 2,/CP/D7 /D0/D3/D2/CV /CP/D7 q ⁄= 0 /B8 /D8/CW/CT /CT/D0/CX/D1/CX/D2/CP/D2 /D8,"pypdf text extraction found a math-symbol-dense line; no reliable LaTeX/MathML recovery is possible from rendered PDF text alone, so this is NOT promoted to an equation record -- human review or a higher-quality source representation is required before this can be extracted as a structured equation (brief section VII).",UNRESOLVED
REVPDF-3fced3e5d4cd0352,,PDF_TEXT_CANDIDATE_NOT_STRUCTURED,SRC-ARXIV-ce178130a868:page 2,/CP/D7/CT q = 0 /D7/CT/CT/D1/D7 /D8/D3 /CQ /CT /D7/D8/CX/D0/D0 /D3/D4 /CT/D2/BA,"pypdf text extraction found a math-symbol-dense line; no reliable LaTeX/MathML recovery is possible from rendered PDF text alone, so this is NOT promoted to an equation record -- human review or a higher-quality source representation is required before this can be extracted as a structured equation (brief section VII).",UNRESOLVED
REVPDF-cfe6727114b6e635,,PDF_TEXT_CANDIDATE_NOT_STRUCTURED,SRC-ARXIV-ce178130a868:page 2,/D3/D2/CS/CX/D8/CX/D3/D2 AB − qBA = 0 /B5,"pypdf text extraction found a math-symbol-dense line; no reliable LaTeX/MathML recovery is possible from rendered PDF text alone, so this is NOT promoted to an equation record -- human review or a higher-quality source representation is required before this can be extracted as a structured equation (brief section VII).",UNRESOLVED
REVPDF-c2500cd1b46b3b9d,,PDF_TEXT_CANDIDATE_NOT_STRUCTURED,SRC-ARXIV-ce178130a868:page 2,/C4/CT/D8 K /CQ /CT /CP /AS/CT/D0/CS/BA /C1/CU q ∈ K /D8/CW/CT/D2 HK(q)/B8 /D8/CW/CT q /B9/CS/CT/CU/D3/D6/D1/CT/CS /C0/CT/CX/D7/CT/D2 /CQ /CT/D6/CV /CP/D0/CV/CT/CQ/D6/CP /D3 /DA /CT/D6,"pypdf text extraction found a math-symbol-dense line; no reliable LaTeX/MathML recovery is possible from rendered PDF text alone, so this is NOT promoted to an equation record -- human review or a higher-quality source representation is required before this can be extracted as a structured equation (brief section VII).",UNRESOLVED
REVPDF-10c2090029de6391,,PDF_TEXT_CANDIDATE_NOT_STRUCTURED,SRC-ARXIV-ce178130a868:page 2,/D3/D1/D1 /D9/D8/CP/D8/CX/D3/D2 /D6/CT/D0/CP/D8/CX/D3/D2 AB − qBA = I /BA /CC/CW/CX/D7 /CP/D0/CV/CT/CQ/D6/CP /CX/D7 /D7/D3/D1/CT/B9,"pypdf text extraction found a math-symbol-dense line; no reliable LaTeX/MathML recovery is possible from rendered PDF text alone, so this is NOT promoted to an equation record -- human review or a higher-quality source representation is required before this can be extracted as a structured equation (brief section VII).",UNRESOLVED
REVPDF-8b68f7c9fce6c5d0,,PDF_TEXT_CANDIDATE_NOT_STRUCTURED,SRC-ARXIV-ce178130a868:page 2,"/D3/D1/D1 /D9/D8/CX/D2/CV P, Q ∈ HK(q) /D3/CU /D3/D6/CS/CT/D6 /CP/D8 /D0/CT/CP/D7/D8 /D3/D2/CT /B4/DB/CW/CT/D6/CT /AG/D3/D6/CS/CT/D6/AH","pypdf text extraction found a math-symbol-dense line; no reliable LaTeX/MathML recovery is possible from rendered PDF text alone, so this is NOT promoted to an equation record -- human review or a higher-quality source representation is required before this can be extracted as a structured equation (brief section VII).",UNRESOLVED
REVPDF-382e6530e10ae1aa,,PDF_TEXT_CANDIDATE_NOT_STRUCTURED,SRC-ARXIV-ce178130a868:page 2,"pi ∈ K[X, Y ] /D7/D9","pypdf text extraction found a math-symbol-dense line; no reliable LaTeX/MathML recovery is possible from rendered PDF text alone, so this is NOT promoted to an equation record -- human review or a higher-quality source representation is required before this can be extracted as a structured equation (brief section VII).",UNRESOLVED
REVPDF-1bdaf9c67be305dc,,PDF_TEXT_CANDIDATE_NOT_STRUCTURED,SRC-ARXIV-ce178130a868:page 2,"/CW /D8/CW/CP/D8 pi(P, Q ) = 0 /CU/D3/D6 /CP/D0/D0 i /B8 /CP/D2/CS /CP/D8 /D0/CT/CP/D7/D8 /D3/D2/CT /D3/CU /D8/CW/CT pi","pypdf text extraction found a math-symbol-dense line; no reliable LaTeX/MathML recovery is possible from rendered PDF text alone, so this is NOT promoted to an equation record -- human review or a higher-quality source representation is required before this can be extracted as a structured equation (brief section VII).",UNRESOLVED
REVPDF-5565ec65869b6297,,PDF_TEXT_CANDIDATE_NOT_STRUCTURED,SRC-ARXIV-ce178130a868:page 2,/CP/D7/CT q = 1 /CP/D7 /D1/CT/D2 /D8/CX/D3/D2/CT/CS /CX/D2 /D8/CW/CT /CX/D2 /D8/D6/D3 /CS/D9,"pypdf text extraction found a math-symbol-dense line; no reliable LaTeX/MathML recovery is possible from rendered PDF text alone, so this is NOT promoted to an equation record -- human review or a higher-quality source representation is required before this can be extracted as a structured equation (brief section VII).",UNRESOLVED
REVPDF-b3a9aecb0d8633d5,,PDF_TEXT_CANDIDATE_NOT_STRUCTURED,SRC-ARXIV-ce178130a868:page 3,/B8 /CU/D3/D6 n ∈ Z/B8 /CQ /DD,"pypdf text extraction found a math-symbol-dense line; no reliable LaTeX/MathML recovery is possible from rendered PDF text alone, so this is NOT promoted to an equation record -- human review or a higher-quality source representation is required before this can be extracted as a structured equation (brief section VII).",UNRESOLVED
REVPDF-6b2d2f8a1e3cc86f,,PDF_TEXT_CANDIDATE_NOT_STRUCTURED,SRC-ARXIV-ce178130a868:page 3,{n}q =,"pypdf text extraction found a math-symbol-dense line; no reliable LaTeX/MathML recovery is possible from rendered PDF text alone, so this is NOT promoted to an equation record -- human review or a higher-quality source representation is required before this can be extracted as a structured equation (brief section VII).",UNRESOLVED
REVPDF-5947e504cdbbbaba,,PDF_TEXT_CANDIDATE_NOT_STRUCTURED,SRC-ARXIV-ce178130a868:page 3,q−1 q ⁄= 1;,"pypdf text extraction found a math-symbol-dense line; no reliable LaTeX/MathML recovery is possible from rendered PDF text alone, so this is NOT promoted to an equation record -- human review or a higher-quality source representation is required before this can be extracted as a structured equation (brief section VII).",UNRESOLVED
REVPDF-2e6d48e1aa43d3a8,,PDF_TEXT_CANDIDATE_NOT_STRUCTURED,SRC-ARXIV-ce178130a868:page 3,n q = 1.,"pypdf text extraction found a math-symbol-dense line; no reliable LaTeX/MathML recovery is possible from rendered PDF text alone, so this is NOT promoted to an equation record -- human review or a higher-quality source representation is required before this can be extracted as a structured equation (brief section VII).",UNRESOLVED
REVPDF-1b9c07e502cf2fa3,,PDF_TEXT_CANDIDATE_NOT_STRUCTURED,SRC-ARXIV-ce178130a868:page 3,/BT/D7/D7/D9/D1/D4/D8/CX/D3/D2 /BE/BA/BD/BA /CC/CW/D6/D3/D9/CV/CW/D3/D9/D8 /D8/CW/CX/D7 /D4/CP/D4 /CT/D6 /DB /CT /CP/D7/D7/D9/D1/CT /D8/CW/CP/D8 q ⁄= 0 /CP/D2/CS {n}q ⁄= 0 /CX/CU,"pypdf text extraction found a math-symbol-dense line; no reliable LaTeX/MathML recovery is possible from rendered PDF text alone, so this is NOT promoted to an equation record -- human review or a higher-quality source representation is required before this can be extracted as a structured equation (brief section VII).",UNRESOLVED
REVPDF-bcb8821d3780f5c1,,PDF_TEXT_CANDIDATE_NOT_STRUCTURED,SRC-ARXIV-ce178130a868:page 3,n ∈ Z /CX/D7 /D2/D3/D2/B9/DE/CT/D6/D3/BA,"pypdf text extraction found a math-symbol-dense line; no reliable LaTeX/MathML recovery is possible from rendered PDF text alone, so this is NOT promoted to an equation record -- human review or a higher-quality source representation is required before this can be extracted as a structured equation (brief section VII).",UNRESOLVED
REVPDF-5ec0939c80ddb115,,PDF_TEXT_CANDIDATE_NOT_STRUCTURED,SRC-ARXIV-ce178130a868:page 3,/CA/CT/D1/CP/D6/CZ /BE/BA/BE/BA /CC/CW/CT /CU/D3/D0/D0/D3 /DB/CX/D2/CV /CP/D6/CT /CT/D5/D9/CX/DA /CP/D0/CT/D2 /D8 /CU/D3/D6 q ⁄= 0 /BM,"pypdf text extraction found a math-symbol-dense line; no reliable LaTeX/MathML recovery is possible from rendered PDF text alone, so this is NOT promoted to an equation record -- human review or a higher-quality source representation is required before this can be extracted as a structured equation (brief section VII).",UNRESOLVED
REVPDF-651afafc4e04f35e,,PDF_TEXT_CANDIDATE_NOT_STRUCTURED,SRC-ARXIV-ce178130a868:page 3,/B4/BD/B5 /CU/D3/D6 n ∈ Z/B8 {n}q = 0 /CX/CU /CP/D2/CS /D3/D2/D0/DD /CX/CU n = 0 /BN,"pypdf text extraction found a math-symbol-dense line; no reliable LaTeX/MathML recovery is possible from rendered PDF text alone, so this is NOT promoted to an equation record -- human review or a higher-quality source representation is required before this can be extracted as a structured equation (brief section VII).",UNRESOLVED
REVPDF-a30999203f507889,,PDF_TEXT_CANDIDATE_NOT_STRUCTURED,SRC-ARXIV-ce178130a868:page 3,"/B4/BE/B5 /CU/D3/D6 n1, n 2 ∈ Z/B8 {n1}q = {n2}q","pypdf text extraction found a math-symbol-dense line; no reliable LaTeX/MathML recovery is possible from rendered PDF text alone, so this is NOT promoted to an equation record -- human review or a higher-quality source representation is required before this can be extracted as a structured equation (brief section VII).",UNRESOLVED
REVPDF-6fa3be12f3c77965,,PDF_TEXT_CANDIDATE_NOT_STRUCTURED,SRC-ARXIV-ce178130a868:page 3,/CX/CU /CP/D2/CS /D3/D2/D0/DD /CX/CU n1 = n2,"pypdf text extraction found a math-symbol-dense line; no reliable LaTeX/MathML recovery is possible from rendered PDF text alone, so this is NOT promoted to an equation record -- human review or a higher-quality source representation is required before this can be extracted as a structured equation (brief section VII).",UNRESOLVED
REVPDF-8d2340c3d1b0d92d,,PDF_TEXT_CANDIDATE_NOT_STRUCTURED,SRC-ARXIV-ce178130a868:page 3,"{ q /CX/D7 /D2/D3/D8 /CP /D6/D3 /D3/D8 /D3/CU /D9/D2/CX/D8 /DD /D3/D8/CW/CT/D6 /D8/CW/CP/D2 1, /CX/CU char k = 0;","pypdf text extraction found a math-symbol-dense line; no reliable LaTeX/MathML recovery is possible from rendered PDF text alone, so this is NOT promoted to an equation record -- human review or a higher-quality source representation is required before this can be extracted as a structured equation (brief section VII).",UNRESOLVED
REVPDF-1721684aab7f6b69,,PDF_TEXT_CANDIDATE_NOT_STRUCTURED,SRC-ARXIV-ce178130a868:page 3,"q /CX/D7 /D2/D3/D8 /CP /D6/D3 /D3/D8 /D3/CU /D9/D2/CX/D8 /DD , /CX/CU char k ⁄= 0.","pypdf text extraction found a math-symbol-dense line; no reliable LaTeX/MathML recovery is possible from rendered PDF text alone, so this is NOT promoted to an equation record -- human review or a higher-quality source representation is required before this can be extracted as a structured equation (brief section VII).",UNRESOLVED
REVPDF-08a71f7ab19dd29e,,PDF_TEXT_CANDIDATE_NOT_STRUCTURED,SRC-ARXIV-ce178130a868:page 3,( ∞∑,"pypdf text extraction found a math-symbol-dense line; no reliable LaTeX/MathML recovery is possible from rendered PDF text alone, so this is NOT promoted to an equation record -- human review or a higher-quality source representation is required before this can be extracted as a structured equation (brief section VII).",UNRESOLVED
REVPDF-f205156eb5f82da0,,PDF_TEXT_CANDIDATE_NOT_STRUCTURED,SRC-ARXIV-ce178130a868:page 3,n=−∞,"pypdf text extraction found a math-symbol-dense line; no reliable LaTeX/MathML recovery is possible from rendered PDF text alone, so this is NOT promoted to an equation record -- human review or a higher-quality source representation is required before this can be extracted as a structured equation (brief section VII).",UNRESOLVED
REVPDF-f205156eb5f82da0,,PDF_TEXT_CANDIDATE_NOT_STRUCTURED,SRC-ARXIV-ce178130a868:page 3,n=−∞,"pypdf text extraction found a math-symbol-dense line; no reliable LaTeX/MathML recovery is possible from rendered PDF text alone, so this is NOT promoted to an equation record -- human review or a higher-quality source representation is required before this can be extracted as a structured equation (brief section VII).",UNRESOLVED
REVPDF-8d70910c8ba9bae9,,PDF_TEXT_CANDIDATE_NOT_STRUCTURED,SRC-ARXIV-ce178130a868:page 3,antn+1 =,"pypdf text extraction found a math-symbol-dense line; no reliable LaTeX/MathML recovery is possible from rendered PDF text alone, so this is NOT promoted to an equation record -- human review or a higher-quality source representation is required before this can be extracted as a structured equation (brief section VII).",UNRESOLVED
REVPDF-f205156eb5f82da0,,PDF_TEXT_CANDIDATE_NOT_STRUCTURED,SRC-ARXIV-ce178130a868:page 3,n=−∞,"pypdf text extraction found a math-symbol-dense line; no reliable LaTeX/MathML recovery is possible from rendered PDF text alone, so this is NOT promoted to an equation record -- human review or a higher-quality source representation is required before this can be extracted as a structured equation (brief section VII).",UNRESOLVED
REVPDF-08a71f7ab19dd29e,,PDF_TEXT_CANDIDATE_NOT_STRUCTURED,SRC-ARXIV-ce178130a868:page 3,( ∞∑,"pypdf text extraction found a math-symbol-dense line; no reliable LaTeX/MathML recovery is possible from rendered PDF text alone, so this is NOT promoted to an equation record -- human review or a higher-quality source representation is required before this can be extracted as a structured equation (brief section VII).",UNRESOLVED
REVPDF-f205156eb5f82da0,,PDF_TEXT_CANDIDATE_NOT_STRUCTURED,SRC-ARXIV-ce178130a868:page 3,n=−∞,"pypdf text extraction found a math-symbol-dense line; no reliable LaTeX/MathML recovery is possible from rendered PDF text alone, so this is NOT promoted to an equation record -- human review or a higher-quality source representation is required before this can be extracted as a structured equation (brief section VII).",UNRESOLVED
REVPDF-f205156eb5f82da0,,PDF_TEXT_CANDIDATE_NOT_STRUCTURED,SRC-ARXIV-ce178130a868:page 3,n=−∞,"pypdf text extraction found a math-symbol-dense line; no reliable LaTeX/MathML recovery is possible from rendered PDF text alone, so this is NOT promoted to an equation record -- human review or a higher-quality source representation is required before this can be extracted as a structured equation (brief section VII).",UNRESOLVED
REVPDF-f205156eb5f82da0,,PDF_TEXT_CANDIDATE_NOT_STRUCTURED,SRC-ARXIV-ce178130a868:page 3,n=−∞,"pypdf text extraction found a math-symbol-dense line; no reliable LaTeX/MathML recovery is possible from rendered PDF text alone, so this is NOT promoted to an equation record -- human review or a higher-quality source representation is required before this can be extracted as a structured equation (brief section VII).",UNRESOLVED
REVPDF-4b04baac780091f0,,PDF_TEXT_CANDIDATE_NOT_STRUCTURED,SRC-ARXIV-ce178130a868:page 3,P =,"pypdf text extraction found a math-symbol-dense line; no reliable LaTeX/MathML recovery is possible from rendered PDF text alone, so this is NOT promoted to an equation record -- human review or a higher-quality source representation is required before this can be extracted as a structured equation (brief section VII).",UNRESOLVED
REVPDF-f8b7fe420feaa760,,PDF_TEXT_CANDIDATE_NOT_STRUCTURED,SRC-ARXIV-ce178130a868:page 3,j=0,"pypdf text extraction found a math-symbol-dense line; no reliable LaTeX/MathML recovery is possible from rendered PDF text alone, so this is NOT promoted to an equation record -- human review or a higher-quality source representation is required before this can be extracted as a structured equation (brief section VII).",UNRESOLVED
REVPDF-c137bff00fc95f01,,PDF_TEXT_CANDIDATE_NOT_STRUCTURED,SRC-ARXIV-ce178130a868:page 3,"pj(B)Aj , p m ⁄= 0,","pypdf text extraction found a math-symbol-dense line; no reliable LaTeX/MathML recovery is possible from rendered PDF text alone, so this is NOT promoted to an equation record -- human review or a higher-quality source representation is required before this can be extracted as a structured equation (brief section VII).",UNRESOLVED
REVPDF-8641e39792ba8a65,,PDF_TEXT_CANDIDATE_NOT_STRUCTURED,SRC-ARXIV-ce178130a868:page 3,/CU/D3/D6 /D9/D2/CX/D5/D9/CT/D0/DD /CS/CT/D8/CT/D6/D1/CX/D2/CT/CS pj ∈ K[X] /CP/D2/CS m ≥ 0 /B8 /D8/CW/CT/D2 /D8/CW/CT /CX/D2 /D8/CT/CV/CT/D6 m /CX/D7,"pypdf text extraction found a math-symbol-dense line; no reliable LaTeX/MathML recovery is possible from rendered PDF text alone, so this is NOT promoted to an equation record -- human review or a higher-quality source representation is required before this can be extracted as a structured equation (brief section VII).",UNRESOLVED
REVPDF-09332f083a151323,,PDF_TEXT_CANDIDATE_NOT_STRUCTURED,SRC-ARXIV-ce178130a868:page 3,/D8/CW/CT /CT/D2/CS/D3/D1/D3/D6/D4/CW/CX/D7/D1 M /B8 /CP/D2/CS /CX/CU P ⁄= 0 /CX/D7 /DB/D6/CX/D8/D8/CT/D2 /D9/D2/CX/D5/D9/CT/D0/DD /CP/D7,"pypdf text extraction found a math-symbol-dense line; no reliable LaTeX/MathML recovery is possible from rendered PDF text alone, so this is NOT promoted to an equation record -- human review or a higher-quality source representation is required before this can be extracted as a structured equation (brief section VII).",UNRESOLVED
REVPDF-0cb4ba323c2d42df,,PDF_TEXT_CANDIDATE_NOT_STRUCTURED,SRC-ARXIV-ce178130a868:page 3,/B4/BD/B5 P =,"pypdf text extraction found a math-symbol-dense line; no reliable LaTeX/MathML recovery is possible from rendered PDF text alone, so this is NOT promoted to an equation record -- human review or a higher-quality source representation is required before this can be extracted as a structured equation (brief section VII).",UNRESOLVED
REVPDF-f8b7fe420feaa760,,PDF_TEXT_CANDIDATE_NOT_STRUCTURED,SRC-ARXIV-ce178130a868:page 3,j=0,"pypdf text extraction found a math-symbol-dense line; no reliable LaTeX/MathML recovery is possible from rendered PDF text alone, so this is NOT promoted to an equation record -- human review or a higher-quality source representation is required before this can be extracted as a structured equation (brief section VII).",UNRESOLVED
REVPDF-0d18f676a38ba4e4,,PDF_TEXT_CANDIDATE_NOT_STRUCTURED,SRC-ARXIV-ce178130a868:page 3,"q, p m ⁄= 0,","pypdf text extraction found a math-symbol-dense line; no reliable LaTeX/MathML recovery is possible from rendered PDF text alone, so this is NOT promoted to an equation record -- human review or a higher-quality source representation is required before this can be extracted as a structured equation (brief section VII).",UNRESOLVED
REVPDF-8641e39792ba8a65,,PDF_TEXT_CANDIDATE_NOT_STRUCTURED,SRC-ARXIV-ce178130a868:page 3,/CU/D3/D6 /D9/D2/CX/D5/D9/CT/D0/DD /CS/CT/D8/CT/D6/D1/CX/D2/CT/CS pj ∈ K[X] /CP/D2/CS m ≥ 0 /B8 /D8/CW/CT/D2 m /CX/D7 /D8/CW/CT /D3/D6/CS/CT/D6 /D3/CU P /BA,"pypdf text extraction found a math-symbol-dense line; no reliable LaTeX/MathML recovery is possible from rendered PDF text alone, so this is NOT promoted to an equation record -- human review or a higher-quality source representation is required before this can be extracted as a structured equation (brief section VII).",UNRESOLVED
REVPDF-d9b91d6a00de3d96,,PDF_TEXT_CANDIDATE_NOT_STRUCTURED,SRC-ARXIV-ce178130a868:page 4,"/C4/CT/D8 P, Q ∈ HK(q) /CQ /CT /D3/CU /D3/D6/CS/CT/D6 m ≥ 1 /CP/D2/CS n ≥ 1 /B8 /D6/CT/D7/D4 /CT","pypdf text extraction found a math-symbol-dense line; no reliable LaTeX/MathML recovery is possible from rendered PDF text alone, so this is NOT promoted to an equation record -- human review or a higher-quality source representation is required before this can be extracted as a structured equation (brief section VII).",UNRESOLVED
REVPDF-65e4125290aff135,,PDF_TEXT_CANDIDATE_NOT_STRUCTURED,SRC-ARXIV-ce178130a868:page 4,j=0,"pypdf text extraction found a math-symbol-dense line; no reliable LaTeX/MathML recovery is possible from rendered PDF text alone, so this is NOT promoted to an equation record -- human review or a higher-quality source representation is required before this can be extracted as a structured equation (brief section VII).",UNRESOLVED
REVPDF-58b6bc7401e4b4c5,,PDF_TEXT_CANDIDATE_NOT_STRUCTURED,SRC-ARXIV-ce178130a868:page 4,"q (n ≥ 1, q n ⁄= 0).","pypdf text extraction found a math-symbol-dense line; no reliable LaTeX/MathML recovery is possible from rendered PDF text alone, so this is NOT promoted to an equation record -- human review or a higher-quality source representation is required before this can be extracted as a structured equation (brief section VII).",UNRESOLVED
REVPDF-3ebb4d44c84d4fc6,,PDF_TEXT_CANDIDATE_NOT_STRUCTURED,SRC-ARXIV-ce178130a868:page 4,"/CF /D6/CX/D8/CT/B8 /CU/D3/D6 k = 0, . . . , n − 1 /B8","pypdf text extraction found a math-symbol-dense line; no reliable LaTeX/MathML recovery is possible from rendered PDF text alone, so this is NOT promoted to an equation record -- human review or a higher-quality source representation is required before this can be extracted as a structured equation (brief section VII).",UNRESOLVED
REVPDF-625b239dc970e674,,PDF_TEXT_CANDIDATE_NOT_STRUCTURED,SRC-ARXIV-ce178130a868:page 4,q P =,"pypdf text extraction found a math-symbol-dense line; no reliable LaTeX/MathML recovery is possible from rendered PDF text alone, so this is NOT promoted to an equation record -- human review or a higher-quality source representation is required before this can be extracted as a structured equation (brief section VII).",UNRESOLVED
REVPDF-ec5072ef4f3105a2,,PDF_TEXT_CANDIDATE_NOT_STRUCTURED,SRC-ARXIV-ce178130a868:page 4,m+k∑,"pypdf text extraction found a math-symbol-dense line; no reliable LaTeX/MathML recovery is possible from rendered PDF text alone, so this is NOT promoted to an equation record -- human review or a higher-quality source representation is required before this can be extracted as a structured equation (brief section VII).",UNRESOLVED
REVPDF-65e4125290aff135,,PDF_TEXT_CANDIDATE_NOT_STRUCTURED,SRC-ARXIV-ce178130a868:page 4,j=0,"pypdf text extraction found a math-symbol-dense line; no reliable LaTeX/MathML recovery is possible from rendered PDF text alone, so this is NOT promoted to an equation record -- human review or a higher-quality source representation is required before this can be extracted as a structured equation (brief section VII).",UNRESOLVED
REVPDF-ea71760d0b0f085d,,PDF_TEXT_CANDIDATE_NOT_STRUCTURED,SRC-ARXIV-ce178130a868:page 4,"q, /DB/CX/D8/CW pk,j ∈ K[X],","pypdf text extraction found a math-symbol-dense line; no reliable LaTeX/MathML recovery is possible from rendered PDF text alone, so this is NOT promoted to an equation record -- human review or a higher-quality source representation is required before this can be extracted as a structured equation (brief section VII).",UNRESOLVED
REVPDF-751629db810ef353,,PDF_TEXT_CANDIDATE_NOT_STRUCTURED,SRC-ARXIV-ce178130a868:page 4,"/CP/D2/CS/B8 /CU/D3/D6 l = 0, . . . , m − 1 /B8 /DB/D6/CX/D8/CT","pypdf text extraction found a math-symbol-dense line; no reliable LaTeX/MathML recovery is possible from rendered PDF text alone, so this is NOT promoted to an equation record -- human review or a higher-quality source representation is required before this can be extracted as a structured equation (brief section VII).",UNRESOLVED
REVPDF-31bb0a4921b39074,,PDF_TEXT_CANDIDATE_NOT_STRUCTURED,SRC-ARXIV-ce178130a868:page 4,qQ =,"pypdf text extraction found a math-symbol-dense line; no reliable LaTeX/MathML recovery is possible from rendered PDF text alone, so this is NOT promoted to an equation record -- human review or a higher-quality source representation is required before this can be extracted as a structured equation (brief section VII).",UNRESOLVED
REVPDF-cd2369289b4de95c,,PDF_TEXT_CANDIDATE_NOT_STRUCTURED,SRC-ARXIV-ce178130a868:page 4,n+l∑,"pypdf text extraction found a math-symbol-dense line; no reliable LaTeX/MathML recovery is possible from rendered PDF text alone, so this is NOT promoted to an equation record -- human review or a higher-quality source representation is required before this can be extracted as a structured equation (brief section VII).",UNRESOLVED
REVPDF-65e4125290aff135,,PDF_TEXT_CANDIDATE_NOT_STRUCTURED,SRC-ARXIV-ce178130a868:page 4,j=0,"pypdf text extraction found a math-symbol-dense line; no reliable LaTeX/MathML recovery is possible from rendered PDF text alone, so this is NOT promoted to an equation record -- human review or a higher-quality source representation is required before this can be extracted as a structured equation (brief section VII).",UNRESOLVED
REVPDF-05a172b2067d79e7,,PDF_TEXT_CANDIDATE_NOT_STRUCTURED,SRC-ARXIV-ce178130a868:page 4,"q, /DB/CX/D8/CW ql,j ∈ K[X].","pypdf text extraction found a math-symbol-dense line; no reliable LaTeX/MathML recovery is possible from rendered PDF text alone, so this is NOT promoted to an equation record -- human review or a higher-quality source representation is required before this can be extracted as a structured equation (brief section VII).",UNRESOLVED
REVPDF-7a9241352d1b4b68,,PDF_TEXT_CANDIDATE_NOT_STRUCTURED,SRC-ARXIV-ce178130a868:page 4,/CD/D7/CX/D2/CV /D8/CW/CT/D7/CT /CT/DC/D4/D6/CT/D7/D7/CX/D3/D2/D7 /DB /CT /D1/CP /DD /CQ/D9/CX/D0/CS /D9/D4 /CP/D2 (m + n) × (m + n)/B9/D1/CP/D8/D6/CX/DC /DB/CX/D8/CW /CT/D2/B9,"pypdf text extraction found a math-symbol-dense line; no reliable LaTeX/MathML recovery is possible from rendered PDF text alone, so this is NOT promoted to an equation record -- human review or a higher-quality source representation is required before this can be extracted as a structured equation (brief section VII).",UNRESOLVED
REVPDF-daadf1e0ebfda98a,,PDF_TEXT_CANDIDATE_NOT_STRUCTURED,SRC-ARXIV-ce178130a868:page 4,"k = 1 , . . . , n /B8 /D8/CW/CT k /B9/D8/CW /D6/D3 /DB /CX/D7 /CV/CX/DA /CT/D2/B8 /CU/D6/D3/D1 /D0/CT/CU/D8 /D8/D3 /D6/CX/CV/CW /D8/B8 /CQ /DD /D8/CW/CT","pypdf text extraction found a math-symbol-dense line; no reliable LaTeX/MathML recovery is possible from rendered PDF text alone, so this is NOT promoted to an equation record -- human review or a higher-quality source representation is required before this can be extracted as a structured equation (brief section VII).",UNRESOLVED
REVPDF-83f565b95ab33cf2,,PDF_TEXT_CANDIDATE_NOT_STRUCTURED,SRC-ARXIV-ce178130a868:page 4,q P −λD k−1,"pypdf text extraction found a math-symbol-dense line; no reliable LaTeX/MathML recovery is possible from rendered PDF text alone, so this is NOT promoted to an equation record -- human review or a higher-quality source representation is required before this can be extracted as a structured equation (brief section VII).",UNRESOLVED
REVPDF-2b6321e687ba625f,,PDF_TEXT_CANDIDATE_NOT_STRUCTURED,SRC-ARXIV-ce178130a868:page 4,q =∑ m+k−1,"pypdf text extraction found a math-symbol-dense line; no reliable LaTeX/MathML recovery is possible from rendered PDF text alone, so this is NOT promoted to an equation record -- human review or a higher-quality source representation is required before this can be extracted as a structured equation (brief section VII).",UNRESOLVED
REVPDF-c5dc0cf4c694e0bb,,PDF_TEXT_CANDIDATE_NOT_STRUCTURED,SRC-ARXIV-ce178130a868:page 4,"j=0 pk−1,j (M )Dj","pypdf text extraction found a math-symbol-dense line; no reliable LaTeX/MathML recovery is possible from rendered PDF text alone, so this is NOT promoted to an equation record -- human review or a higher-quality source representation is required before this can be extracted as a structured equation (brief section VII).",UNRESOLVED
REVPDF-65096648fe6612a6,,PDF_TEXT_CANDIDATE_NOT_STRUCTURED,SRC-ARXIV-ce178130a868:page 4,λD k−1,"pypdf text extraction found a math-symbol-dense line; no reliable LaTeX/MathML recovery is possible from rendered PDF text alone, so this is NOT promoted to an equation record -- human review or a higher-quality source representation is required before this can be extracted as a structured equation (brief section VII).",UNRESOLVED
REVPDF-5eaed1bdef214b65,,PDF_TEXT_CANDIDATE_NOT_STRUCTURED,SRC-ARXIV-ce178130a868:page 4,"/BA /BY /D3/D6 k = n + 1 , . . . , n + m /B8 /D8/CW/CT k /B9/D8/CW /D6/D3 /DB /CX/D7 /CV/CX/DA /CT/D2/B8 /CU/D6/D3/D1 /D0/CT/CU/D8 /D8/D3 /D6/CX/CV/CW /D8/B8","pypdf text extraction found a math-symbol-dense line; no reliable LaTeX/MathML recovery is possible from rendered PDF text alone, so this is NOT promoted to an equation record -- human review or a higher-quality source representation is required before this can be extracted as a structured equation (brief section VII).",UNRESOLVED
REVPDF-f5b36f894f481752,,PDF_TEXT_CANDIDATE_NOT_STRUCTURED,SRC-ARXIV-ce178130a868:page 4,q =∑ k−1,"pypdf text extraction found a math-symbol-dense line; no reliable LaTeX/MathML recovery is possible from rendered PDF text alone, so this is NOT promoted to an equation record -- human review or a higher-quality source representation is required before this can be extracted as a structured equation (brief section VII).",UNRESOLVED
REVPDF-4294b68a8bc4571a,,PDF_TEXT_CANDIDATE_NOT_STRUCTURED,SRC-ARXIV-ce178130a868:page 4,"j=0 pk−n−1,j (M )Dj","pypdf text extraction found a math-symbol-dense line; no reliable LaTeX/MathML recovery is possible from rendered PDF text alone, so this is NOT promoted to an equation record -- human review or a higher-quality source representation is required before this can be extracted as a structured equation (brief section VII).",UNRESOLVED
REVPDF-5dba56f6f4e609a3,,PDF_TEXT_CANDIDATE_NOT_STRUCTURED,SRC-ARXIV-ce178130a868:page 4,"/CP/D2 /CT/D0/CT/D1/CT/D2 /D8 /D3/CU K[X, λ, µ ] /DB/CW/CX","pypdf text extraction found a math-symbol-dense line; no reliable LaTeX/MathML recovery is possible from rendered PDF text alone, so this is NOT promoted to an equation record -- human review or a higher-quality source representation is required before this can be extracted as a structured equation (brief section VII).",UNRESOLVED
REVPDF-1f4fd053b18db95a,,PDF_TEXT_CANDIDATE_NOT_STRUCTURED,SRC-ARXIV-ce178130a868:page 4,"/CQ /DD ∆ (P,Q )(X, λ, µ )/BA /BY /D3/D6","pypdf text extraction found a math-symbol-dense line; no reliable LaTeX/MathML recovery is possible from rendered PDF text alone, so this is NOT promoted to an equation record -- human review or a higher-quality source representation is required before this can be extracted as a structured equation (brief section VII).",UNRESOLVED
REVPDF-4cc65d8d66bb32f7,,PDF_TEXT_CANDIDATE_NOT_STRUCTURED,SRC-ARXIV-ce178130a868:page 4,/BX/DC/CP/D1/D4/D0/CT /BE/BA/BF/BA /C4/CT/D8 P /CP/D2/CS Q /CQ /CT /CP/D7 /CP/CQ /D3 /DA /CT/B8 /DB/CX/D8/CW m = 3 /CP/D2/CS n = 2 /BA /CF /CT /D8/CW/CT/D2 /CW/CP /DA /CT,"pypdf text extraction found a math-symbol-dense line; no reliable LaTeX/MathML recovery is possible from rendered PDF text alone, so this is NOT promoted to an equation record -- human review or a higher-quality source representation is required before this can be extracted as a structured equation (brief section VII).",UNRESOLVED
REVPDF-2ad262829c5e60b4,,PDF_TEXT_CANDIDATE_NOT_STRUCTURED,SRC-ARXIV-ce178130a868:page 4,"∆ P,Q (X, λ, µ ) =","pypdf text extraction found a math-symbol-dense line; no reliable LaTeX/MathML recovery is possible from rendered PDF text alone, so this is NOT promoted to an equation record -- human review or a higher-quality source representation is required before this can be extracted as a structured equation (brief section VII).",UNRESOLVED
REVPDF-6a5dc0bde14d1192,,PDF_TEXT_CANDIDATE_NOT_STRUCTURED,SRC-ARXIV-ce178130a868:page 4,"p0, 0(X) − λ p 0, 1(X) p0, 2(X) p0, 3(X) 0","pypdf text extraction found a math-symbol-dense line; no reliable LaTeX/MathML recovery is possible from rendered PDF text alone, so this is NOT promoted to an equation record -- human review or a higher-quality source representation is required before this can be extracted as a structured equation (brief section VII).",UNRESOLVED
REVPDF-2a989fae689c58bb,,PDF_TEXT_CANDIDATE_NOT_STRUCTURED,SRC-ARXIV-ce178130a868:page 4,"p1, 0(X) p1, 1(X) − λ p 1, 2(X) p1, 3(X) p1, 4(X)","pypdf text extraction found a math-symbol-dense line; no reliable LaTeX/MathML recovery is possible from rendered PDF text alone, so this is NOT promoted to an equation record -- human review or a higher-quality source representation is required before this can be extracted as a structured equation (brief section VII).",UNRESOLVED
REVPDF-3d25da8adea0ee68,,PDF_TEXT_CANDIDATE_NOT_STRUCTURED,SRC-ARXIV-ce178130a868:page 4,/B4/BF/B5 s = n max,"pypdf text extraction found a math-symbol-dense line; no reliable LaTeX/MathML recovery is possible from rendered PDF text alone, so this is NOT promoted to an equation record -- human review or a higher-quality source representation is required before this can be extracted as a structured equation (brief section VII).",UNRESOLVED
REVPDF-f374065ee3491b2a,,PDF_TEXT_CANDIDATE_NOT_STRUCTURED,SRC-ARXIV-ce178130a868:page 4,deg(pj) + m max,"pypdf text extraction found a math-symbol-dense line; no reliable LaTeX/MathML recovery is possible from rendered PDF text alone, so this is NOT promoted to an equation record -- human review or a higher-quality source representation is required before this can be extracted as a structured equation (brief section VII).",UNRESOLVED
REVPDF-09fded25a363697b,,PDF_TEXT_CANDIDATE_NOT_STRUCTURED,SRC-ARXIV-ce178130a868:page 4,"/D9/D6/D7 /CX/D2 ∆ P,Q (X, λ, µ )/B8 /D7/D3 /D8/CW/CP/D8 /DB /CT","pypdf text extraction found a math-symbol-dense line; no reliable LaTeX/MathML recovery is possible from rendered PDF text alone, so this is NOT promoted to an equation record -- human review or a higher-quality source representation is required before this can be extracted as a structured equation (brief section VII).",UNRESOLVED
REVPDF-9eb8b7d02bba4c9c,,PDF_TEXT_CANDIDATE_NOT_STRUCTURED,SRC-ARXIV-ce178130a868:page 4,"/CP/D2 /CS/CT/AS/D2/CT /D8/CW/CT /D4 /D3/D0/DD/D2/D3/D1/CX/CP/D0/D7 δi ∈ K[λ, µ ] ( i =","pypdf text extraction found a math-symbol-dense line; no reliable LaTeX/MathML recovery is possible from rendered PDF text alone, so this is NOT promoted to an equation record -- human review or a higher-quality source representation is required before this can be extracted as a structured equation (brief section VII).",UNRESOLVED
REVPDF-85f36471e7f6048d,,PDF_TEXT_CANDIDATE_NOT_STRUCTURED,SRC-ARXIV-ce178130a868:page 5,"/B4/BG/B5 ∆ P,Q (X, λ, µ ) =","pypdf text extraction found a math-symbol-dense line; no reliable LaTeX/MathML recovery is possible from rendered PDF text alone, so this is NOT promoted to an equation record -- human review or a higher-quality source representation is required before this can be extracted as a structured equation (brief section VII).",UNRESOLVED
REVPDF-7e0fd41baf4f0e49,,PDF_TEXT_CANDIDATE_NOT_STRUCTURED,SRC-ARXIV-ce178130a868:page 5,i=0,"pypdf text extraction found a math-symbol-dense line; no reliable LaTeX/MathML recovery is possible from rendered PDF text alone, so this is NOT promoted to an equation record -- human review or a higher-quality source representation is required before this can be extracted as a structured equation (brief section VII).",UNRESOLVED
REVPDF-a69dcbf7b98358b7,,PDF_TEXT_CANDIDATE_NOT_STRUCTURED,SRC-ARXIV-ce178130a868:page 5,"δi(λ, µ )X i.","pypdf text extraction found a math-symbol-dense line; no reliable LaTeX/MathML recovery is possible from rendered PDF text alone, so this is NOT promoted to an equation record -- human review or a higher-quality source representation is required before this can be extracted as a structured equation (brief section VII).",UNRESOLVED
REVPDF-8e923794a5b83b60,,PDF_TEXT_CANDIDATE_NOT_STRUCTURED,SRC-ARXIV-ce178130a868:page 5,/C6/D3/D8/CT /D8/CW/CP/D8 /D8/CW/CT δi,"pypdf text extraction found a math-symbol-dense line; no reliable LaTeX/MathML recovery is possible from rendered PDF text alone, so this is NOT promoted to an equation record -- human review or a higher-quality source representation is required before this can be extracted as a structured equation (brief section VII).",UNRESOLVED
REVPDF-5a11c89e630cf324,,PDF_TEXT_CANDIDATE_NOT_STRUCTURED,SRC-ARXIV-ce178130a868:page 5,/B4/BH/B5 t = 1,"pypdf text extraction found a math-symbol-dense line; no reliable LaTeX/MathML recovery is possible from rendered PDF text alone, so this is NOT promoted to an equation record -- human review or a higher-quality source representation is required before this can be extracted as a structured equation (brief section VII).",UNRESOLVED
REVPDF-c96747185f8d549b,,PDF_TEXT_CANDIDATE_NOT_STRUCTURED,SRC-ARXIV-ce178130a868:page 5,deg(pj) + 1,"pypdf text extraction found a math-symbol-dense line; no reliable LaTeX/MathML recovery is possible from rendered PDF text alone, so this is NOT promoted to an equation record -- human review or a higher-quality source representation is required before this can be extracted as a structured equation (brief section VII).",UNRESOLVED
REVPDF-f39c0b5640c6364c,,PDF_TEXT_CANDIDATE_NOT_STRUCTURED,SRC-ARXIV-ce178130a868:page 5,/CC/CW/CT/D3/D6/CT/D1 /BE/BA/BG/BA /C4 /CT/D8 K /CQ /CT /CP /AS/CT/D0/CS /CP/D2/CS 0 ⁄= q ∈ K /CQ /CT /D7/D9,"pypdf text extraction found a math-symbol-dense line; no reliable LaTeX/MathML recovery is possible from rendered PDF text alone, so this is NOT promoted to an equation record -- human review or a higher-quality source representation is required before this can be extracted as a structured equation (brief section VII).",UNRESOLVED
REVPDF-9c4a2efefdf5cf19,,PDF_TEXT_CANDIDATE_NOT_STRUCTURED,SRC-ARXIV-ce178130a868:page 5,/CW /D8/CW/CP/D8 {n}q = 0 /CX/CU /CP/D2/CS /D3/D2/D0/DD,"pypdf text extraction found a math-symbol-dense line; no reliable LaTeX/MathML recovery is possible from rendered PDF text alone, so this is NOT promoted to an equation record -- human review or a higher-quality source representation is required before this can be extracted as a structured equation (brief section VII).",UNRESOLVED
REVPDF-6c022ede4a839c6e,,PDF_TEXT_CANDIDATE_NOT_STRUCTURED,SRC-ARXIV-ce178130a868:page 5,/CX/CU n = 0 /BA /CB/D9/D4/D4 /D3/D7/CT P /CP/D7 /CX/D2 /B4/BD /B5 /CP/D2/CS Q /CP/D7 /CX/D2 /B4/BE/B5 /CP/D6 /CT,"pypdf text extraction found a math-symbol-dense line; no reliable LaTeX/MathML recovery is possible from rendered PDF text alone, so this is NOT promoted to an equation record -- human review or a higher-quality source representation is required before this can be extracted as a structured equation (brief section VII).",UNRESOLVED
REVPDF-2db03a89c0611241,,PDF_TEXT_CANDIDATE_NOT_STRUCTURED,SRC-ARXIV-ce178130a868:page 5,/D3/CU /D3/D6 /CS/CT/D6 m ≥ 1 /CP/D2/CS n ≥ 1 /B8 /D6 /CT/D7/D4 /CT,"pypdf text extraction found a math-symbol-dense line; no reliable LaTeX/MathML recovery is possible from rendered PDF text alone, so this is NOT promoted to an equation record -- human review or a higher-quality source representation is required before this can be extracted as a structured equation (brief section VII).",UNRESOLVED
REVPDF-422a793196a16d26,,PDF_TEXT_CANDIDATE_NOT_STRUCTURED,SRC-ARXIV-ce178130a868:page 5,"/D8/CX/DA/CT/D0/DD/BA /C4 /CT/D8 ∆ P,Q (X, λ, µ ) ∈ K[X, λ, µ ] /CQ /CT /D8/CW/CT","pypdf text extraction found a math-symbol-dense line; no reliable LaTeX/MathML recovery is possible from rendered PDF text alone, so this is NOT promoted to an equation record -- human review or a higher-quality source representation is required before this can be extracted as a structured equation (brief section VII).",UNRESOLVED
REVPDF-e4fd8bde559f7253,,PDF_TEXT_CANDIDATE_NOT_STRUCTURED,SRC-ARXIV-ce178130a868:page 5,"/D8/CT /CS /CP/D7 /CP/CQ /D3/DA/CT/B8 /CS/CT/AS/D2/CT s /CP/D7 /CX/D2 /B4/BF /B5 /B8 δi ∈ K[λ, µ ] ( i = 1 , . . . , s ) /CP/D7 /CX/D2","pypdf text extraction found a math-symbol-dense line; no reliable LaTeX/MathML recovery is possible from rendered PDF text alone, so this is NOT promoted to an equation record -- human review or a higher-quality source representation is required before this can be extracted as a structured equation (brief section VII).",UNRESOLVED
REVPDF-29f5b2fe451088ec,,PDF_TEXT_CANDIDATE_NOT_STRUCTURED,SRC-ARXIV-ce178130a868:page 5,"/CC/CW/CT/D2 ∆ P,Q ⁄= 0 /BA /C1/D2 /CU/CP","pypdf text extraction found a math-symbol-dense line; no reliable LaTeX/MathML recovery is possible from rendered PDF text alone, so this is NOT promoted to an equation record -- human review or a higher-quality source representation is required before this can be extracted as a structured equation (brief section VII).",UNRESOLVED
REVPDF-c7fb767b9684a17d,,PDF_TEXT_CANDIDATE_NOT_STRUCTURED,SRC-ARXIV-ce178130a868:page 5,"/CW/CP/D7 /CS/CT /CV/D6 /CT /CT n /CP/D7 /CP/D2 /CT/D0/CT/D1/CT/D2/D8 /D3/CU K[X, µ ][λ] /CP/D2/CS /CX/D8/D7","pypdf text extraction found a math-symbol-dense line; no reliable LaTeX/MathML recovery is possible from rendered PDF text alone, so this is NOT promoted to an equation record -- human review or a higher-quality source representation is required before this can be extracted as a structured equation (brief section VII).",UNRESOLVED
REVPDF-edbe55713d818436,,PDF_TEXT_CANDIDATE_NOT_STRUCTURED,SRC-ARXIV-ce178130a868:page 5,/CX/CT/D2/D8 /D3/CU λ n,"pypdf text extraction found a math-symbol-dense line; no reliable LaTeX/MathML recovery is possible from rendered PDF text alone, so this is NOT promoted to an equation record -- human review or a higher-quality source representation is required before this can be extracted as a structured equation (brief section VII).",UNRESOLVED
REVPDF-93ceb79800e7ac79,,PDF_TEXT_CANDIDATE_NOT_STRUCTURED,SRC-ARXIV-ce178130a868:page 5,"k=0 qn(qkX)/BA /C4/CX/CZ/CT/DB/CX/D7/CT/B8 ∆ P,Q","pypdf text extraction found a math-symbol-dense line; no reliable LaTeX/MathML recovery is possible from rendered PDF text alone, so this is NOT promoted to an equation record -- human review or a higher-quality source representation is required before this can be extracted as a structured equation (brief section VII).",UNRESOLVED
REVPDF-d50420ed7804e87e,,PDF_TEXT_CANDIDATE_NOT_STRUCTURED,SRC-ARXIV-ce178130a868:page 5,"/CP/D2 /CT/D0/CT/D1/CT/D2/D8 /D3/CU K[X, λ ][µ ] /CP/D2/CS /CX/D8/D7 /D2/D3/D2/B9/DE/CT/D6 /D3","pypdf text extraction found a math-symbol-dense line; no reliable LaTeX/MathML recovery is possible from rendered PDF text alone, so this is NOT promoted to an equation record -- human review or a higher-quality source representation is required before this can be extracted as a structured equation (brief section VII).",UNRESOLVED
REVPDF-a80f92b8fcc480d7,,PDF_TEXT_CANDIDATE_NOT_STRUCTURED,SRC-ARXIV-ce178130a868:page 5,k=0 pm(qkX)/BA,"pypdf text extraction found a math-symbol-dense line; no reliable LaTeX/MathML recovery is possible from rendered PDF text alone, so this is NOT promoted to an equation record -- human review or a higher-quality source representation is required before this can be extracted as a structured equation (brief section VII).",UNRESOLVED
REVPDF-f520edfc58a6d56d,,PDF_TEXT_CANDIDATE_NOT_STRUCTURED,SRC-ARXIV-ce178130a868:page 5,"/BT/D7 /CP/D2 /CT/D0/CT/D1/CT/D2/D8 /D3/CU K[λ, µ ][X]/B8 ∆ P,Q","pypdf text extraction found a math-symbol-dense line; no reliable LaTeX/MathML recovery is possible from rendered PDF text alone, so this is NOT promoted to an equation record -- human review or a higher-quality source representation is required before this can be extracted as a structured equation (brief section VII).",UNRESOLVED
REVPDF-f25d730b561e9270,,PDF_TEXT_CANDIDATE_NOT_STRUCTURED,SRC-ARXIV-ce178130a868:page 5,/D9/D6/D6/CX/D2/CV /CX/D2 /D8/CW/CT /D1/CP/D8/D6/CX/DC /CS/CT/AS/D2/CX/D2/CV /D8/CW/CT /CT/D0/CX/D1/CX/D2/CP/D2/D8/B8 /D8/CW/CT/D2 /D8/CW/CT δi,"pypdf text extraction found a math-symbol-dense line; no reliable LaTeX/MathML recovery is possible from rendered PDF text alone, so this is NOT promoted to an equation record -- human review or a higher-quality source representation is required before this can be extracted as a structured equation (brief section VII).",UNRESOLVED
REVPDF-ddc8c02c631a7a63,,PDF_TEXT_CANDIDATE_NOT_STRUCTURED,SRC-ARXIV-ce178130a868:page 5,"/D8/D9/CP/D0 /D0/DD /CT/D0/CT/D1/CT/D2/D8/D7 /D3/CU R[q][λ, µ ]/BA /C1/D2 /CU/CP","pypdf text extraction found a math-symbol-dense line; no reliable LaTeX/MathML recovery is possible from rendered PDF text alone, so this is NOT promoted to an equation record -- human review or a higher-quality source representation is required before this can be extracted as a structured equation (brief section VII).",UNRESOLVED
REVPDF-98df978604a84a86,,PDF_TEXT_CANDIDATE_NOT_STRUCTURED,SRC-ARXIV-ce178130a868:page 5,λ /CP/D2/CS µ /B8 /CT /CP,"pypdf text extraction found a math-symbol-dense line; no reliable LaTeX/MathML recovery is possible from rendered PDF text alone, so this is NOT promoted to an equation record -- human review or a higher-quality source representation is required before this can be extracted as a structured equation (brief section VII).",UNRESOLVED
REVPDF-f4429d54fa0564da,,PDF_TEXT_CANDIDATE_NOT_STRUCTURED,SRC-ARXIV-ce178130a868:page 5,/CX/CT/D2/D8 /D3/CU /D8/CW/CT δi,"pypdf text extraction found a math-symbol-dense line; no reliable LaTeX/MathML recovery is possible from rendered PDF text alone, so this is NOT promoted to an equation record -- human review or a higher-quality source representation is required before this can be extracted as a structured equation (brief section VII).",UNRESOLVED
REVPDF-e960d69ac85a8b58,,PDF_TEXT_CANDIDATE_NOT_STRUCTURED,SRC-ARXIV-ce178130a868:page 5,∑ t,"pypdf text extraction found a math-symbol-dense line; no reliable LaTeX/MathML recovery is possible from rendered PDF text alone, so this is NOT promoted to an equation record -- human review or a higher-quality source representation is required before this can be extracted as a structured equation (brief section VII).",UNRESOLVED
REVPDF-4f940bffd367f4a3,,PDF_TEXT_CANDIDATE_NOT_STRUCTURED,SRC-ARXIV-ce178130a868:page 5,l=0 rlql,"pypdf text extraction found a math-symbol-dense line; no reliable LaTeX/MathML recovery is possible from rendered PDF text alone, so this is NOT promoted to an equation record -- human review or a higher-quality source representation is required before this can be extracted as a structured equation (brief section VII).",UNRESOLVED
REVPDF-a25e6338b0aed75f,,PDF_TEXT_CANDIDATE_NOT_STRUCTURED,SRC-ARXIV-ce178130a868:page 5,"rl ∈ R (l = 0, . . . , t )/BN","pypdf text extraction found a math-symbol-dense line; no reliable LaTeX/MathML recovery is possible from rendered PDF text alone, so this is NOT promoted to an equation record -- human review or a higher-quality source representation is required before this can be extracted as a structured equation (brief section VII).",UNRESOLVED
REVPDF-ad9bc4a2f5524e60,,PDF_TEXT_CANDIDATE_NOT_STRUCTURED,SRC-ARXIV-ce178130a868:page 5,/B4/BE/B5 /CP/D8 /D0/CT /CP/D7/D8 /D3/D2/CT /D3/CU /D8/CW/CT δi,"pypdf text extraction found a math-symbol-dense line; no reliable LaTeX/MathML recovery is possible from rendered PDF text alone, so this is NOT promoted to an equation record -- human review or a higher-quality source representation is required before this can be extracted as a structured equation (brief section VII).",UNRESOLVED
REVPDF-edab3a33e3bf1bee,,PDF_TEXT_CANDIDATE_NOT_STRUCTURED,SRC-ARXIV-ce178130a868:page 5,"/B4/BF/B5 δi(P, Q ) = 0 /CU/D3/D6 /CP/D0 /D0 i = 0, . . . , s /BA","pypdf text extraction found a math-symbol-dense line; no reliable LaTeX/MathML recovery is possible from rendered PDF text alone, so this is NOT promoted to an equation record -- human review or a higher-quality source representation is required before this can be extracted as a structured equation (brief section VII).",UNRESOLVED
REVPDF-47bd7f680355940c,,PDF_TEXT_CANDIDATE_NOT_STRUCTURED,SRC-ARXIV-ce178130a868:page 5,"/D3/CU /D8/CW/CX/D7 /D4/CP/D4 /CT/D6/BA /CC/CW/CT /CX/CS/CT/CP /CX/D7 /CP/D7 /CU/D3/D0/D0/D3 /DB/D7/BA /CB/D9/D4/D4 /D3/D7/CT λ 0, µ 0 ∈ K /CP/D2/CS 0 ⁄= vλ 0,µ 0 ∈ L /CX/D7 /CP","pypdf text extraction found a math-symbol-dense line; no reliable LaTeX/MathML recovery is possible from rendered PDF text alone, so this is NOT promoted to an equation record -- human review or a higher-quality source representation is required before this can be extracted as a structured equation (brief section VII).",UNRESOLVED
REVPDF-67f9e6a574e5f250,,PDF_TEXT_CANDIDATE_NOT_STRUCTURED,SRC-ARXIV-ce178130a868:page 5,"P vλ 0,µ 0 = λ 0vλ 0,µ 0 ,","pypdf text extraction found a math-symbol-dense line; no reliable LaTeX/MathML recovery is possible from rendered PDF text alone, so this is NOT promoted to an equation record -- human review or a higher-quality source representation is required before this can be extracted as a structured equation (brief section VII).",UNRESOLVED
REVPDF-b8003a4aecb3b2c9,,PDF_TEXT_CANDIDATE_NOT_STRUCTURED,SRC-ARXIV-ce178130a868:page 5,"Qvλ 0,µ 0 = µ 0vλ 0,µ 0 .","pypdf text extraction found a math-symbol-dense line; no reliable LaTeX/MathML recovery is possible from rendered PDF text alone, so this is NOT promoted to an equation record -- human review or a higher-quality source representation is required before this can be extracted as a structured equation (brief section VII).",UNRESOLVED
REVPDF-bb43d71d18cb3136,,PDF_TEXT_CANDIDATE_NOT_STRUCTURED,SRC-ARXIV-ce178130a868:page 5,"/CX/CP/D0/CX/DE/CP/D8/CX/D3/D2 X = M, λ = λ 0, µ = µ 0","pypdf text extraction found a math-symbol-dense line; no reliable LaTeX/MathML recovery is possible from rendered PDF text alone, so this is NOT promoted to an equation record -- human review or a higher-quality source representation is required before this can be extracted as a structured equation (brief section VII).",UNRESOLVED
REVPDF-71a8cb4d26c9a485,,PDF_TEXT_CANDIDATE_NOT_STRUCTURED,SRC-ARXIV-ce178130a868:page 5,"(vλ 0,µ 0 , . . . , D m+n−1","pypdf text extraction found a math-symbol-dense line; no reliable LaTeX/MathML recovery is possible from rendered PDF text alone, so this is NOT promoted to an equation record -- human review or a higher-quality source representation is required before this can be extracted as a structured equation (brief section VII).",UNRESOLVED
REVPDF-2218f7df636d737e,,PDF_TEXT_CANDIDATE_NOT_STRUCTURED,SRC-ARXIV-ce178130a868:page 5,"q vλ 0,µ 0 )T","pypdf text extraction found a math-symbol-dense line; no reliable LaTeX/MathML recovery is possible from rendered PDF text alone, so this is NOT promoted to an equation record -- human review or a higher-quality source representation is required before this can be extracted as a structured equation (brief section VII).",UNRESOLVED
REVPDF-2d71b6df4bb856e4,,PDF_TEXT_CANDIDATE_NOT_STRUCTURED,SRC-ARXIV-ce178130a868:page 5,"/D7/CW/D3 /DB/D7 /D8/CW/CP/D8 (vλ 0,µ 0 , . . . , D m+n−1","pypdf text extraction found a math-symbol-dense line; no reliable LaTeX/MathML recovery is possible from rendered PDF text alone, so this is NOT promoted to an equation record -- human review or a higher-quality source representation is required before this can be extracted as a structured equation (brief section VII).",UNRESOLVED
REVPDF-2218f7df636d737e,,PDF_TEXT_CANDIDATE_NOT_STRUCTURED,SRC-ARXIV-ce178130a868:page 5,"q vλ 0,µ 0 )T","pypdf text extraction found a math-symbol-dense line; no reliable LaTeX/MathML recovery is possible from rendered PDF text alone, so this is NOT promoted to an equation record -- human review or a higher-quality source representation is required before this can be extracted as a structured equation (brief section VII).",UNRESOLVED
REVPDF-4f765c23ac546e08,,PDF_TEXT_CANDIDATE_NOT_STRUCTURED,SRC-ARXIV-ce178130a868:page 5,"∆ P,Q (M, λ 0, µ 0) /D3/D2 /D8/CW/CT /CS/CX/CP/CV/D3/D2/CP/D0/BA /C1/D2 /D4/CP/D6/D8/CX","pypdf text extraction found a math-symbol-dense line; no reliable LaTeX/MathML recovery is possible from rendered PDF text alone, so this is NOT promoted to an equation record -- human review or a higher-quality source representation is required before this can be extracted as a structured equation (brief section VII).",UNRESOLVED
REVPDF-dcb5d51f47c28c61,,PDF_TEXT_CANDIDATE_NOT_STRUCTURED,SRC-ARXIV-ce178130a868:page 5,"/D9/D0/CP/D6/B8 ∆ P,Q (M, λ 0, µ 0) vλ 0,µ 0 = 0 /BA /C6/D3 /DB /CX/D8","pypdf text extraction found a math-symbol-dense line; no reliable LaTeX/MathML recovery is possible from rendered PDF text alone, so this is NOT promoted to an equation record -- human review or a higher-quality source representation is required before this can be extracted as a structured equation (brief section VII).",UNRESOLVED
REVPDF-1243b07bd134b4e8,,PDF_TEXT_CANDIDATE_NOT_STRUCTURED,SRC-ARXIV-ce178130a868:page 5,"/CP/D0/D0/DD /CU/D6/D3/D1 /D8/CW/CX/D7 /D8/CW/CP/D8 ∆ P,Q (M, λ 0, µ 0) = 0 /CX/D2 HK(q) /D7/CX/D2","pypdf text extraction found a math-symbol-dense line; no reliable LaTeX/MathML recovery is possible from rendered PDF text alone, so this is NOT promoted to an equation record -- human review or a higher-quality source representation is required before this can be extracted as a structured equation (brief section VII).",UNRESOLVED
REVPDF-69f20c65cf990ad9,,PDF_TEXT_CANDIDATE_NOT_STRUCTURED,SRC-ARXIV-ce178130a868:page 5,/D4 /D3/D0/DD/D2/D3/D1/CX/CP/D0 /CX/D2 M /D1/CX/CV/CW /D8 /CW/CP /DA /CT /D2/D3/D2/B9/D8/D6/CX/DA/CX/CP/D0 /CZ /CT/D6/D2/CT/D0/B8 /CP/D7 /D8/CW/CT /CT/DC/CP/D1/D4/D0/CT (M − 1)∑,"pypdf text extraction found a math-symbol-dense line; no reliable LaTeX/MathML recovery is possible from rendered PDF text alone, so this is NOT promoted to an equation record -- human review or a higher-quality source representation is required before this can be extracted as a structured equation (brief section VII).",UNRESOLVED
REVPDF-7230a79c59c77663,,PDF_TEXT_CANDIDATE_NOT_STRUCTURED,SRC-ARXIV-ce178130a868:page 5,n tn = 0,"pypdf text extraction found a math-symbol-dense line; no reliable LaTeX/MathML recovery is possible from rendered PDF text alone, so this is NOT promoted to an equation record -- human review or a higher-quality source representation is required before this can be extracted as a structured equation (brief section VII).",UNRESOLVED
REVPDF-9534dcaba2bf22d8,,PDF_TEXT_CANDIDATE_NOT_STRUCTURED,SRC-ARXIV-ce178130a868:page 6,"/CW /D4/CP/CX/D6/D7 (λ 0, µ 0) /DB/CW/CT/D6/CT /DB /CT","pypdf text extraction found a math-symbol-dense line; no reliable LaTeX/MathML recovery is possible from rendered PDF text alone, so this is NOT promoted to an equation record -- human review or a higher-quality source representation is required before this can be extracted as a structured equation (brief section VII).",UNRESOLVED
REVPDF-3cd8a5996735b282,,PDF_TEXT_CANDIDATE_NOT_STRUCTURED,SRC-ARXIV-ce178130a868:page 6,"/D0/D9/CS/CT /D8/CW/CP/D8 ∆ P,Q (M, λ 0, µ 0) = 0 /CX/D2 HK(q)/BA /BY /D3/D6 /CP/D0/D0 /D8/CW/CT/D7/CT /D4/CP/CX/D6/D7 /D3/D2/CT /CW/CP/D7 δi(λ 0, µ 0) = 0","pypdf text extraction found a math-symbol-dense line; no reliable LaTeX/MathML recovery is possible from rendered PDF text alone, so this is NOT promoted to an equation record -- human review or a higher-quality source representation is required before this can be extracted as a structured equation (brief section VII).",UNRESOLVED
REVPDF-6b8330ea7929bf6f,,PDF_TEXT_CANDIDATE_NOT_STRUCTURED,SRC-ARXIV-ce178130a868:page 6,"/D0/D9/CS/CT /D8/CW/CP/D8 δi(P, Q ) = 0 /CX/D2 HK(q) /CU/D3/D6 /CP/D0/D0 i /BA","pypdf text extraction found a math-symbol-dense line; no reliable LaTeX/MathML recovery is possible from rendered PDF text alone, so this is NOT promoted to an equation record -- human review or a higher-quality source representation is required before this can be extracted as a structured equation (brief section VII).",UNRESOLVED
REVPDF-20de5fea5f4a70d9,,PDF_TEXT_CANDIDATE_NOT_STRUCTURED,SRC-ARXIV-ce178130a868:page 6,"/D3/D2/D7/CX/D7/D8/D7 /D3/CU /D7/CW/D3 /DB/CX/D2/CV /D8/CW/CP/D8 /D8/CW/CT/D6/CT /CP/D6/CT /CX/D2/AS/D2/CX/D8/CT/D0/DD /D1/CP/D2 /DD (λ 0, µ 0) ∈","pypdf text extraction found a math-symbol-dense line; no reliable LaTeX/MathML recovery is possible from rendered PDF text alone, so this is NOT promoted to an equation record -- human review or a higher-quality source representation is required before this can be extracted as a structured equation (brief section VII).",UNRESOLVED
REVPDF-8335f8fd1691cec5,,PDF_TEXT_CANDIDATE_NOT_STRUCTURED,SRC-ARXIV-ce178130a868:page 6,K × K /D7/D9,"pypdf text extraction found a math-symbol-dense line; no reliable LaTeX/MathML recovery is possible from rendered PDF text alone, so this is NOT promoted to an equation record -- human review or a higher-quality source representation is required before this can be extracted as a structured equation (brief section VII).",UNRESOLVED
REVPDF-7c9af762e5550881,,PDF_TEXT_CANDIDATE_NOT_STRUCTURED,SRC-ARXIV-ce178130a868:page 6,"/CW /D8/CW/CP/D8 ∆( M, λ 0, µ 0) = 0 /B8 /CX/D7 /D8/CW/CT /D1/D3/D7/D8 /CX/D2 /DA /D3/D0/DA /CT/CS/BA /CC/CW/CT /CX/CS/CT/CP /CX/D7 /D8/D3 /CT/DC/D4/D0/D3/CX/D8 /D8/CW/CT","pypdf text extraction found a math-symbol-dense line; no reliable LaTeX/MathML recovery is possible from rendered PDF text alone, so this is NOT promoted to an equation record -- human review or a higher-quality source representation is required before this can be extracted as a structured equation (brief section VII).",UNRESOLVED
REVPDF-426039c0240e1506,,PDF_TEXT_CANDIDATE_NOT_STRUCTURED,SRC-ARXIV-ce178130a868:page 6,"/D8 /D8/CW/CP/D8 vλ 0,µ 0","pypdf text extraction found a math-symbol-dense line; no reliable LaTeX/MathML recovery is possible from rendered PDF text alone, so this is NOT promoted to an equation record -- human review or a higher-quality source representation is required before this can be extracted as a structured equation (brief section VII).",UNRESOLVED
REVPDF-0f22769a6ce67199,,PDF_TEXT_CANDIDATE_NOT_STRUCTURED,SRC-ARXIV-ce178130a868:page 6,/CX/D7 /CQ /D3/D8/CW /CX/D2 /D8/CW/CT /CZ /CT/D6/D2/CT/D0 /D3/CU P − λ 0,"pypdf text extraction found a math-symbol-dense line; no reliable LaTeX/MathML recovery is possible from rendered PDF text alone, so this is NOT promoted to an equation record -- human review or a higher-quality source representation is required before this can be extracted as a structured equation (brief section VII).",UNRESOLVED
REVPDF-4991132e24343d82,,PDF_TEXT_CANDIDATE_NOT_STRUCTURED,SRC-ARXIV-ce178130a868:page 6,/D3/CU /D3/D6/CS/CT/D6 m ≥ 1 /CP/D2/CS /CX/D2 /D8/CW/CT /CZ /CT/D6/D2/CT/D0,"pypdf text extraction found a math-symbol-dense line; no reliable LaTeX/MathML recovery is possible from rendered PDF text alone, so this is NOT promoted to an equation record -- human review or a higher-quality source representation is required before this can be extracted as a structured equation (brief section VII).",UNRESOLVED
REVPDF-f54db3a7ae98497e,,PDF_TEXT_CANDIDATE_NOT_STRUCTURED,SRC-ARXIV-ce178130a868:page 6,"/D3/CU /D8/CW/CT /D4 /D3/D0/DD/D2/D3/D1/CX/CP/D0 /CT/D0/CT/D1/CT/D2 /D8 ∆ P,Q (M, λ 0, µ 0) /DB/CW/CX","pypdf text extraction found a math-symbol-dense line; no reliable LaTeX/MathML recovery is possible from rendered PDF text alone, so this is NOT promoted to an equation record -- human review or a higher-quality source representation is required before this can be extracted as a structured equation (brief section VII).",UNRESOLVED
REVPDF-fe6c7017ea9ecc7d,,PDF_TEXT_CANDIDATE_NOT_STRUCTURED,SRC-ARXIV-ce178130a868:page 6,/D3/CU P − λ 0,"pypdf text extraction found a math-symbol-dense line; no reliable LaTeX/MathML recovery is possible from rendered PDF text alone, so this is NOT promoted to an equation record -- human review or a higher-quality source representation is required before this can be extracted as a structured equation (brief section VII).",UNRESOLVED
REVPDF-008b8ae6801add13,,PDF_TEXT_CANDIDATE_NOT_STRUCTURED,SRC-ARXIV-ce178130a868:page 6,"/CX/D8/D0/DD /CT/D2/D3/D9/CV/CW /D8/D3 /D7/CW/D3 /DB /D8/CW/CP/D8 /CP/D2 /DD vλ 0,µ 0","pypdf text extraction found a math-symbol-dense line; no reliable LaTeX/MathML recovery is possible from rendered PDF text alone, so this is NOT promoted to an equation record -- human review or a higher-quality source representation is required before this can be extracted as a structured equation (brief section VII).",UNRESOLVED
REVPDF-c228bf51c3e657f2,,PDF_TEXT_CANDIDATE_NOT_STRUCTURED,SRC-ARXIV-ce178130a868:page 6,/CQ/D9/D8 /D2/D3/D8 /D3/D2 λ 0,"pypdf text extraction found a math-symbol-dense line; no reliable LaTeX/MathML recovery is possible from rendered PDF text alone, so this is NOT promoted to an equation record -- human review or a higher-quality source representation is required before this can be extracted as a structured equation (brief section VII).",UNRESOLVED
REVPDF-677a7d858bb6ec5f,,PDF_TEXT_CANDIDATE_NOT_STRUCTURED,SRC-ARXIV-ce178130a868:page 6,"/CX/D2/AS/D2/CX/D8 /DD /D3/CU /CS/CX/AR/CT/D6/CT/D2 /D8 /D4/CP/CX/D6/D7 (λ 0, µ 0) /D8/CW/CP/D8","pypdf text extraction found a math-symbol-dense line; no reliable LaTeX/MathML recovery is possible from rendered PDF text alone, so this is NOT promoted to an equation record -- human review or a higher-quality source representation is required before this can be extracted as a structured equation (brief section VII).",UNRESOLVED
REVPDF-7cea0d009808fa03,,PDF_TEXT_CANDIDATE_NOT_STRUCTURED,SRC-ARXIV-ce178130a868:page 6,"/CP/D7/CT /D8/CW/CP/D8 ∆ P,Q (M, λ 0, µ 0) /CX/D7 /D2/D3/D8","pypdf text extraction found a math-symbol-dense line; no reliable LaTeX/MathML recovery is possible from rendered PDF text alone, so this is NOT promoted to an equation record -- human review or a higher-quality source representation is required before this can be extracted as a structured equation (brief section VII).",UNRESOLVED
REVPDF-f626727151e3b0cb,,PDF_TEXT_CANDIDATE_NOT_STRUCTURED,SRC-ARXIV-ce178130a868:page 6,"/D8/CW/CT /D6/CT/D1/CP/CX/D2/CX/D2/CV /CX/D2/AS/D2/CX/D8/CT /D2 /D9/D1 /CQ /CT/D6 /D3/CU /D4/CP/CX/D6/D7 /DB /CT /D1 /D9/D7/D8 /CW/CP /DA /CT /D8/CW/CP/D8 ∆ P,Q (M, λ 0, µ 0) /CX/D7 /DE/CT/D6/D3/BA","pypdf text extraction found a math-symbol-dense line; no reliable LaTeX/MathML recovery is possible from rendered PDF text alone, so this is NOT promoted to an equation record -- human review or a higher-quality source representation is required before this can be extracted as a structured equation (brief section VII).",UNRESOLVED
REVPDF-076bc9e4890f7de6,,PDF_TEXT_CANDIDATE_NOT_STRUCTURED,SRC-ARXIV-ce178130a868:page 6,/D3/D2/D7/D8/CP/D2 /D8 P ∈ HK(q) /CW/CP/D7 /CP/D2 /CX/D2/AS/D2/CX/D8/CT /D4 /D3/CX/D2 /D8 /D7/D4 /CT,"pypdf text extraction found a math-symbol-dense line; no reliable LaTeX/MathML recovery is possible from rendered PDF text alone, so this is NOT promoted to an equation record -- human review or a higher-quality source representation is required before this can be extracted as a structured equation (brief section VII).",UNRESOLVED
REVPDF-ec2b947b943b4887,,PDF_TEXT_CANDIDATE_NOT_STRUCTURED,SRC-ARXIV-ce178130a868:page 6,/CT/DC/CP/D1/D4/D0/CT/B8 /D8/CW/CT /D3/D2/D0/DD /DA /CP/D0/D9/CT /D3/CU λ ∈ C /CU/D3/D6 /DB/CW/CX,"pypdf text extraction found a math-symbol-dense line; no reliable LaTeX/MathML recovery is possible from rendered PDF text alone, so this is NOT promoted to an equation record -- human review or a higher-quality source representation is required before this can be extracted as a structured equation (brief section VII).",UNRESOLVED
REVPDF-160cd8f50f7707bf,,PDF_TEXT_CANDIDATE_NOT_STRUCTURED,SRC-ARXIV-ce178130a868:page 6,/CW /D8/CW/CT /D3/D4 /CT/D6/CP/D8/D3/D6 t2d/dt − λ /CW/CP/D7 /CP /D2/D3/D2/B9,"pypdf text extraction found a math-symbol-dense line; no reliable LaTeX/MathML recovery is possible from rendered PDF text alone, so this is NOT promoted to an equation record -- human review or a higher-quality source representation is required before this can be extracted as a structured equation (brief section VII).",UNRESOLVED
REVPDF-bb0fff2b67c5b83f,,PDF_TEXT_CANDIDATE_NOT_STRUCTURED,SRC-ARXIV-ce178130a868:page 6,/D8/D6/CX/DA/CX/CP/D0 /CZ /CT/D6/D2/CT/D0 /CX/D2 /D8/CW/CT /CU/D3/D6/D1/CP/D0 /D4 /D3 /DB /CT/D6 /D7/CT/D6/CX/CT/D7/B8 /CX/D7 λ = 0 /BA /C0/CT/D2,"pypdf text extraction found a math-symbol-dense line; no reliable LaTeX/MathML recovery is possible from rendered PDF text alone, so this is NOT promoted to an equation record -- human review or a higher-quality source representation is required before this can be extracted as a structured equation (brief section VII).",UNRESOLVED
REVPDF-92b36fcf2de4edcf,,PDF_TEXT_CANDIDATE_NOT_STRUCTURED,SRC-ARXIV-ce178130a868:page 7,/CP/D9/D7/CT K /CX/D7 /CX/D2/AS/D2/CX/D8/CT /AL /CQ/D9/D8 /CU/D3/D6 q ⁄= 1 /D8/CW/CT /D3/D4 /CT/D6/CP/D8/D3/D6 Dq,"pypdf text extraction found a math-symbol-dense line; no reliable LaTeX/MathML recovery is possible from rendered PDF text alone, so this is NOT promoted to an equation record -- human review or a higher-quality source representation is required before this can be extracted as a structured equation (brief section VII).",UNRESOLVED
REVPDF-502b57825315435e,,PDF_TEXT_CANDIDATE_NOT_STRUCTURED,SRC-ARXIV-ce178130a868:page 7,/CU/D3/D6 q ⁄= 1 /D8/CW/CT/D6/CT /D7/CT/CT/D1/D7 /D2/D3 /DB /CP /DD /D8/D3 /D6/CT/D1/CT/CS/DD /D8/CW/CX/D7 /CQ /DD,"pypdf text extraction found a math-symbol-dense line; no reliable LaTeX/MathML recovery is possible from rendered PDF text alone, so this is NOT promoted to an equation record -- human review or a higher-quality source representation is required before this can be extracted as a structured equation (brief section VII).",UNRESOLVED
REVPDF-d12b3aea71b7adf4,,PDF_TEXT_CANDIDATE_NOT_STRUCTURED,SRC-ARXIV-ce178130a868:page 7,"/D8/CW/CP/D8 ∆ P,Q (M, λ 0, µ 0) = 0 /D3/D2","pypdf text extraction found a math-symbol-dense line; no reliable LaTeX/MathML recovery is possible from rendered PDF text alone, so this is NOT promoted to an equation record -- human review or a higher-quality source representation is required before this can be extracted as a structured equation (brief section VII).",UNRESOLVED
REVPDF-5927f37d5921038b,,PDF_TEXT_CANDIDATE_NOT_STRUCTURED,SRC-ARXIV-ce178130a868:page 7,"/CT /DB /CT /CZ/D2/D3 /DB /D8/CW/CP/D8 ∆ P,Q (M, λ 0, µ 0)vλ 0,µ 0 = 0 /BA /C1/CU vλ 0,µ 0","pypdf text extraction found a math-symbol-dense line; no reliable LaTeX/MathML recovery is possible from rendered PDF text alone, so this is NOT promoted to an equation record -- human review or a higher-quality source representation is required before this can be extracted as a structured equation (brief section VII).",UNRESOLVED
REVPDF-4c6d80d1875c7a9d,,PDF_TEXT_CANDIDATE_NOT_STRUCTURED,SRC-ARXIV-ce178130a868:page 7,/CU/D3/D6 q ⁄= 1 /DB /CT /DB /CT/D6/CT /CU/D3/D6,"pypdf text extraction found a math-symbol-dense line; no reliable LaTeX/MathML recovery is possible from rendered PDF text alone, so this is NOT promoted to an equation record -- human review or a higher-quality source representation is required before this can be extracted as a structured equation (brief section VII).",UNRESOLVED
REVPDF-1e8fdf68a94da2e2,,PDF_TEXT_CANDIDATE_NOT_STRUCTURED,SRC-ARXIV-ce178130a868:page 7,"/D8 /D8/CW/CP/D8 vλ 0,µ 0","pypdf text extraction found a math-symbol-dense line; no reliable LaTeX/MathML recovery is possible from rendered PDF text alone, so this is NOT promoted to an equation record -- human review or a higher-quality source representation is required before this can be extracted as a structured equation (brief section VII).",UNRESOLVED
REVPDF-0d0aae91e897a825,,PDF_TEXT_CANDIDATE_NOT_STRUCTURED,SRC-ARXIV-ce178130a868:page 7,"∆ P,Q (M, λ 0, µ 0)/B8 /CQ/D9/D8 /CX/D7 /CP/D0/D7/D3 /CX/D2 /D8/CW/CT /CZ /CT/D6/D2/CT/D0 /D3/CU /CP/D2 /CT/D0/CT/D1/CT/D2 /D8 /D3/CU HK(q) /D3/CU /D3/D6/CS/CT/D6 /CP/D8 /D0/CT/CP/D7/D8","pypdf text extraction found a math-symbol-dense line; no reliable LaTeX/MathML recovery is possible from rendered PDF text alone, so this is NOT promoted to an equation record -- human review or a higher-quality source representation is required before this can be extracted as a structured equation (brief section VII).",UNRESOLVED
REVPDF-a7bedab3cd2242a2,,PDF_TEXT_CANDIDATE_NOT_STRUCTURED,SRC-ARXIV-ce178130a868:page 7,/D0/D9/CS/CT /D8/CW/CX/D7 /D6/CT/D1/CP/D6/CZ/B8 /DB /CT /D1/CT/D2 /D8/CX/D3/D2 /D8/CW/CP/D8 /CU/D3/D6 q = 1 /B8 /DB/CW/CT/D6/CT D1,"pypdf text extraction found a math-symbol-dense line; no reliable LaTeX/MathML recovery is possible from rendered PDF text alone, so this is NOT promoted to an equation record -- human review or a higher-quality source representation is required before this can be extracted as a structured equation (brief section VII).",UNRESOLVED
REVPDF-8818c12a8ea96d6d,,PDF_TEXT_CANDIDATE_NOT_STRUCTURED,SRC-ARXIV-ce178130a868:page 7,/CP/D7/CT q = 1 /CP/D7 /DB /CT/D0/D0/B8 /CP/D2/CS /D7/CX/D2,"pypdf text extraction found a math-symbol-dense line; no reliable LaTeX/MathML recovery is possible from rendered PDF text alone, so this is NOT promoted to an equation record -- human review or a higher-quality source representation is required before this can be extracted as a structured equation (brief section VII).",UNRESOLVED
REVPDF-f34d5985a54eeabc,,PDF_TEXT_CANDIDATE_NOT_STRUCTURED,SRC-ARXIV-ce178130a868:page 7,/CP/D7/CT q = 1 /BA,"pypdf text extraction found a math-symbol-dense line; no reliable LaTeX/MathML recovery is possible from rendered PDF text alone, so this is NOT promoted to an equation record -- human review or a higher-quality source representation is required before this can be extracted as a structured equation (brief section VII).",UNRESOLVED
REVPDF-5caf2f9398759f75,,PDF_TEXT_CANDIDATE_NOT_STRUCTURED,SRC-ARXIV-ce178130a868:page 7,"/CT/D6/D8/CP/CX/D2 /CT/D0/CT/D1/CT/D2 /D8/D7 Ψ α,s","pypdf text extraction found a math-symbol-dense line; no reliable LaTeX/MathML recovery is possible from rendered PDF text alone, so this is NOT promoted to an equation record -- human review or a higher-quality source representation is required before this can be extracted as a structured equation (brief section VII).",UNRESOLVED
REVPDF-d5ef8d72e9058c21,,PDF_TEXT_CANDIDATE_NOT_STRUCTURED,SRC-ARXIV-ce178130a868:page 7,/CX/D2 L /DB/CW/CT/D6/CT α ∈ K ∗,"pypdf text extraction found a math-symbol-dense line; no reliable LaTeX/MathML recovery is possible from rendered PDF text alone, so this is NOT promoted to an equation record -- human review or a higher-quality source representation is required before this can be extracted as a structured equation (brief section VII).",UNRESOLVED
REVPDF-dc2bcab508de1929,,PDF_TEXT_CANDIDATE_NOT_STRUCTURED,SRC-ARXIV-ce178130a868:page 7,"/CP/D2/CS s = 1 , 2, 3, . . . /BA /C1/D2","pypdf text extraction found a math-symbol-dense line; no reliable LaTeX/MathML recovery is possible from rendered PDF text alone, so this is NOT promoted to an equation record -- human review or a higher-quality source representation is required before this can be extracted as a structured equation (brief section VII).",UNRESOLVED
REVPDF-cb7525d0098e73d4,,PDF_TEXT_CANDIDATE_NOT_STRUCTURED,SRC-ARXIV-ce178130a868:page 7,"/CT/D7 (α, s ) /CP/D2/CS /DB /CT /CP/D2/CP/D0/DD/DE/CT /D8/CW/CT","pypdf text extraction found a math-symbol-dense line; no reliable LaTeX/MathML recovery is possible from rendered PDF text alone, so this is NOT promoted to an equation record -- human review or a higher-quality source representation is required before this can be extracted as a structured equation (brief section VII).",UNRESOLVED
REVPDF-22598cf63657ed4f,,PDF_TEXT_CANDIDATE_NOT_STRUCTURED,SRC-ARXIV-ce178130a868:page 7,"/D8/CX/D3/D2 /D3/CU /CP/D2 /CP/D6/CQ/CX/D8/D6/CP/D6/DD P ∈ HK(q) /D3/D2 /D8/CW/CT Ψ α,s","pypdf text extraction found a math-symbol-dense line; no reliable LaTeX/MathML recovery is possible from rendered PDF text alone, so this is NOT promoted to an equation record -- human review or a higher-quality source representation is required before this can be extracted as a structured equation (brief section VII).",UNRESOLVED
REVPDF-c817e22704f7636d,,PDF_TEXT_CANDIDATE_NOT_STRUCTURED,SRC-ARXIV-ce178130a868:page 8,/BY /D3/D6 P ∈ HK(q)/B8 /D0/CT/D8 σ (P ) /CS/CT/D2/D3/D8/CT /D8/CW/CT /D4 /D3/CX/D2 /D8 /D7/D4 /CT,"pypdf text extraction found a math-symbol-dense line; no reliable LaTeX/MathML recovery is possible from rendered PDF text alone, so this is NOT promoted to an equation record -- human review or a higher-quality source representation is required before this can be extracted as a structured equation (brief section VII).",UNRESOLVED
REVPDF-c0f5f4059cb7dc28,,PDF_TEXT_CANDIDATE_NOT_STRUCTURED,SRC-ARXIV-ce178130a868:page 8,/CT/CX/CV/CT/D2 /DA /CP/D0/D9/CT/D7/BA /CD/D2/CS/CT/D6 /D3/D9/D6 /D7/D8/CP/D2/CS/CX/D2/CV /CP/D7/D7/D9/D1/D4/D8/CX/D3/D2 /D8/CW/CP/D8 q ⁄= 0 /CP/D2/CS {n}q ⁄= 0 /CX/CU n ⁄= 0 /B8,"pypdf text extraction found a math-symbol-dense line; no reliable LaTeX/MathML recovery is possible from rendered PDF text alone, so this is NOT promoted to an equation record -- human review or a higher-quality source representation is required before this can be extracted as a structured equation (brief section VII).",UNRESOLVED
REVPDF-e2a25f1cece09763,,PDF_TEXT_CANDIDATE_NOT_STRUCTURED,SRC-ARXIV-ce178130a868:page 8,/C4/CT/D8 P =∑ m,"pypdf text extraction found a math-symbol-dense line; no reliable LaTeX/MathML recovery is possible from rendered PDF text alone, so this is NOT promoted to an equation record -- human review or a higher-quality source representation is required before this can be extracted as a structured equation (brief section VII).",UNRESOLVED
REVPDF-ce161f5fe7d0398f,,PDF_TEXT_CANDIDATE_NOT_STRUCTURED,SRC-ARXIV-ce178130a868:page 8,j=0 pj(M )Dj,"pypdf text extraction found a math-symbol-dense line; no reliable LaTeX/MathML recovery is possible from rendered PDF text alone, so this is NOT promoted to an equation record -- human review or a higher-quality source representation is required before this can be extracted as a structured equation (brief section VII).",UNRESOLVED
REVPDF-6391cb87679a9e6f,,PDF_TEXT_CANDIDATE_NOT_STRUCTURED,SRC-ARXIV-ce178130a868:page 8,q (m ≥ 0),"pypdf text extraction found a math-symbol-dense line; no reliable LaTeX/MathML recovery is possible from rendered PDF text alone, so this is NOT promoted to an equation record -- human review or a higher-quality source representation is required before this can be extracted as a structured equation (brief section VII).",UNRESOLVED
REVPDF-ad47b3d4459791ed,,PDF_TEXT_CANDIDATE_NOT_STRUCTURED,SRC-ARXIV-ce178130a868:page 8,/B8 /DB/CW/CT/D6/CT pj(M ) =∑,"pypdf text extraction found a math-symbol-dense line; no reliable LaTeX/MathML recovery is possible from rendered PDF text alone, so this is NOT promoted to an equation record -- human review or a higher-quality source representation is required before this can be extracted as a structured equation (brief section VII).",UNRESOLVED
REVPDF-be9ea7500e0bfc9d,,PDF_TEXT_CANDIDATE_NOT_STRUCTURED,SRC-ARXIV-ce178130a868:page 8,/CP/D2/CS pm ⁄= 0 /BA /CC/CW/CT/D2,"pypdf text extraction found a math-symbol-dense line; no reliable LaTeX/MathML recovery is possible from rendered PDF text alone, so this is NOT promoted to an equation record -- human review or a higher-quality source representation is required before this can be extracted as a structured equation (brief section VII).",UNRESOLVED
REVPDF-4c4aa724e5baae26,,PDF_TEXT_CANDIDATE_NOT_STRUCTURED,SRC-ARXIV-ce178130a868:page 8,/D0/CT/CP/D6/D0/DD /B8 /CU/D3/D6 /CP/D0/D0 k ∈ Z/B8,"pypdf text extraction found a math-symbol-dense line; no reliable LaTeX/MathML recovery is possible from rendered PDF text alone, so this is NOT promoted to an equation record -- human review or a higher-quality source representation is required before this can be extracted as a structured equation (brief section VII).",UNRESOLVED
REVPDF-2769ed72d93a4d99,,PDF_TEXT_CANDIDATE_NOT_STRUCTURED,SRC-ARXIV-ce178130a868:page 8,P tk =,"pypdf text extraction found a math-symbol-dense line; no reliable LaTeX/MathML recovery is possible from rendered PDF text alone, so this is NOT promoted to an equation record -- human review or a higher-quality source representation is required before this can be extracted as a structured equation (brief section VII).",UNRESOLVED
REVPDF-bff51517b1798781,,PDF_TEXT_CANDIDATE_NOT_STRUCTURED,SRC-ARXIV-ce178130a868:page 8, ∑,"pypdf text extraction found a math-symbol-dense line; no reliable LaTeX/MathML recovery is possible from rendered PDF text alone, so this is NOT promoted to an equation record -- human review or a higher-quality source representation is required before this can be extracted as a structured equation (brief section VII).",UNRESOLVED
REVPDF-9401e7ba41262016,,PDF_TEXT_CANDIDATE_NOT_STRUCTURED,SRC-ARXIV-ce178130a868:page 8,i−j=d,"pypdf text extraction found a math-symbol-dense line; no reliable LaTeX/MathML recovery is possible from rendered PDF text alone, so this is NOT promoted to an equation record -- human review or a higher-quality source representation is required before this can be extracted as a structured equation (brief section VII).",UNRESOLVED
REVPDF-5666194e86eab35b,,PDF_TEXT_CANDIDATE_NOT_STRUCTURED,SRC-ARXIV-ce178130a868:page 8,"pj,i {k}q{k − 1}q . . . {k − j + 1}q","pypdf text extraction found a math-symbol-dense line; no reliable LaTeX/MathML recovery is possible from rendered PDF text alone, so this is NOT promoted to an equation record -- human review or a higher-quality source representation is required before this can be extracted as a structured equation (brief section VII).",UNRESOLVED
REVPDF-6554dd911f167316,,PDF_TEXT_CANDIDATE_NOT_STRUCTURED,SRC-ARXIV-ce178130a868:page 8, td+k.,"pypdf text extraction found a math-symbol-dense line; no reliable LaTeX/MathML recovery is possible from rendered PDF text alone, so this is NOT promoted to an equation record -- human review or a higher-quality source representation is required before this can be extracted as a structured equation (brief section VII).",UNRESOLVED
REVPDF-64e82f236389da5e,,PDF_TEXT_CANDIDATE_NOT_STRUCTURED,SRC-ARXIV-ce178130a868:page 8,/D8 {k}q{k − 1}q . . . {k − j + 1}q,"pypdf text extraction found a math-symbol-dense line; no reliable LaTeX/MathML recovery is possible from rendered PDF text alone, so this is NOT promoted to an equation record -- human review or a higher-quality source representation is required before this can be extracted as a structured equation (brief section VII).",UNRESOLVED
REVPDF-9c8c7e565fd9e064,,PDF_TEXT_CANDIDATE_NOT_STRUCTURED,SRC-ARXIV-ce178130a868:page 8,/D7/CW/D3/D9/D0/CS /CQ /CT /CX/D2 /D8/CT/D6/D4/D6/CT/D8/CT/CS /CP/D7 1 /CX/CU j = 0 /BA,"pypdf text extraction found a math-symbol-dense line; no reliable LaTeX/MathML recovery is possible from rendered PDF text alone, so this is NOT promoted to an equation record -- human review or a higher-quality source representation is required before this can be extracted as a structured equation (brief section VII).",UNRESOLVED
REVPDF-0b84385e9480e7bf,,PDF_TEXT_CANDIDATE_NOT_STRUCTURED,SRC-ARXIV-ce178130a868:page 8,/C4/CT/D8 βd(k) = ∑,"pypdf text extraction found a math-symbol-dense line; no reliable LaTeX/MathML recovery is possible from rendered PDF text alone, so this is NOT promoted to an equation record -- human review or a higher-quality source representation is required before this can be extracted as a structured equation (brief section VII).",UNRESOLVED
REVPDF-abe8934faa7c7194,,PDF_TEXT_CANDIDATE_NOT_STRUCTURED,SRC-ARXIV-ce178130a868:page 8,"i−j=d pj,i {k}q{k − 1}q . . . {k − j + 1}q (k, d ∈ Z)/BA /CC/CW/CT /CU/D9/D2","pypdf text extraction found a math-symbol-dense line; no reliable LaTeX/MathML recovery is possible from rendered PDF text alone, so this is NOT promoted to an equation record -- human review or a higher-quality source representation is required before this can be extracted as a structured equation (brief section VII).",UNRESOLVED
REVPDF-e199d000c324472f,,PDF_TEXT_CANDIDATE_NOT_STRUCTURED,SRC-ARXIV-ce178130a868:page 8,βd : Z → K /CS/CT/D7,"pypdf text extraction found a math-symbol-dense line; no reliable LaTeX/MathML recovery is possible from rendered PDF text alone, so this is NOT promoted to an equation record -- human review or a higher-quality source representation is required before this can be extracted as a structured equation (brief section VII).",UNRESOLVED
REVPDF-771aadbcb1f42312,,PDF_TEXT_CANDIDATE_NOT_STRUCTURED,SRC-ARXIV-ce178130a868:page 8,"/D9/D6/D7 /CX/D2 P /CX/CU /D8/CW/CT/D6/CT /CT/DC/CX/D7/D8 i, j /DB/CX/D8/CW i − j = d /D7/D9","pypdf text extraction found a math-symbol-dense line; no reliable LaTeX/MathML recovery is possible from rendered PDF text alone, so this is NOT promoted to an equation record -- human review or a higher-quality source representation is required before this can be extracted as a structured equation (brief section VII).",UNRESOLVED
REVPDF-0f8d4f999b8568d4,,PDF_TEXT_CANDIDATE_NOT_STRUCTURED,SRC-ARXIV-ce178130a868:page 8,"/D8/CW/CP/D8 pj,i ⁄= 0 /BA /CB/CP /DD /D8/CW/CP/D8 /CP /CW/D3/D1/D3/CV/CT/D2/CT/D3/D9/D7 /CS/CT/CV/D6/CT/CT d /D3","pypdf text extraction found a math-symbol-dense line; no reliable LaTeX/MathML recovery is possible from rendered PDF text alone, so this is NOT promoted to an equation record -- human review or a higher-quality source representation is required before this can be extracted as a structured equation (brief section VII).",UNRESOLVED
REVPDF-715e0b30451272c6,,PDF_TEXT_CANDIDATE_NOT_STRUCTURED,SRC-ARXIV-ce178130a868:page 8,"/CX/CU /D8/CW/CT/D6/CT /CT/DC/CX/D7/D8 i, j /DB/CX/D8/CW i − j = d/B8 pj,i ⁄= 0 /CP/D2/CS j ≥ 1 /BA /C7/CQ /DA/CX/D3/D9/D7/D0/DD /B8 /D3/D2/D0/DD /AS/D2/CX/D8/CT/D0/DD","pypdf text extraction found a math-symbol-dense line; no reliable LaTeX/MathML recovery is possible from rendered PDF text alone, so this is NOT promoted to an equation record -- human review or a higher-quality source representation is required before this can be extracted as a structured equation (brief section VII).",UNRESOLVED
REVPDF-1856bbca624f0d88,,PDF_TEXT_CANDIDATE_NOT_STRUCTURED,SRC-ARXIV-ce178130a868:page 8,/D9/D6/D7/CX/D3/D2 {n − 1}q =,"pypdf text extraction found a math-symbol-dense line; no reliable LaTeX/MathML recovery is possible from rendered PDF text alone, so this is NOT promoted to an equation record -- human review or a higher-quality source representation is required before this can be extracted as a structured equation (brief section VII).",UNRESOLVED
REVPDF-cb5043e770abdaf4,,PDF_TEXT_CANDIDATE_NOT_STRUCTURED,SRC-ARXIV-ce178130a868:page 8,/CW /D8/CW/CP/D8 {k}q{k − 1}q . . . {k − j + 1}q = rj ({k}q) /CU/D3/D6 /CP/D0/D0 k /BA /C0/CT/D2,"pypdf text extraction found a math-symbol-dense line; no reliable LaTeX/MathML recovery is possible from rendered PDF text alone, so this is NOT promoted to an equation record -- human review or a higher-quality source representation is required before this can be extracted as a structured equation (brief section VII).",UNRESOLVED
REVPDF-7b516dd0f90179d9,,PDF_TEXT_CANDIDATE_NOT_STRUCTURED,SRC-ARXIV-ce178130a868:page 8,/CT βd(k) =∑,"pypdf text extraction found a math-symbol-dense line; no reliable LaTeX/MathML recovery is possible from rendered PDF text alone, so this is NOT promoted to an equation record -- human review or a higher-quality source representation is required before this can be extracted as a structured equation (brief section VII).",UNRESOLVED
REVPDF-233cbde71a8e5a34,,PDF_TEXT_CANDIDATE_NOT_STRUCTURED,SRC-ARXIV-ce178130a868:page 8,"i−j=d pj,i rj ({k}q) /CX/D7 /CP /D4 /D3/D0/DD/D2/D3/D1/CX/CP/D0 /CX/D2 {k}q","pypdf text extraction found a math-symbol-dense line; no reliable LaTeX/MathML recovery is possible from rendered PDF text alone, so this is NOT promoted to an equation record -- human review or a higher-quality source representation is required before this can be extracted as a structured equation (brief section VII).",UNRESOLVED
REVPDF-d686572a30feff08,,PDF_TEXT_CANDIDATE_NOT_STRUCTURED,SRC-ARXIV-ce178130a868:page 8,"/D8/CW/CT/D2 βd(k) = p0,d","pypdf text extraction found a math-symbol-dense line; no reliable LaTeX/MathML recovery is possible from rendered PDF text alone, so this is NOT promoted to an equation record -- human review or a higher-quality source representation is required before this can be extracted as a structured equation (brief section VII).",UNRESOLVED
REVPDF-58c847ce8b7af3e4,,PDF_TEXT_CANDIDATE_NOT_STRUCTURED,SRC-ARXIV-ce178130a868:page 8,/CX/D7/CT/D0/DD j /B8 βd(k) /CX/D7 /CP /D2/D3/D2/B9,"pypdf text extraction found a math-symbol-dense line; no reliable LaTeX/MathML recovery is possible from rendered PDF text alone, so this is NOT promoted to an equation record -- human review or a higher-quality source representation is required before this can be extracted as a structured equation (brief section VII).",UNRESOLVED
REVPDF-6fd697efe6f67b58,,PDF_TEXT_CANDIDATE_NOT_STRUCTURED,SRC-ARXIV-ce178130a868:page 8,/CP/D6/CT /CP/D0/D0 /CS/CX/AR/CT/D6/CT/D2 /D8/B8 βd(k),"pypdf text extraction found a math-symbol-dense line; no reliable LaTeX/MathML recovery is possible from rendered PDF text alone, so this is NOT promoted to an equation record -- human review or a higher-quality source representation is required before this can be extracted as a structured equation (brief section VII).",UNRESOLVED
REVPDF-97fa2348636efec9,,PDF_TEXT_CANDIDATE_NOT_STRUCTURED,SRC-ARXIV-ce178130a868:page 8,/C4/CT/D1/D1/CP /BF/BA/BD/BA /CB/D9/D4/D4 /D3/D7/CT P ⁄= 0 /BA /CC/CW/CT/D2 /D8/CW/CT /CU/D3/D0 /D0/D3/DB/CX/D2/CV /CP/D6 /CT /CT /D5/D9/CX/DA/CP/D0/CT/D2/D8 /CU/D3/D6 d ∈ Z/BM,"pypdf text extraction found a math-symbol-dense line; no reliable LaTeX/MathML recovery is possible from rendered PDF text alone, so this is NOT promoted to an equation record -- human review or a higher-quality source representation is required before this can be extracted as a structured equation (brief section VII).",UNRESOLVED
REVPDF-e2e305188919ad75,,PDF_TEXT_CANDIDATE_NOT_STRUCTURED,SRC-ARXIV-ce178130a868:page 8,/B4/BF/B5 βd,"pypdf text extraction found a math-symbol-dense line; no reliable LaTeX/MathML recovery is possible from rendered PDF text alone, so this is NOT promoted to an equation record -- human review or a higher-quality source representation is required before this can be extracted as a structured equation (brief section VII).",UNRESOLVED
REVPDF-0fef5ad0694f6bab,,PDF_TEXT_CANDIDATE_NOT_STRUCTURED,SRC-ARXIV-ce178130a868:page 8,/B4/BD/B5 βd,"pypdf text extraction found a math-symbol-dense line; no reliable LaTeX/MathML recovery is possible from rendered PDF text alone, so this is NOT promoted to an equation record -- human review or a higher-quality source representation is required before this can be extracted as a structured equation (brief section VII).",UNRESOLVED
REVPDF-6b2b94980f795501,,PDF_TEXT_CANDIDATE_NOT_STRUCTURED,SRC-ARXIV-ce178130a868:page 8,/CP/D7/CT/B8 βd,"pypdf text extraction found a math-symbol-dense line; no reliable LaTeX/MathML recovery is possible from rendered PDF text alone, so this is NOT promoted to an equation record -- human review or a higher-quality source representation is required before this can be extracted as a structured equation (brief section VII).",UNRESOLVED
REVPDF-c4830a52863a8c5b,,PDF_TEXT_CANDIDATE_NOT_STRUCTURED,SRC-ARXIV-ce178130a868:page 8,/CX/D2 P∑,"pypdf text extraction found a math-symbol-dense line; no reliable LaTeX/MathML recovery is possible from rendered PDF text alone, so this is NOT promoted to an equation record -- human review or a higher-quality source representation is required before this can be extracted as a structured equation (brief section VII).",UNRESOLVED
REVPDF-70c4c31216b6a683,,PDF_TEXT_CANDIDATE_NOT_STRUCTURED,SRC-ARXIV-ce178130a868:page 8,n anβj−n(n)/B8 /D7/D3 /D8/CW/CT /D7/CT/D6/CX/CT/D7,"pypdf text extraction found a math-symbol-dense line; no reliable LaTeX/MathML recovery is possible from rendered PDF text alone, so this is NOT promoted to an equation record -- human review or a higher-quality source representation is required before this can be extracted as a structured equation (brief section VII).",UNRESOLVED
REVPDF-cd3da05a93920065,,PDF_TEXT_CANDIDATE_NOT_STRUCTURED,SRC-ARXIV-ce178130a868:page 8,n βj−n(n)an = 0 /CU/D3/D6 /CP/D0/D0 j /BA /CC/CW/CT /D7/D8/D6/D9,"pypdf text extraction found a math-symbol-dense line; no reliable LaTeX/MathML recovery is possible from rendered PDF text alone, so this is NOT promoted to an equation record -- human review or a higher-quality source representation is required before this can be extracted as a structured equation (brief section VII).",UNRESOLVED
REVPDF-b76149a50ea2ee82,,PDF_TEXT_CANDIDATE_NOT_STRUCTURED,SRC-ARXIV-ce178130a868:page 8,"/CX/CU /DB /CT /DB/D6/CX/D8/CT γk,l = βk−l(l) ( k, l ∈ Z)/BN /CX/D8 /D8/CW/CT/D2 /D6/CT/CP/CS/D7 /CP/D7","pypdf text extraction found a math-symbol-dense line; no reliable LaTeX/MathML recovery is possible from rendered PDF text alone, so this is NOT promoted to an equation record -- human review or a higher-quality source representation is required before this can be extracted as a structured equation (brief section VII).",UNRESOLVED
REVPDF-1c0f508b12b9a087,,PDF_TEXT_CANDIDATE_NOT_STRUCTURED,SRC-ARXIV-ce178130a868:page 8,"l γk,l al = 0 /CU/D3/D6 /CP/D0/D0 k ∈ Z/BA","pypdf text extraction found a math-symbol-dense line; no reliable LaTeX/MathML recovery is possible from rendered PDF text alone, so this is NOT promoted to an equation record -- human review or a higher-quality source representation is required before this can be extracted as a structured equation (brief section VII).",UNRESOLVED
REVPDF-457ae461ceab66d5,,PDF_TEXT_CANDIDATE_NOT_STRUCTURED,SRC-ARXIV-ce178130a868:page 8,"/C4/CT/D8 Γ /CQ /CT /D8/CW/CT /D1/CP/D8/D6/CX/DC (γk,l )/B8 /DB/CW/CT/D6/CT /DB /CT /D8/CW/CX/D2/CZ /D3/CU Γ /CP/D7 /CQ /CT/CX/D2/CV /D6/CT/CP/D0/CX/DE/CT/CS /D3/D2 Z2","pypdf text extraction found a math-symbol-dense line; no reliable LaTeX/MathML recovery is possible from rendered PDF text alone, so this is NOT promoted to an equation record -- human review or a higher-quality source representation is required before this can be extracted as a structured equation (brief section VII).",UNRESOLVED
REVPDF-cf521a573bceb483,,PDF_TEXT_CANDIDATE_NOT_STRUCTURED,SRC-ARXIV-ce178130a868:page 8,"/CT/D2 /D8/D6/DD γk,l","pypdf text extraction found a math-symbol-dense line; no reliable LaTeX/MathML recovery is possible from rendered PDF text alone, so this is NOT promoted to an equation record -- human review or a higher-quality source representation is required before this can be extracted as a structured equation (brief section VII).",UNRESOLVED
REVPDF-903609a53a90b013,,PDF_TEXT_CANDIDATE_NOT_STRUCTURED,SRC-ARXIV-ce178130a868:page 9,"l γk,l al = 0 /D8/CW/CT/D2","pypdf text extraction found a math-symbol-dense line; no reliable LaTeX/MathML recovery is possible from rendered PDF text alone, so this is NOT promoted to an equation record -- human review or a higher-quality source representation is required before this can be extracted as a structured equation (brief section VII).",UNRESOLVED
REVPDF-29d6ca2efc8325ab,,PDF_TEXT_CANDIDATE_NOT_STRUCTURED,SRC-ARXIV-ce178130a868:page 9,/D3/D6/D6/CT/D7/D4 /D3/D2/CS/D7 /D8/D3 /D8/CW/CT /D6/D3 /DB/D7 /CX/D2 Γ /CP/D8 /CW/D3/D6/CX/DE/D3/D2 /D8/CP/D0 /D0/CT/DA /CT/D0,"pypdf text extraction found a math-symbol-dense line; no reliable LaTeX/MathML recovery is possible from rendered PDF text alone, so this is NOT promoted to an equation record -- human review or a higher-quality source representation is required before this can be extracted as a structured equation (brief section VII).",UNRESOLVED
REVPDF-8b5431f8aea11d4b,,PDF_TEXT_CANDIDATE_NOT_STRUCTURED,SRC-ARXIV-ce178130a868:page 9,/D0/D3 /D3/CZ /CP/D8 /D8/CW/CT /D1/CP/D8/D6/CX/DC Γ /CP/D0/D3/D2/CV /CP /CS/CX/CP/CV/D3/D2/CP/D0 k = l + d /DB/CX/D8/CW d /AS/DC/CT/CS/BA /BY /D3/D6 /D7/D9,"pypdf text extraction found a math-symbol-dense line; no reliable LaTeX/MathML recovery is possible from rendered PDF text alone, so this is NOT promoted to an equation record -- human review or a higher-quality source representation is required before this can be extracted as a structured equation (brief section VII).",UNRESOLVED
REVPDF-df3a114d4edbe27c,,PDF_TEXT_CANDIDATE_NOT_STRUCTURED,SRC-ARXIV-ce178130a868:page 9,"/D3/D2/CT /CW/CP/D7 γk,l = βd(l)/BA /CB/CX/D2","pypdf text extraction found a math-symbol-dense line; no reliable LaTeX/MathML recovery is possible from rendered PDF text alone, so this is NOT promoted to an equation record -- human review or a higher-quality source representation is required before this can be extracted as a structured equation (brief section VII).",UNRESOLVED
REVPDF-279ab39f3388758d,,PDF_TEXT_CANDIDATE_NOT_STRUCTURED,SRC-ARXIV-ce178130a868:page 9,/D9/D6 /CX/D2 P /B8 Γ /CX/D7 /CP /CQ/CP/D2/CS /D1/CP/D8/D6/CX/DC,"pypdf text extraction found a math-symbol-dense line; no reliable LaTeX/MathML recovery is possible from rendered PDF text alone, so this is NOT promoted to an equation record -- human review or a higher-quality source representation is required before this can be extracted as a structured equation (brief section VII).",UNRESOLVED
REVPDF-42a978e531ddf37d,,PDF_TEXT_CANDIDATE_NOT_STRUCTURED,SRC-ARXIV-ce178130a868:page 9,/CB/D9/D4/D4 /D3/D7/CT P ⁄= 0 /CP/D2/CS /CS/CT/AS/D2/CT dmax = max{d : βd ⁄= 0} /CP/D2/CS dmin = min{d : βd ⁄= 0} /BN,"pypdf text extraction found a math-symbol-dense line; no reliable LaTeX/MathML recovery is possible from rendered PDF text alone, so this is NOT promoted to an equation record -- human review or a higher-quality source representation is required before this can be extracted as a structured equation (brief section VII).",UNRESOLVED
REVPDF-f340e9a029488edd,,PDF_TEXT_CANDIDATE_NOT_STRUCTURED,SRC-ARXIV-ce178130a868:page 9,/CX/D2 Γ /B8 /D6/CT/D7/D4 /CT,"pypdf text extraction found a math-symbol-dense line; no reliable LaTeX/MathML recovery is possible from rendered PDF text alone, so this is NOT promoted to an equation record -- human review or a higher-quality source representation is required before this can be extracted as a structured equation (brief section VII).",UNRESOLVED
REVPDF-561d34fd50cee598,,PDF_TEXT_CANDIDATE_NOT_STRUCTURED,SRC-ARXIV-ce178130a868:page 9,/D8/CX/DA /CT/D0/DD /BA /C1/CU dmax = dmin,"pypdf text extraction found a math-symbol-dense line; no reliable LaTeX/MathML recovery is possible from rendered PDF text alone, so this is NOT promoted to an equation record -- human review or a higher-quality source representation is required before this can be extracted as a structured equation (brief section VII).",UNRESOLVED
REVPDF-32b199f1cc4f2b95,,PDF_TEXT_CANDIDATE_NOT_STRUCTURED,SRC-ARXIV-ce178130a868:page 9,/D8/CW/CT/D2 dim kerP = # {k : βd(k) = 0 } ≤ m /BA /C1/CU dmax > d min,"pypdf text extraction found a math-symbol-dense line; no reliable LaTeX/MathML recovery is possible from rendered PDF text alone, so this is NOT promoted to an equation record -- human review or a higher-quality source representation is required before this can be extracted as a structured equation (brief section VII).",UNRESOLVED
REVPDF-95f8937002b42d1a,,PDF_TEXT_CANDIDATE_NOT_STRUCTURED,SRC-ARXIV-ce178130a868:page 9,~Γ /CP/D7 /CX/D2/CS/CX,"pypdf text extraction found a math-symbol-dense line; no reliable LaTeX/MathML recovery is possible from rendered PDF text alone, so this is NOT promoted to an equation record -- human review or a higher-quality source representation is required before this can be extracted as a structured equation (brief section VII).",UNRESOLVED
REVPDF-b8044faf2039d47b,,PDF_TEXT_CANDIDATE_NOT_STRUCTURED,SRC-ARXIV-ce178130a868:page 9,~Γ k = l + dmin,"pypdf text extraction found a math-symbol-dense line; no reliable LaTeX/MathML recovery is possible from rendered PDF text alone, so this is NOT promoted to an equation record -- human review or a higher-quality source representation is required before this can be extracted as a structured equation (brief section VII).",UNRESOLVED
REVPDF-bc1dd58734ee0f9c,,PDF_TEXT_CANDIDATE_NOT_STRUCTURED,SRC-ARXIV-ce178130a868:page 9,k = l + dmax,"pypdf text extraction found a math-symbol-dense line; no reliable LaTeX/MathML recovery is possible from rendered PDF text alone, so this is NOT promoted to an equation record -- human review or a higher-quality source representation is required before this can be extracted as a structured equation (brief section VII).",UNRESOLVED
REVPDF-58b862d46148537a,,PDF_TEXT_CANDIDATE_NOT_STRUCTURED,SRC-ARXIV-ce178130a868:page 9,~Γ /CP/D6/CT /CX/D7/D3/D1/D3/D6/D4/CW/CX,"pypdf text extraction found a math-symbol-dense line; no reliable LaTeX/MathML recovery is possible from rendered PDF text alone, so this is NOT promoted to an equation record -- human review or a higher-quality source representation is required before this can be extracted as a structured equation (brief section VII).",UNRESOLVED
REVPDF-26803e596eddf950,,PDF_TEXT_CANDIDATE_NOT_STRUCTURED,SRC-ARXIV-ce178130a868:page 9,~Γ /CU/D6/D3/D1 /D8/CW/CT /CX/D2/AS/D2/CX/D8/CT /DA /CT,"pypdf text extraction found a math-symbol-dense line; no reliable LaTeX/MathML recovery is possible from rendered PDF text alone, so this is NOT promoted to an equation record -- human review or a higher-quality source representation is required before this can be extracted as a structured equation (brief section VII).",UNRESOLVED
REVPDF-3f6398a00bc96109,,PDF_TEXT_CANDIDATE_NOT_STRUCTURED,SRC-ARXIV-ce178130a868:page 9,~Γ /BA /CC/CW/CT /CX/D2/CY/CT,"pypdf text extraction found a math-symbol-dense line; no reliable LaTeX/MathML recovery is possible from rendered PDF text alone, so this is NOT promoted to an equation record -- human review or a higher-quality source representation is required before this can be extracted as a structured equation (brief section VII).",UNRESOLVED
REVPDF-6bf40c53dc1107a8,,PDF_TEXT_CANDIDATE_NOT_STRUCTURED,SRC-ARXIV-ce178130a868:page 9,~Γ /D8/D3 /CP/D2,"pypdf text extraction found a math-symbol-dense line; no reliable LaTeX/MathML recovery is possible from rendered PDF text alone, so this is NOT promoted to an equation record -- human review or a higher-quality source representation is required before this can be extracted as a structured equation (brief section VII).",UNRESOLVED
REVPDF-cc1021208b6e6cd2,,PDF_TEXT_CANDIDATE_NOT_STRUCTURED,SRC-ARXIV-ce178130a868:page 9,/D8/D3/D6 /CX/D2 /D8/CW/CT /CZ /CT/D6/D2/CT/D0 /D3/CU Γ /B8 /CP/D2/CS /D3/D2 /D8/CW/CT /D9/D4/D4 /CT/D6 /CS/CX/CP/CV/D3/D2/CP/D0 /D8/CW/CT/DD /CT/D2/CP/CQ/D0/CT,"pypdf text extraction found a math-symbol-dense line; no reliable LaTeX/MathML recovery is possible from rendered PDF text alone, so this is NOT promoted to an equation record -- human review or a higher-quality source representation is required before this can be extracted as a structured equation (brief section VII).",UNRESOLVED
REVPDF-7a12282dc02f9130,,PDF_TEXT_CANDIDATE_NOT_STRUCTURED,SRC-ARXIV-ce178130a868:page 10,/CP/D7/CT dmax = dmin,"pypdf text extraction found a math-symbol-dense line; no reliable LaTeX/MathML recovery is possible from rendered PDF text alone, so this is NOT promoted to an equation record -- human review or a higher-quality source representation is required before this can be extracted as a structured equation (brief section VII).",UNRESOLVED
REVPDF-7aa09bd81ce2ec0e,,PDF_TEXT_CANDIDATE_NOT_STRUCTURED,SRC-ARXIV-ce178130a868:page 10,/CC/CW/CT/D3/D6/CT/D1 /BF/BA/BE/BA /C1/CU P ∈ HK(q)/B8 /D8/CW/CT/D2 dim ker(P ) = ∞ /CX/CU /CP/D2/CS /D3/D2/D0/DD /CX/CU P = 0 /BA,"pypdf text extraction found a math-symbol-dense line; no reliable LaTeX/MathML recovery is possible from rendered PDF text alone, so this is NOT promoted to an equation record -- human review or a higher-quality source representation is required before this can be extracted as a structured equation (brief section VII).",UNRESOLVED
REVPDF-87c260de07c935c7,,PDF_TEXT_CANDIDATE_NOT_STRUCTURED,SRC-ARXIV-ce178130a868:page 10,/CX/D7/CT/BA /C4/CT/D8 Nmax =,"pypdf text extraction found a math-symbol-dense line; no reliable LaTeX/MathML recovery is possible from rendered PDF text alone, so this is NOT promoted to an equation record -- human review or a higher-quality source representation is required before this can be extracted as a structured equation (brief section VII).",UNRESOLVED
REVPDF-6725922b51f21252,,PDF_TEXT_CANDIDATE_NOT_STRUCTURED,SRC-ARXIV-ce178130a868:page 10,"#{l : βmax(l) = 0 } /B8 Nmin = # {l : βmin(l) = 0 } /BA /BU/DD /C4/CT/D1/D1/CP /BF/BA/BD /B8 Nmax, N min ≤ m /BA","pypdf text extraction found a math-symbol-dense line; no reliable LaTeX/MathML recovery is possible from rendered PDF text alone, so this is NOT promoted to an equation record -- human review or a higher-quality source representation is required before this can be extracted as a structured equation (brief section VII).",UNRESOLVED
REVPDF-4cecd3568c44bd72,,PDF_TEXT_CANDIDATE_NOT_STRUCTURED,SRC-ARXIV-ce178130a868:page 10,~Γ /B8 /CP/D2/CS /D7/CX/D2,"pypdf text extraction found a math-symbol-dense line; no reliable LaTeX/MathML recovery is possible from rendered PDF text alone, so this is NOT promoted to an equation record -- human review or a higher-quality source representation is required before this can be extracted as a structured equation (brief section VII).",UNRESOLVED
REVPDF-0f94dfe018dda4dc,,PDF_TEXT_CANDIDATE_NOT_STRUCTURED,SRC-ARXIV-ce178130a868:page 10,~Γ /CV/CX/DA /CT/D7 /CP /D0/D3 /DB /CT/D6 /CQ /D3/D9/D2/CS /CU/D3/D6 /D8/CW/CT /D6/CP/D2/CZ /D3/CU,"pypdf text extraction found a math-symbol-dense line; no reliable LaTeX/MathML recovery is possible from rendered PDF text alone, so this is NOT promoted to an equation record -- human review or a higher-quality source representation is required before this can be extracted as a structured equation (brief section VII).",UNRESOLVED
REVPDF-ab1caea8a1a7139d,,PDF_TEXT_CANDIDATE_NOT_STRUCTURED,SRC-ARXIV-ce178130a868:page 10,~Γ /B8 /D3/D2/CT /CT/CP/D7/CX/D0/DD /CS/CT/D6/CX/DA /CT/D7,"pypdf text extraction found a math-symbol-dense line; no reliable LaTeX/MathML recovery is possible from rendered PDF text alone, so this is NOT promoted to an equation record -- human review or a higher-quality source representation is required before this can be extracted as a structured equation (brief section VII).",UNRESOLVED
REVPDF-90aa515b0ecc618e,,PDF_TEXT_CANDIDATE_NOT_STRUCTURED,SRC-ARXIV-ce178130a868:page 10,"dim ker P ≤ dmax − dmin + min(Nmax, N min).","pypdf text extraction found a math-symbol-dense line; no reliable LaTeX/MathML recovery is possible from rendered PDF text alone, so this is NOT promoted to an equation record -- human review or a higher-quality source representation is required before this can be extracted as a structured equation (brief section VII).",UNRESOLVED
REVPDF-1a0156752c70c24b,,PDF_TEXT_CANDIDATE_NOT_STRUCTURED,SRC-ARXIV-ce178130a868:page 10,/C6/D3/D8/CT /D8/CW/CP/D8 /D8/CW/CX/D7 /CX/D7 /CP/D0/D7/D3 /D8/D6/D9/CT /CX/CU dmax = dmin,"pypdf text extraction found a math-symbol-dense line; no reliable LaTeX/MathML recovery is possible from rendered PDF text alone, so this is NOT promoted to an equation record -- human review or a higher-quality source representation is required before this can be extracted as a structured equation (brief section VII).",UNRESOLVED
REVPDF-3b969531924df300,,PDF_TEXT_CANDIDATE_NOT_STRUCTURED,SRC-ARXIV-ce178130a868:page 10,/D8/D3 /D7/CT/CT /D8/CW/CP/D8 dmax − dmin ≤ dim ker P /B8 /CP/D2/CS /DB /CT /D8/CW /D9/D7 /D3/CQ/D8/CP/CX/D2 /D8/CW/CT /CU/D3/D0/D0/D3 /DB/CX/D2/CV /D6/CT/D7/D9/D0/D8 /D9/D2/CS/CT/D6,"pypdf text extraction found a math-symbol-dense line; no reliable LaTeX/MathML recovery is possible from rendered PDF text alone, so this is NOT promoted to an equation record -- human review or a higher-quality source representation is required before this can be extracted as a structured equation (brief section VII).",UNRESOLVED
REVPDF-aaa0808afe9cb799,,PDF_TEXT_CANDIDATE_NOT_STRUCTURED,SRC-ARXIV-ce178130a868:page 10,/C8/D6/D3/D4 /D3/D7/CX/D8/CX/D3/D2 /BF/BA/BF/BA /C1/CU 0 ⁄= P ∈ HK(q)/B8 /D8/CW/CT/D2,"pypdf text extraction found a math-symbol-dense line; no reliable LaTeX/MathML recovery is possible from rendered PDF text alone, so this is NOT promoted to an equation record -- human review or a higher-quality source representation is required before this can be extracted as a structured equation (brief section VII).",UNRESOLVED
REVPDF-d68da1b5ea97785e,,PDF_TEXT_CANDIDATE_NOT_STRUCTURED,SRC-ARXIV-ce178130a868:page 10,"dmax − dmin ≤ dim ker P ≤ dmax − dmin + min(Nmax, N min) ≤ dmax − dmin + m.","pypdf text extraction found a math-symbol-dense line; no reliable LaTeX/MathML recovery is possible from rendered PDF text alone, so this is NOT promoted to an equation record -- human review or a higher-quality source representation is required before this can be extracted as a structured equation (brief section VII).",UNRESOLVED
REVPDF-175c5edf2e33f6f3,,PDF_TEXT_CANDIDATE_NOT_STRUCTURED,SRC-ARXIV-ce178130a868:page 10,/CU/D3/D6 dim ker(P − λ)/BA /CB/CX/D2,"pypdf text extraction found a math-symbol-dense line; no reliable LaTeX/MathML recovery is possible from rendered PDF text alone, so this is NOT promoted to an equation record -- human review or a higher-quality source representation is required before this can be extracted as a structured equation (brief section VII).",UNRESOLVED
REVPDF-282a479389fc2532,,PDF_TEXT_CANDIDATE_NOT_STRUCTURED,SRC-ARXIV-ce178130a868:page 10,/D3/D6/D6/CT/D7/D4 /D3/D2/CS/D7 /D8/D3 /CP/CS/CS/CX/D2/CV −λ /D8/D3 /D8/CW/CT /CS/CX/CP/CV/D3/D2/CP/D0 /D3/CU Γ /B8 /D8/CW/CT,"pypdf text extraction found a math-symbol-dense line; no reliable LaTeX/MathML recovery is possible from rendered PDF text alone, so this is NOT promoted to an equation record -- human review or a higher-quality source representation is required before this can be extracted as a structured equation (brief section VII).",UNRESOLVED
REVPDF-7143f2cf404415e7,,PDF_TEXT_CANDIDATE_NOT_STRUCTURED,SRC-ARXIV-ce178130a868:page 10,/D6/CT/D0/CT/DA /CP/D2 /D8 /D2 /D9/D1 /CQ /CT/D6/D7 dmax(λ) /CP/D2/CS dmin(λ),"pypdf text extraction found a math-symbol-dense line; no reliable LaTeX/MathML recovery is possible from rendered PDF text alone, so this is NOT promoted to an equation record -- human review or a higher-quality source representation is required before this can be extracted as a structured equation (brief section VII).",UNRESOLVED
REVPDF-4500227b878c0a08,,PDF_TEXT_CANDIDATE_NOT_STRUCTURED,SRC-ARXIV-ce178130a868:page 10,/CW /CS/CT/D4 /CT/D2/CS/D7 /D3/D2 /D8/CW/CT /D4 /D3/D7/CX/D8/CX/D3/D2 /D3/CU /D8/CW/CT /CQ /D3/D9/D2/CS/CP/D6/DD /CS/CX/CP/CV/D3/D2/CP/D0/D7 /CX/D2 Γ /CP/D2/CS/B8 /CP/D0/D7/D3/B8,"pypdf text extraction found a math-symbol-dense line; no reliable LaTeX/MathML recovery is possible from rendered PDF text alone, so this is NOT promoted to an equation record -- human review or a higher-quality source representation is required before this can be extracted as a structured equation (brief section VII).",UNRESOLVED
REVPDF-2b82e0051b543c7e,,PDF_TEXT_CANDIDATE_NOT_STRUCTURED,SRC-ARXIV-ce178130a868:page 10,/CX/CU /D8/CW/CT /D1/CP/CX/D2 /CS/CX/CP/CV/D3/D2/CP/D0 k = l /CX/D7 /D3/D2/CT /D3/CU /D8/CW/CT /CQ /D3/D9/D2/CS/CP/D6/DD /CS/CX/CP/CV/D3/D2/CP/D0/D7 /D3/CU /D8/CW/CT /CQ/CP/D2/CS /CX/D2 Γ /B8 /D3/D2 Γ,"pypdf text extraction found a math-symbol-dense line; no reliable LaTeX/MathML recovery is possible from rendered PDF text alone, so this is NOT promoted to an equation record -- human review or a higher-quality source representation is required before this can be extracted as a structured equation (brief section VII).",UNRESOLVED
REVPDF-4501f761379a965c,,PDF_TEXT_CANDIDATE_NOT_STRUCTURED,SRC-ARXIV-ce178130a868:page 10,/D3/D2/CT /D3/CQ/D8/CP/CX/D2/D7 /D8/CW/CP/D8/B8 /CU/D3/D6 P ∈ HK(q) /D2/D3/D8,"pypdf text extraction found a math-symbol-dense line; no reliable LaTeX/MathML recovery is possible from rendered PDF text alone, so this is NOT promoted to an equation record -- human review or a higher-quality source representation is required before this can be extracted as a structured equation (brief section VII).",UNRESOLVED
REVPDF-cfde90e680e9b0b7,,PDF_TEXT_CANDIDATE_NOT_STRUCTURED,SRC-ARXIV-ce178130a868:page 10,/B4/BI/B5 dim ker(P − λ) ≤ |dmax| + |dmin| + m,"pypdf text extraction found a math-symbol-dense line; no reliable LaTeX/MathML recovery is possible from rendered PDF text alone, so this is NOT promoted to an equation record -- human review or a higher-quality source representation is required before this can be extracted as a structured equation (brief section VII).",UNRESOLVED
REVPDF-7eeab10e72e3c06b,,PDF_TEXT_CANDIDATE_NOT_STRUCTURED,SRC-ARXIV-ce178130a868:page 10,/CU/D3/D6 /CP/D0/D0 λ ∈ K /BA,"pypdf text extraction found a math-symbol-dense line; no reliable LaTeX/MathML recovery is possible from rendered PDF text alone, so this is NOT promoted to an equation record -- human review or a higher-quality source representation is required before this can be extracted as a structured equation (brief section VII).",UNRESOLVED
REVPDF-82f84dce9cacc42e,,PDF_TEXT_CANDIDATE_NOT_STRUCTURED,SRC-ARXIV-ce178130a868:page 10,/CC/CW/CT/D3/D6/CT/D1 /BF/BA/BG/BA /C1/CU P ∈ HK(q) /CX/D7 /D2/D3/D8,"pypdf text extraction found a math-symbol-dense line; no reliable LaTeX/MathML recovery is possible from rendered PDF text alone, so this is NOT promoted to an equation record -- human review or a higher-quality source representation is required before this can be extracted as a structured equation (brief section VII).",UNRESOLVED
REVPDF-56758590d5c8753f,,PDF_TEXT_CANDIDATE_NOT_STRUCTURED,SRC-ARXIV-ce178130a868:page 10,/D3/D2/D7/D8/CP/D2/D8/B8 /D8/CW/CT/D2 σ (P ) /CX/D7 /CX/D2/AS/D2/CX/D8/CT/BA,"pypdf text extraction found a math-symbol-dense line; no reliable LaTeX/MathML recovery is possible from rendered PDF text alone, so this is NOT promoted to an equation record -- human review or a higher-quality source representation is required before this can be extracted as a structured equation (brief section VII).",UNRESOLVED
REVPDF-45ecb6b14e3b0b9c,,PDF_TEXT_CANDIDATE_NOT_STRUCTURED,SRC-ARXIV-ce178130a868:page 10,/C8/D6 /D3 /D3/CU/BA /C1/CU /CP /CW/D3/D1/D3/CV/CT/D2/CT/D3/D9/D7 /CS/CT/CV/D6/CT/CT d ⁄= 0 /D3,"pypdf text extraction found a math-symbol-dense line; no reliable LaTeX/MathML recovery is possible from rendered PDF text alone, so this is NOT promoted to an equation record -- human review or a higher-quality source representation is required before this can be extracted as a structured equation (brief section VII).",UNRESOLVED
REVPDF-57fc2117d2334001,,PDF_TEXT_CANDIDATE_NOT_STRUCTURED,SRC-ARXIV-ce178130a868:page 10,/D9/D6/D7 /CX/D2 P /B8 /D8/CW/CT/D2 /D8/CW/CT /D1/CP/D8/D6/CX/DC Γ /CW/CP/D7 /CP /D2/D3/D2/B9,"pypdf text extraction found a math-symbol-dense line; no reliable LaTeX/MathML recovery is possible from rendered PDF text alone, so this is NOT promoted to an equation record -- human review or a higher-quality source representation is required before this can be extracted as a structured equation (brief section VII).",UNRESOLVED
REVPDF-6b2e96fee86328fc,,PDF_TEXT_CANDIDATE_NOT_STRUCTURED,SRC-ARXIV-ce178130a868:page 10,/CW /CX/D7 /D2/D3/D8 /D8/CW/CT /D1/CP/CX/D2 /CS/CX/CP/CV/D3/D2/CP/D0/BA /CC/CW/CT/D6/CT/CU/D3/D6/CT/B8 /D8/CW/CT /D1/CP/D8/D6/CX/DC /CU/D3/D6 P − λ,"pypdf text extraction found a math-symbol-dense line; no reliable LaTeX/MathML recovery is possible from rendered PDF text alone, so this is NOT promoted to an equation record -- human review or a higher-quality source representation is required before this can be extracted as a structured equation (brief section VII).",UNRESOLVED
REVPDF-f4c685c8bd9a824f,,PDF_TEXT_CANDIDATE_NOT_STRUCTURED,SRC-ARXIV-ce178130a868:page 10,/CW/CP/D7 /D8 /DB /D3 /D2/D3/D2/B9/DA /CP/D2/CX/D7/CW/CX/D2/CV /CS/CX/CP/CV/D3/D2/CP/D0/D7 /CU/D3/D6 /CP/D0/D0 λ ∈ K /CT/DC,"pypdf text extraction found a math-symbol-dense line; no reliable LaTeX/MathML recovery is possible from rendered PDF text alone, so this is NOT promoted to an equation record -- human review or a higher-quality source representation is required before this can be extracted as a structured equation (brief section VII).",UNRESOLVED
REVPDF-8e0060b0569e31b6,,PDF_TEXT_CANDIDATE_NOT_STRUCTURED,SRC-ARXIV-ce178130a868:page 10,/CT/D4/D8/CX/D3/D2/CP/D0 λ /B8 /CP/D2/CS /DB /CT /CW/CP/CS,"pypdf text extraction found a math-symbol-dense line; no reliable LaTeX/MathML recovery is possible from rendered PDF text alone, so this is NOT promoted to an equation record -- human review or a higher-quality source representation is required before this can be extracted as a structured equation (brief section VII).",UNRESOLVED
REVPDF-65e7d33dc0be6a99,,PDF_TEXT_CANDIDATE_NOT_STRUCTURED,SRC-ARXIV-ce178130a868:page 10,/CP/D7/CT/BA /C1/CU P /CX/D7 /CW/D3/D1/D3/CV/CT/D2/CT/D3/D9/D7 /D3/CU /CS/CT/CV/D6/CT/CT /DE/CT/D6/D3 /D8/CW/CT/D2 σ (P ) = {β0(k) : k ∈ Z} /DB/CW/CX,"pypdf text extraction found a math-symbol-dense line; no reliable LaTeX/MathML recovery is possible from rendered PDF text alone, so this is NOT promoted to an equation record -- human review or a higher-quality source representation is required before this can be extracted as a structured equation (brief section VII).",UNRESOLVED
REVPDF-6cf05091a7890eb3,,PDF_TEXT_CANDIDATE_NOT_STRUCTURED,SRC-ARXIV-ce178130a868:page 10,/D8/D3 /D3/D9/D6 /D7/D8/CP/D2/CS/CP/D6/CS /CP/D7/D7/D9/D1/D4/D8/CX/D3/D2 /D8/CW/CP/D8 q ⁄= 0 /CP/D2/CS {n}q ⁄= 0 /CX/CU n ⁄= 0 /BA /BY /D3/D6 /CP/D6/CQ/CX/D8/D6/CP/D6/DD,"pypdf text extraction found a math-symbol-dense line; no reliable LaTeX/MathML recovery is possible from rendered PDF text alone, so this is NOT promoted to an equation record -- human review or a higher-quality source representation is required before this can be extracted as a structured equation (brief section VII).",UNRESOLVED
REVPDF-eefbc89de8a2d531,,PDF_TEXT_CANDIDATE_NOT_STRUCTURED,SRC-ARXIV-ce178130a868:page 10,/D2/D3/D2/B9/DE/CT/D6/D3 p ∈ K[X]/B8 /DB /CT /DB/CX/D0/D0 /CS/CT/D7,"pypdf text extraction found a math-symbol-dense line; no reliable LaTeX/MathML recovery is possible from rendered PDF text alone, so this is NOT promoted to an equation record -- human review or a higher-quality source representation is required before this can be extracted as a structured equation (brief section VII).",UNRESOLVED
REVPDF-2d3c3f300d308120,,PDF_TEXT_CANDIDATE_NOT_STRUCTURED,SRC-ARXIV-ce178130a868:page 10,/C1/CU p(M ) = cM i,"pypdf text extraction found a math-symbol-dense line; no reliable LaTeX/MathML recovery is possible from rendered PDF text alone, so this is NOT promoted to an equation record -- human review or a higher-quality source representation is required before this can be extracted as a structured equation (brief section VII).",UNRESOLVED
REVPDF-96dec36f55c78529,,PDF_TEXT_CANDIDATE_NOT_STRUCTURED,SRC-ARXIV-ce178130a868:page 10,/CU/D3/D6 /D7/D3/D1/CT i ≥ 0 /CP/D2/CS c ⁄= 0 /B8 /D8/CW/CT/D2 p(M ) /CX/D7 /CP/D2 /CP/D9/D8/D3/D1/D3/D6/D4/CW/CX/D7/D1 /D3/CU L/BA,"pypdf text extraction found a math-symbol-dense line; no reliable LaTeX/MathML recovery is possible from rendered PDF text alone, so this is NOT promoted to an equation record -- human review or a higher-quality source representation is required before this can be extracted as a structured equation (brief section VII).",UNRESOLVED
REVPDF-f95bd37bc9d0c7b2,,PDF_TEXT_CANDIDATE_NOT_STRUCTURED,SRC-ARXIV-ce178130a868:page 10,/CC/CW /D9/D7/B8 /CX/CU p(X) = cX e0,"pypdf text extraction found a math-symbol-dense line; no reliable LaTeX/MathML recovery is possible from rendered PDF text alone, so this is NOT promoted to an equation record -- human review or a higher-quality source representation is required before this can be extracted as a structured equation (brief section VII).",UNRESOLVED
REVPDF-06f9fa343a5e2451,,PDF_TEXT_CANDIDATE_NOT_STRUCTURED,SRC-ARXIV-ce178130a868:page 10,i⁄=0(X − α i)ei,"pypdf text extraction found a math-symbol-dense line; no reliable LaTeX/MathML recovery is possible from rendered PDF text alone, so this is NOT promoted to an equation record -- human review or a higher-quality source representation is required before this can be extracted as a structured equation (brief section VII).",UNRESOLVED
REVPDF-48c84cadcb69ea7b,,PDF_TEXT_CANDIDATE_NOT_STRUCTURED,SRC-ARXIV-d148d1274ff9:page 2,"coarse grained particle density, ρ(x, t). Deﬁning ϕ ≡ 2ρ − 1, taking into account all anisotropies, and anticipating","pypdf text extraction found a math-symbol-dense line; no reliable LaTeX/MathML recovery is possible from rendered PDF text alone, so this is NOT promoted to an equation record -- human review or a higher-quality source representation is required before this can be extracted as a structured equation (brief section VII).",UNRESOLVED
REVPDF-eacfe603d1c8f7b4,,PDF_TEXT_CANDIDATE_NOT_STRUCTURED,SRC-ARXIV-d148d1274ff9:page 2,"∂tϕ(x, t) = λ{(τ⊥ − ∇2","pypdf text extraction found a math-symbol-dense line; no reliable LaTeX/MathML recovery is possible from rendered PDF text alone, so this is NOT promoted to an equation record -- human review or a higher-quality source representation is required before this can be extracted as a structured equation (brief section VII).",UNRESOLVED
REVPDF-cedc9b87bde5eb66,,PDF_TEXT_CANDIDATE_NOT_STRUCTURED,SRC-ARXIV-d148d1274ff9:page 2,⊥)∇2,"pypdf text extraction found a math-symbol-dense line; no reliable LaTeX/MathML recovery is possible from rendered PDF text alone, so this is NOT promoted to an equation record -- human review or a higher-quality source representation is required before this can be extracted as a structured equation (brief section VII).",UNRESOLVED
REVPDF-0ca5ec38c38ddd3d,,PDF_TEXT_CANDIDATE_NOT_STRUCTURED,SRC-ARXIV-d148d1274ff9:page 2,⊥ϕ + (τ‖ − α‖ ∂2)∂2ϕ − 2α×∂2∇2,"pypdf text extraction found a math-symbol-dense line; no reliable LaTeX/MathML recovery is possible from rendered PDF text alone, so this is NOT promoted to an equation record -- human review or a higher-quality source representation is required before this can be extracted as a structured equation (brief section VII).",UNRESOLVED
REVPDF-360f41801b01cb19,,PDF_TEXT_CANDIDATE_NOT_STRUCTURED,SRC-ARXIV-d148d1274ff9:page 2,⊥ϕ +,"pypdf text extraction found a math-symbol-dense line; no reliable LaTeX/MathML recovery is possible from rendered PDF text alone, so this is NOT promoted to an equation record -- human review or a higher-quality source representation is required before this can be extracted as a structured equation (brief section VII).",UNRESOLVED
REVPDF-90d9b0cc67e1c222,,PDF_TEXT_CANDIDATE_NOT_STRUCTURED,SRC-ARXIV-d148d1274ff9:page 2,+u(∇2,"pypdf text extraction found a math-symbol-dense line; no reliable LaTeX/MathML recovery is possible from rendered PDF text alone, so this is NOT promoted to an equation record -- human review or a higher-quality source representation is required before this can be extracted as a structured equation (brief section VII).",UNRESOLVED
REVPDF-e28c24d3431596bb,,PDF_TEXT_CANDIDATE_NOT_STRUCTURED,SRC-ARXIV-d148d1274ff9:page 2,"⊥ + κ∂2)ϕ3 + E∂ϕ2} − ξ(x, t) , (1)","pypdf text extraction found a math-symbol-dense line; no reliable LaTeX/MathML recovery is possible from rendered PDF text alone, so this is NOT promoted to an equation record -- human review or a higher-quality source representation is required before this can be extracted as a structured equation (brief section VII).",UNRESOLVED
REVPDF-1045520a32db865b,,PDF_TEXT_CANDIDATE_NOT_STRUCTURED,SRC-ARXIV-d148d1274ff9:page 2,"⟨ξ(x, t)ξ(x′, t′)⟩ = −","pypdf text extraction found a math-symbol-dense line; no reliable LaTeX/MathML recovery is possible from rendered PDF text alone, so this is NOT promoted to an equation record -- human review or a higher-quality source representation is required before this can be extracted as a structured equation (brief section VII).",UNRESOLVED
REVPDF-43f61634f7b6fb0b,,PDF_TEXT_CANDIDATE_NOT_STRUCTURED,SRC-ARXIV-d148d1274ff9:page 2,σ⊥∇2,"pypdf text extraction found a math-symbol-dense line; no reliable LaTeX/MathML recovery is possible from rendered PDF text alone, so this is NOT promoted to an equation record -- human review or a higher-quality source representation is required before this can be extracted as a structured equation (brief section VII).",UNRESOLVED
REVPDF-cc9111515e326001,,PDF_TEXT_CANDIDATE_NOT_STRUCTURED,SRC-ARXIV-d148d1274ff9:page 2,⊥ + σ‖ ∂2),"pypdf text extraction found a math-symbol-dense line; no reliable LaTeX/MathML recovery is possible from rendered PDF text alone, so this is NOT promoted to an equation record -- human review or a higher-quality source representation is required before this can be extracted as a structured equation (brief section VII).",UNRESOLVED
REVPDF-1498694b1b82da34,,PDF_TEXT_CANDIDATE_NOT_STRUCTURED,SRC-ARXIV-d148d1274ff9:page 2,δ(x − x′)δ(t − t′) . (2),"pypdf text extraction found a math-symbol-dense line; no reliable LaTeX/MathML recovery is possible from rendered PDF text alone, so this is NOT promoted to an equation record -- human review or a higher-quality source representation is required before this can be extracted as a structured equation (brief section VII).",UNRESOLVED
REVPDF-214346b7e6d57578,,PDF_TEXT_CANDIDATE_NOT_STRUCTURED,SRC-ARXIV-d148d1274ff9:page 6,"B 63 , 517 (1986). For d = 1 cases, see, e.g., D. Dhar, Phase Transitions 9, 51 (1987); L.-H. Gwa and H. Spohn, Phys.","pypdf text extraction found a math-symbol-dense line; no reliable LaTeX/MathML recovery is possible from rendered PDF text alone, so this is NOT promoted to an equation record -- human review or a higher-quality source representation is required before this can be extracted as a structured equation (brief section VII).",UNRESOLVED
REVPDF-cb1c131dde57b5fd,,PDF_TEXT_CANDIDATE_NOT_STRUCTURED,SRC-ARXIV-d4791023cdac:page 1,"EG2), denoted by G1 + G2. Especially, G + · · · + G/bracehtipupleft /bracehtipdownright/bracehtipdownleft /bracehtipupright","pypdf text extraction found a math-symbol-dense line; no reliable LaTeX/MathML recovery is possible from rendered PDF text alone, so this is NOT promoted to an equation record -- human review or a higher-quality source representation is required before this can be extracted as a structured equation (brief section VII).",UNRESOLVED
REVPDF-fed1f8f01fb08a88,,PDF_TEXT_CANDIDATE_NOT_STRUCTURED,SRC-ARXIV-d4791023cdac:page 1,"vertex, then Km = K1 × · · · × K1/bracehtipupleft /bracehtipdownright/bracehtipdownleft /bracehtipupright","pypdf text extraction found a math-symbol-dense line; no reliable LaTeX/MathML recovery is possible from rendered PDF text alone, so this is NOT promoted to an equation record -- human review or a higher-quality source representation is required before this can be extracted as a structured equation (brief section VII).",UNRESOLVED
REVPDF-9752d255e8e48c0a,,PDF_TEXT_CANDIDATE_NOT_STRUCTURED,SRC-ARXIV-d4791023cdac:page 1,". Similarly, mK1 = K1 + · · · + K1/bracehtipupleft /bracehtipdownright/bracehtipdownleft /bracehtipupright","pypdf text extraction found a math-symbol-dense line; no reliable LaTeX/MathML recovery is possible from rendered PDF text alone, so this is NOT promoted to an equation record -- human review or a higher-quality source representation is required before this can be extracted as a structured equation (brief section VII).",UNRESOLVED
REVPDF-bafd146a104d26a7,,PDF_TEXT_CANDIDATE_NOT_STRUCTURED,SRC-ARXIV-d4791023cdac:page 2,C6 × K1,"pypdf text extraction found a math-symbol-dense line; no reliable LaTeX/MathML recovery is possible from rendered PDF text alone, so this is NOT promoted to an equation record -- human review or a higher-quality source representation is required before this can be extracted as a structured equation (brief section VII).",UNRESOLVED
REVPDF-4a1b50247b691bf7,,PDF_TEXT_CANDIDATE_NOT_STRUCTURED,SRC-ARXIV-d4791023cdac:page 2,H1 = 2K1 × (2P2 + K1),"pypdf text extraction found a math-symbol-dense line; no reliable LaTeX/MathML recovery is possible from rendered PDF text alone, so this is NOT promoted to an equation record -- human review or a higher-quality source representation is required before this can be extracted as a structured equation (brief section VII).",UNRESOLVED
REVPDF-76a1aa74d72b1062,,PDF_TEXT_CANDIDATE_NOT_STRUCTURED,SRC-ARXIV-d4791023cdac:page 2,"Θ 3,2,5 × K1","pypdf text extraction found a math-symbol-dense line; no reliable LaTeX/MathML recovery is possible from rendered PDF text alone, so this is NOT promoted to an equation record -- human review or a higher-quality source representation is required before this can be extracted as a structured equation (brief section VII).",UNRESOLVED
REVPDF-1c220bf0c1ade99f,,PDF_TEXT_CANDIDATE_NOT_STRUCTURED,SRC-ARXIV-d4791023cdac:page 2,H2 = 2K1 × (P4 + K1),"pypdf text extraction found a math-symbol-dense line; no reliable LaTeX/MathML recovery is possible from rendered PDF text alone, so this is NOT promoted to an equation record -- human review or a higher-quality source representation is required before this can be extracted as a structured equation (brief section VII).",UNRESOLVED
REVPDF-e9431e70209fdd78,,PDF_TEXT_CANDIDATE_NOT_STRUCTURED,SRC-ARXIV-d4791023cdac:page 2,"graphs G among G such that G × Km are L-DS graphs. Indeed, G consists of all connected trees, connected45","pypdf text extraction found a math-symbol-dense line; no reliable LaTeX/MathML recovery is possible from rendered PDF text alone, so this is NOT promoted to an equation record -- human review or a higher-quality source representation is required before this can be extracted as a structured equation (brief section VII).",UNRESOLVED
REVPDF-7612b92d7a9df74c,,PDF_TEXT_CANDIDATE_NOT_STRUCTURED,SRC-ARXIV-d4791023cdac:page 3,s(G) = λ 1λ 2 · · · λ n−1,"pypdf text extraction found a math-symbol-dense line; no reliable LaTeX/MathML recovery is possible from rendered PDF text alone, so this is NOT promoted to an equation record -- human review or a higher-quality source representation is required before this can be extracted as a structured equation (brief section VII).",UNRESOLVED
REVPDF-e60c63ebfdc9fe77,,PDF_TEXT_CANDIDATE_NOT_STRUCTURED,SRC-ARXIV-d4791023cdac:page 3,"Spec(G × H) = {n + m, m + µ 1, . . . , m + µ n−1, n + ν1, . . . , n + νm−1, 0}.","pypdf text extraction found a math-symbol-dense line; no reliable LaTeX/MathML recovery is possible from rendered PDF text alone, so this is NOT promoted to an equation record -- human review or a higher-quality source representation is required before this can be extracted as a structured equation (brief section VII).",UNRESOLVED
REVPDF-e343661450b8a30b,,PDF_TEXT_CANDIDATE_NOT_STRUCTURED,SRC-ARXIV-d4791023cdac:page 3,"Proof. Since Spec( G × Km) = Spec( H × Km), Lemma 2.3 implies that Spec( G) = Spec( H). Therefore,69","pypdf text extraction found a math-symbol-dense line; no reliable LaTeX/MathML recovery is possible from rendered PDF text alone, so this is NOT promoted to an equation record -- human review or a higher-quality source representation is required before this can be extracted as a structured equation (brief section VII).",UNRESOLVED
REVPDF-58049949c8f582f2,,PDF_TEXT_CANDIDATE_NOT_STRUCTURED,SRC-ARXIV-d4791023cdac:page 3,"λ(G) ≤ max{d(v) + m(v)|v ∈ V G},","pypdf text extraction found a math-symbol-dense line; no reliable LaTeX/MathML recovery is possible from rendered PDF text alone, so this is NOT promoted to an equation record -- human review or a higher-quality source representation is required before this can be extracted as a structured equation (brief section VII).",UNRESOLVED
REVPDF-ba1bad8155d4f174,,PDF_TEXT_CANDIDATE_NOT_STRUCTURED,SRC-ARXIV-d4791023cdac:page 3,where m(v) = 1,"pypdf text extraction found a math-symbol-dense line; no reliable LaTeX/MathML recovery is possible from rendered PDF text alone, so this is NOT promoted to an equation record -- human review or a higher-quality source representation is required before this can be extracted as a structured equation (brief section VII).",UNRESOLVED
REVPDF-bd8023f2f901cfe2,,PDF_TEXT_CANDIDATE_NOT_STRUCTURED,SRC-ARXIV-d4791023cdac:page 3,λ(G) = ∆( G) + 1 ⇐ ⇒∆( G) = n − 1.,"pypdf text extraction found a math-symbol-dense line; no reliable LaTeX/MathML recovery is possible from rendered PDF text alone, so this is NOT promoted to an equation record -- human review or a higher-quality source representation is required before this can be extracted as a structured equation (brief section VII).",UNRESOLVED
REVPDF-b53a48f83b45a38e,,PDF_TEXT_CANDIDATE_NOT_STRUCTURED,SRC-ARXIV-d4791023cdac:page 3,∑ k,"pypdf text extraction found a math-symbol-dense line; no reliable LaTeX/MathML recovery is possible from rendered PDF text alone, so this is NOT promoted to an equation record -- human review or a higher-quality source representation is required before this can be extracted as a structured equation (brief section VII).",UNRESOLVED
REVPDF-e34bba493b399e53,,PDF_TEXT_CANDIDATE_NOT_STRUCTURED,SRC-ARXIV-d4791023cdac:page 3,i=0,"pypdf text extraction found a math-symbol-dense line; no reliable LaTeX/MathML recovery is possible from rendered PDF text alone, so this is NOT promoted to an equation record -- human review or a higher-quality source representation is required before this can be extracted as a structured equation (brief section VII).",UNRESOLVED
REVPDF-c2165da6a83d468b,,PDF_TEXT_CANDIDATE_NOT_STRUCTURED,SRC-ARXIV-d4791023cdac:page 3,"i ≤ (t − ks)2 + ks2, (3.1)","pypdf text extraction found a math-symbol-dense line; no reliable LaTeX/MathML recovery is possible from rendered PDF text alone, so this is NOT promoted to an equation record -- human review or a higher-quality source representation is required before this can be extracted as a structured equation (brief section VII).",UNRESOLVED
REVPDF-e488a2fa673f5b42,,PDF_TEXT_CANDIDATE_NOT_STRUCTURED,SRC-ARXIV-d4791023cdac:page 4,i=0 xi = t86,"pypdf text extraction found a math-symbol-dense line; no reliable LaTeX/MathML recovery is possible from rendered PDF text alone, so this is NOT promoted to an equation record -- human review or a higher-quality source representation is required before this can be extracted as a structured equation (brief section VII).",UNRESOLVED
REVPDF-840741b563ad30f3,,PDF_TEXT_CANDIDATE_NOT_STRUCTURED,SRC-ARXIV-d4791023cdac:page 4,i=0,"pypdf text extraction found a math-symbol-dense line; no reliable LaTeX/MathML recovery is possible from rendered PDF text alone, so this is NOT promoted to an equation record -- human review or a higher-quality source representation is required before this can be extracted as a structured equation (brief section VII).",UNRESOLVED
REVPDF-d29b2a7de2e887a1,,PDF_TEXT_CANDIDATE_NOT_STRUCTURED,SRC-ARXIV-d4791023cdac:page 4,i ≤ x2,"pypdf text extraction found a math-symbol-dense line; no reliable LaTeX/MathML recovery is possible from rendered PDF text alone, so this is NOT promoted to an equation record -- human review or a higher-quality source representation is required before this can be extracted as a structured equation (brief section VII).",UNRESOLVED
REVPDF-b0b68be0f46d6230,,PDF_TEXT_CANDIDATE_NOT_STRUCTURED,SRC-ARXIV-d4791023cdac:page 4,k + (t − xk − (k − 1)s)2 + (k − 1)s2 (3.2),"pypdf text extraction found a math-symbol-dense line; no reliable LaTeX/MathML recovery is possible from rendered PDF text alone, so this is NOT promoted to an equation record -- human review or a higher-quality source representation is required before this can be extracted as a structured equation (brief section VII).",UNRESOLVED
REVPDF-8323ca92f987d597,,PDF_TEXT_CANDIDATE_NOT_STRUCTURED,SRC-ARXIV-d4791023cdac:page 4,= 1,"pypdf text extraction found a math-symbol-dense line; no reliable LaTeX/MathML recovery is possible from rendered PDF text alone, so this is NOT promoted to an equation record -- human review or a higher-quality source representation is required before this can be extracted as a structured equation (brief section VII).",UNRESOLVED
REVPDF-80511d2dae9b9284,,PDF_TEXT_CANDIDATE_NOT_STRUCTURED,SRC-ARXIV-d4791023cdac:page 4,2 [2xk − t + (k − 1)s]2 + 1,"pypdf text extraction found a math-symbol-dense line; no reliable LaTeX/MathML recovery is possible from rendered PDF text alone, so this is NOT promoted to an equation record -- human review or a higher-quality source representation is required before this can be extracted as a structured equation (brief section VII).",UNRESOLVED
REVPDF-08002142c3dd98ae,,PDF_TEXT_CANDIDATE_NOT_STRUCTURED,SRC-ARXIV-d4791023cdac:page 4,2 [t − (k − 1)s]2 + (k − 1)s2. (3.3),"pypdf text extraction found a math-symbol-dense line; no reliable LaTeX/MathML recovery is possible from rendered PDF text alone, so this is NOT promoted to an equation record -- human review or a higher-quality source representation is required before this can be extracted as a structured equation (brief section VII).",UNRESOLVED
REVPDF-499b9224836ebbda,,PDF_TEXT_CANDIDATE_NOT_STRUCTURED,SRC-ARXIV-d4791023cdac:page 4,−t + (k + 1)s ≤ 2xk − t + (k − 1)s ≤ t − (k + 1)s. (3.4),"pypdf text extraction found a math-symbol-dense line; no reliable LaTeX/MathML recovery is possible from rendered PDF text alone, so this is NOT promoted to an equation record -- human review or a higher-quality source representation is required before this can be extracted as a structured equation (brief section VII).",UNRESOLVED
REVPDF-840741b563ad30f3,,PDF_TEXT_CANDIDATE_NOT_STRUCTURED,SRC-ARXIV-d4791023cdac:page 4,i=0,"pypdf text extraction found a math-symbol-dense line; no reliable LaTeX/MathML recovery is possible from rendered PDF text alone, so this is NOT promoted to an equation record -- human review or a higher-quality source representation is required before this can be extracted as a structured equation (brief section VII).",UNRESOLVED
REVPDF-cadd9665f5781ed7,,PDF_TEXT_CANDIDATE_NOT_STRUCTURED,SRC-ARXIV-d4791023cdac:page 4,i ≤ 1,"pypdf text extraction found a math-symbol-dense line; no reliable LaTeX/MathML recovery is possible from rendered PDF text alone, so this is NOT promoted to an equation record -- human review or a higher-quality source representation is required before this can be extracted as a structured equation (brief section VII).",UNRESOLVED
REVPDF-e0517c13c425ec28,,PDF_TEXT_CANDIDATE_NOT_STRUCTURED,SRC-ARXIV-d4791023cdac:page 4,2 [t − (k + 1)s]2 + 1,"pypdf text extraction found a math-symbol-dense line; no reliable LaTeX/MathML recovery is possible from rendered PDF text alone, so this is NOT promoted to an equation record -- human review or a higher-quality source representation is required before this can be extracted as a structured equation (brief section VII).",UNRESOLVED
REVPDF-96300eabc27ee1c6,,PDF_TEXT_CANDIDATE_NOT_STRUCTURED,SRC-ARXIV-d4791023cdac:page 4,2 [t − (k − 1)s]2 + (k − 1)s2 = (t − ks)2 + ks2.,"pypdf text extraction found a math-symbol-dense line; no reliable LaTeX/MathML recovery is possible from rendered PDF text alone, so this is NOT promoted to an equation record -- human review or a higher-quality source representation is required before this can be extracted as a structured equation (brief section VII).",UNRESOLVED
REVPDF-e6044d089436b661,,PDF_TEXT_CANDIDATE_NOT_STRUCTURED,SRC-ARXIV-d4791023cdac:page 4,"v1 = |V G1|, e 1 = |EG1|, e 2 = |EG2|.","pypdf text extraction found a math-symbol-dense line; no reliable LaTeX/MathML recovery is possible from rendered PDF text alone, so this is NOT promoted to an equation record -- human review or a higher-quality source representation is required before this can be extracted as a structured equation (brief section VII).",UNRESOLVED
REVPDF-96b4724e53d750db,,PDF_TEXT_CANDIDATE_NOT_STRUCTURED,SRC-ARXIV-d4791023cdac:page 4,e1 + e2 = (2 − v1)n + v2,"pypdf text extraction found a math-symbol-dense line; no reliable LaTeX/MathML recovery is possible from rendered PDF text alone, so this is NOT promoted to an equation record -- human review or a higher-quality source representation is required before this can be extracted as a structured equation (brief section VII).",UNRESOLVED
REVPDF-2cac7c87688985aa,,PDF_TEXT_CANDIDATE_NOT_STRUCTURED,SRC-ARXIV-d4791023cdac:page 4,e1 + e2 ≤ (2 − v1)(2v1 − 1) + v2,"pypdf text extraction found a math-symbol-dense line; no reliable LaTeX/MathML recovery is possible from rendered PDF text alone, so this is NOT promoted to an equation record -- human review or a higher-quality source representation is required before this can be extracted as a structured equation (brief section VII).",UNRESOLVED
REVPDF-890beda0e40963fe,,PDF_TEXT_CANDIDATE_NOT_STRUCTURED,SRC-ARXIV-d4791023cdac:page 4,1 − v1 − 1 = −(v1 − 1)(v1 − 3). (3.6),"pypdf text extraction found a math-symbol-dense line; no reliable LaTeX/MathML recovery is possible from rendered PDF text alone, so this is NOT promoted to an equation record -- human review or a higher-quality source representation is required before this can be extracted as a structured equation (brief section VII).",UNRESOLVED
REVPDF-6db719ff13ab1f58,,PDF_TEXT_CANDIDATE_NOT_STRUCTURED,SRC-ARXIV-d4791023cdac:page 4,"Spec(G) = {n + 1, n − 1, 4, [2]n−3, 0}.","pypdf text extraction found a math-symbol-dense line; no reliable LaTeX/MathML recovery is possible from rendered PDF text alone, so this is NOT promoted to an equation record -- human review or a higher-quality source representation is required before this can be extracted as a structured equation (brief section VII).",UNRESOLVED
REVPDF-e1c4f7885e463e39,,PDF_TEXT_CANDIDATE_NOT_STRUCTURED,SRC-ARXIV-d4791023cdac:page 5,"Spec(T ) = {n − 2, 3, [1]n−3, 0}.","pypdf text extraction found a math-symbol-dense line; no reliable LaTeX/MathML recovery is possible from rendered PDF text alone, so this is NOT promoted to an equation record -- human review or a higher-quality source representation is required before this can be extracted as a structured equation (brief section VII).",UNRESOLVED
REVPDF-f1ff2213c3a7667d,,PDF_TEXT_CANDIDATE_NOT_STRUCTURED,SRC-ARXIV-d4791023cdac:page 5,T × Km = T × K1 × · · · × K1/bracehtipupleft /bracehtipdownright/bracehtipdownleft /bracehtipupright,"pypdf text extraction found a math-symbol-dense line; no reliable LaTeX/MathML recovery is possible from rendered PDF text alone, so this is NOT promoted to an equation record -- human review or a higher-quality source representation is required before this can be extracted as a structured equation (brief section VII).",UNRESOLVED
REVPDF-56682e4e245c376e,,PDF_TEXT_CANDIDATE_NOT_STRUCTURED,SRC-ARXIV-d4791023cdac:page 5,G = G0 × G1 × · · · × Gm.,"pypdf text extraction found a math-symbol-dense line; no reliable LaTeX/MathML recovery is possible from rendered PDF text alone, so this is NOT promoted to an equation record -- human review or a higher-quality source representation is required before this can be extracted as a structured equation (brief section VII).",UNRESOLVED
REVPDF-285f390a6845a80f,,PDF_TEXT_CANDIDATE_NOT_STRUCTURED,SRC-ARXIV-d4791023cdac:page 5,"n = |V T |, e i = |EGi|, v i = |V Gi| for i = 0, 1, . . . , m. (3.7)","pypdf text extraction found a math-symbol-dense line; no reliable LaTeX/MathML recovery is possible from rendered PDF text alone, so this is NOT promoted to an equation record -- human review or a higher-quality source representation is required before this can be extracted as a structured equation (brief section VII).",UNRESOLVED
REVPDF-c28c1cf97337ac75,,PDF_TEXT_CANDIDATE_NOT_STRUCTURED,SRC-ARXIV-d4791023cdac:page 5,"m ≥ 2, v 0 ≥ · · · ≥ vm ≥ 2, m + n =","pypdf text extraction found a math-symbol-dense line; no reliable LaTeX/MathML recovery is possible from rendered PDF text alone, so this is NOT promoted to an equation record -- human review or a higher-quality source representation is required before this can be extracted as a structured equation (brief section VII).",UNRESOLVED
REVPDF-82aaaa1520828b1c,,PDF_TEXT_CANDIDATE_NOT_STRUCTURED,SRC-ARXIV-d4791023cdac:page 5,i=0,"pypdf text extraction found a math-symbol-dense line; no reliable LaTeX/MathML recovery is possible from rendered PDF text alone, so this is NOT promoted to an equation record -- human review or a higher-quality source representation is required before this can be extracted as a structured equation (brief section VII).",UNRESOLVED
REVPDF-6024d04af78fb3e6,,PDF_TEXT_CANDIDATE_NOT_STRUCTURED,SRC-ARXIV-d4791023cdac:page 5,"vi, n ≥ m + 2. (3.8)","pypdf text extraction found a math-symbol-dense line; no reliable LaTeX/MathML recovery is possible from rendered PDF text alone, so this is NOT promoted to an equation record -- human review or a higher-quality source representation is required before this can be extracted as a structured equation (brief section VII).",UNRESOLVED
REVPDF-82aaaa1520828b1c,,PDF_TEXT_CANDIDATE_NOT_STRUCTURED,SRC-ARXIV-d4791023cdac:page 5,i=0,"pypdf text extraction found a math-symbol-dense line; no reliable LaTeX/MathML recovery is possible from rendered PDF text alone, so this is NOT promoted to an equation record -- human review or a higher-quality source representation is required before this can be extracted as a structured equation (brief section VII).",UNRESOLVED
REVPDF-7e01b9975872a35b,,PDF_TEXT_CANDIDATE_NOT_STRUCTURED,SRC-ARXIV-d4791023cdac:page 5,i ≤ (n − m)2 + 4m. (3.9),"pypdf text extraction found a math-symbol-dense line; no reliable LaTeX/MathML recovery is possible from rendered PDF text alone, so this is NOT promoted to an equation record -- human review or a higher-quality source representation is required before this can be extracted as a structured equation (brief section VII).",UNRESOLVED
REVPDF-82aaaa1520828b1c,,PDF_TEXT_CANDIDATE_NOT_STRUCTURED,SRC-ARXIV-d4791023cdac:page 5,i=0,"pypdf text extraction found a math-symbol-dense line; no reliable LaTeX/MathML recovery is possible from rendered PDF text alone, so this is NOT promoted to an equation record -- human review or a higher-quality source representation is required before this can be extracted as a structured equation (brief section VII).",UNRESOLVED
REVPDF-a248e52e039f2c4e,,PDF_TEXT_CANDIDATE_NOT_STRUCTURED,SRC-ARXIV-d4791023cdac:page 5,ei +,"pypdf text extraction found a math-symbol-dense line; no reliable LaTeX/MathML recovery is possible from rendered PDF text alone, so this is NOT promoted to an equation record -- human review or a higher-quality source representation is required before this can be extracted as a structured equation (brief section VII).",UNRESOLVED
REVPDF-293c0b4ec00494ba,,PDF_TEXT_CANDIDATE_NOT_STRUCTURED,SRC-ARXIV-d4791023cdac:page 5,0≤i<j≤m,"pypdf text extraction found a math-symbol-dense line; no reliable LaTeX/MathML recovery is possible from rendered PDF text alone, so this is NOT promoted to an equation record -- human review or a higher-quality source representation is required before this can be extracted as a structured equation (brief section VII).",UNRESOLVED
REVPDF-810d74acb89eb226,,PDF_TEXT_CANDIDATE_NOT_STRUCTURED,SRC-ARXIV-d4791023cdac:page 5,vivj = n − 1 + mn + m(m − 1),"pypdf text extraction found a math-symbol-dense line; no reliable LaTeX/MathML recovery is possible from rendered PDF text alone, so this is NOT promoted to an equation record -- human review or a higher-quality source representation is required before this can be extracted as a structured equation (brief section VII).",UNRESOLVED
REVPDF-237e174143233dbd,,PDF_TEXT_CANDIDATE_NOT_STRUCTURED,SRC-ARXIV-d4791023cdac:page 5,Since∑ m,"pypdf text extraction found a math-symbol-dense line; no reliable LaTeX/MathML recovery is possible from rendered PDF text alone, so this is NOT promoted to an equation record -- human review or a higher-quality source representation is required before this can be extracted as a structured equation (brief section VII).",UNRESOLVED
REVPDF-293c0b4ec00494ba,,PDF_TEXT_CANDIDATE_NOT_STRUCTURED,SRC-ARXIV-d4791023cdac:page 5,0≤i<j≤m,"pypdf text extraction found a math-symbol-dense line; no reliable LaTeX/MathML recovery is possible from rendered PDF text alone, so this is NOT promoted to an equation record -- human review or a higher-quality source representation is required before this can be extracted as a structured equation (brief section VII).",UNRESOLVED
REVPDF-1e78081ae07868a0,,PDF_TEXT_CANDIDATE_NOT_STRUCTURED,SRC-ARXIV-d4791023cdac:page 5,vivj = 1,"pypdf text extraction found a math-symbol-dense line; no reliable LaTeX/MathML recovery is possible from rendered PDF text alone, so this is NOT promoted to an equation record -- human review or a higher-quality source representation is required before this can be extracted as a structured equation (brief section VII).",UNRESOLVED
REVPDF-63676770f0081b40,,PDF_TEXT_CANDIDATE_NOT_STRUCTURED,SRC-ARXIV-d4791023cdac:page 5,( m∑,"pypdf text extraction found a math-symbol-dense line; no reliable LaTeX/MathML recovery is possible from rendered PDF text alone, so this is NOT promoted to an equation record -- human review or a higher-quality source representation is required before this can be extracted as a structured equation (brief section VII).",UNRESOLVED
REVPDF-82aaaa1520828b1c,,PDF_TEXT_CANDIDATE_NOT_STRUCTURED,SRC-ARXIV-d4791023cdac:page 5,i=0,"pypdf text extraction found a math-symbol-dense line; no reliable LaTeX/MathML recovery is possible from rendered PDF text alone, so this is NOT promoted to an equation record -- human review or a higher-quality source representation is required before this can be extracted as a structured equation (brief section VII).",UNRESOLVED
REVPDF-82aaaa1520828b1c,,PDF_TEXT_CANDIDATE_NOT_STRUCTURED,SRC-ARXIV-d4791023cdac:page 5,i=0,"pypdf text extraction found a math-symbol-dense line; no reliable LaTeX/MathML recovery is possible from rendered PDF text alone, so this is NOT promoted to an equation record -- human review or a higher-quality source representation is required before this can be extracted as a structured equation (brief section VII).",UNRESOLVED
REVPDF-f527ece0c720b5d0,,PDF_TEXT_CANDIDATE_NOT_STRUCTURED,SRC-ARXIV-d4791023cdac:page 5, = 1,"pypdf text extraction found a math-symbol-dense line; no reliable LaTeX/MathML recovery is possible from rendered PDF text alone, so this is NOT promoted to an equation record -- human review or a higher-quality source representation is required before this can be extracted as a structured equation (brief section VII).",UNRESOLVED
REVPDF-89b07fb56fb7daa3,,PDF_TEXT_CANDIDATE_NOT_STRUCTURED,SRC-ARXIV-d4791023cdac:page 5,(n + m)2 −,"pypdf text extraction found a math-symbol-dense line; no reliable LaTeX/MathML recovery is possible from rendered PDF text alone, so this is NOT promoted to an equation record -- human review or a higher-quality source representation is required before this can be extracted as a structured equation (brief section VII).",UNRESOLVED
REVPDF-82aaaa1520828b1c,,PDF_TEXT_CANDIDATE_NOT_STRUCTURED,SRC-ARXIV-d4791023cdac:page 5,i=0,"pypdf text extraction found a math-symbol-dense line; no reliable LaTeX/MathML recovery is possible from rendered PDF text alone, so this is NOT promoted to an equation record -- human review or a higher-quality source representation is required before this can be extracted as a structured equation (brief section VII).",UNRESOLVED
REVPDF-220dc084e38192e0,,PDF_TEXT_CANDIDATE_NOT_STRUCTURED,SRC-ARXIV-d4791023cdac:page 6,i=0,"pypdf text extraction found a math-symbol-dense line; no reliable LaTeX/MathML recovery is possible from rendered PDF text alone, so this is NOT promoted to an equation record -- human review or a higher-quality source representation is required before this can be extracted as a structured equation (brief section VII).",UNRESOLVED
REVPDF-55b4c3d7dfc0332c,,PDF_TEXT_CANDIDATE_NOT_STRUCTURED,SRC-ARXIV-d4791023cdac:page 6,ei = 1,"pypdf text extraction found a math-symbol-dense line; no reliable LaTeX/MathML recovery is possible from rendered PDF text alone, so this is NOT promoted to an equation record -- human review or a higher-quality source representation is required before this can be extracted as a structured equation (brief section VII).",UNRESOLVED
REVPDF-79714a0208cd193a,,PDF_TEXT_CANDIDATE_NOT_STRUCTURED,SRC-ARXIV-d4791023cdac:page 6,( m∑,"pypdf text extraction found a math-symbol-dense line; no reliable LaTeX/MathML recovery is possible from rendered PDF text alone, so this is NOT promoted to an equation record -- human review or a higher-quality source representation is required before this can be extracted as a structured equation (brief section VII).",UNRESOLVED
REVPDF-220dc084e38192e0,,PDF_TEXT_CANDIDATE_NOT_STRUCTURED,SRC-ARXIV-d4791023cdac:page 6,i=0,"pypdf text extraction found a math-symbol-dense line; no reliable LaTeX/MathML recovery is possible from rendered PDF text alone, so this is NOT promoted to an equation record -- human review or a higher-quality source representation is required before this can be extracted as a structured equation (brief section VII).",UNRESOLVED
REVPDF-29bf4f59c3f830fc,,PDF_TEXT_CANDIDATE_NOT_STRUCTURED,SRC-ARXIV-d4791023cdac:page 6,+ n − 1. (3.12),"pypdf text extraction found a math-symbol-dense line; no reliable LaTeX/MathML recovery is possible from rendered PDF text alone, so this is NOT promoted to an equation record -- human review or a higher-quality source representation is required before this can be extracted as a structured equation (brief section VII).",UNRESOLVED
REVPDF-220dc084e38192e0,,PDF_TEXT_CANDIDATE_NOT_STRUCTURED,SRC-ARXIV-d4791023cdac:page 6,i=0,"pypdf text extraction found a math-symbol-dense line; no reliable LaTeX/MathML recovery is possible from rendered PDF text alone, so this is NOT promoted to an equation record -- human review or a higher-quality source representation is required before this can be extracted as a structured equation (brief section VII).",UNRESOLVED
REVPDF-99379be0b21590fb,,PDF_TEXT_CANDIDATE_NOT_STRUCTURED,SRC-ARXIV-d4791023cdac:page 6,ei ≤ (1 − m)n + 1,"pypdf text extraction found a math-symbol-dense line; no reliable LaTeX/MathML recovery is possible from rendered PDF text alone, so this is NOT promoted to an equation record -- human review or a higher-quality source representation is required before this can be extracted as a structured equation (brief section VII).",UNRESOLVED
REVPDF-a1c3a6fe882c16a6,,PDF_TEXT_CANDIDATE_NOT_STRUCTURED,SRC-ARXIV-d4791023cdac:page 6,2 (m2 + 3m) − 1. (3.13),"pypdf text extraction found a math-symbol-dense line; no reliable LaTeX/MathML recovery is possible from rendered PDF text alone, so this is NOT promoted to an equation record -- human review or a higher-quality source representation is required before this can be extracted as a structured equation (brief section VII).",UNRESOLVED
REVPDF-220dc084e38192e0,,PDF_TEXT_CANDIDATE_NOT_STRUCTURED,SRC-ARXIV-d4791023cdac:page 6,i=0,"pypdf text extraction found a math-symbol-dense line; no reliable LaTeX/MathML recovery is possible from rendered PDF text alone, so this is NOT promoted to an equation record -- human review or a higher-quality source representation is required before this can be extracted as a structured equation (brief section VII).",UNRESOLVED
REVPDF-29f244653d9b9483,,PDF_TEXT_CANDIDATE_NOT_STRUCTURED,SRC-ARXIV-d4791023cdac:page 6,ei ≤ − 1,"pypdf text extraction found a math-symbol-dense line; no reliable LaTeX/MathML recovery is possible from rendered PDF text alone, so this is NOT promoted to an equation record -- human review or a higher-quality source representation is required before this can be extracted as a structured equation (brief section VII).",UNRESOLVED
REVPDF-37be5df4ed7c1a69,,PDF_TEXT_CANDIDATE_NOT_STRUCTURED,SRC-ARXIV-d4791023cdac:page 6,G = G0 × G1 × G2 satisﬁes137,"pypdf text extraction found a math-symbol-dense line; no reliable LaTeX/MathML recovery is possible from rendered PDF text alone, so this is NOT promoted to an equation record -- human review or a higher-quality source representation is required before this can be extracted as a structured equation (brief section VII).",UNRESOLVED
REVPDF-d564c89ec8ff1040,,PDF_TEXT_CANDIDATE_NOT_STRUCTURED,SRC-ARXIV-d4791023cdac:page 6,"|V G0| ≥ | V G1| ≥ | V G2| ≥ 2, |EG0| = |EG1| = |EG2| = 0, and |V G| = m + n = 6.","pypdf text extraction found a math-symbol-dense line; no reliable LaTeX/MathML recovery is possible from rendered PDF text alone, so this is NOT promoted to an equation record -- human review or a higher-quality source representation is required before this can be extracted as a structured equation (brief section VII).",UNRESOLVED
REVPDF-b90a0d855d2e5600,,PDF_TEXT_CANDIDATE_NOT_STRUCTURED,SRC-ARXIV-d4791023cdac:page 6,G = 2K1 × 2K1 × 2K1,"pypdf text extraction found a math-symbol-dense line; no reliable LaTeX/MathML recovery is possible from rendered PDF text alone, so this is NOT promoted to an equation record -- human review or a higher-quality source representation is required before this can be extracted as a structured equation (brief section VII).",UNRESOLVED
REVPDF-913ff478583a3965,,PDF_TEXT_CANDIDATE_NOT_STRUCTURED,SRC-ARXIV-d4791023cdac:page 6,Spec(K1 × (T × Km−1)) = Spec( K1 × (G0 × · · · × Gm−1)).,"pypdf text extraction found a math-symbol-dense line; no reliable LaTeX/MathML recovery is possible from rendered PDF text alone, so this is NOT promoted to an equation record -- human review or a higher-quality source representation is required before this can be extracted as a structured equation (brief section VII).",UNRESOLVED
REVPDF-45900132cce87202,,PDF_TEXT_CANDIDATE_NOT_STRUCTURED,SRC-ARXIV-d4791023cdac:page 6,Spec(T × Km−1) = Spec( G0 × · · · × Gm−1).,"pypdf text extraction found a math-symbol-dense line; no reliable LaTeX/MathML recovery is possible from rendered PDF text alone, so this is NOT promoted to an equation record -- human review or a higher-quality source representation is required before this can be extracted as a structured equation (brief section VII).",UNRESOLVED
REVPDF-8ba334149cc7a737,,PDF_TEXT_CANDIDATE_NOT_STRUCTURED,SRC-ARXIV-d4791023cdac:page 6,T × Km−1 = G0 × · · · × Gm−1.,"pypdf text extraction found a math-symbol-dense line; no reliable LaTeX/MathML recovery is possible from rendered PDF text alone, so this is NOT promoted to an equation record -- human review or a higher-quality source representation is required before this can be extracted as a structured equation (brief section VII).",UNRESOLVED
REVPDF-33e604ad564f2733,,PDF_TEXT_CANDIDATE_NOT_STRUCTURED,SRC-ARXIV-d4791023cdac:page 6,"Pn [12], graphs Zn, Tn, and Wn [11], starlike tree S [10], etc. Therefore, Theorem 3.3 implies that Pn × Km,147","pypdf text extraction found a math-symbol-dense line; no reliable LaTeX/MathML recovery is possible from rendered PDF text alone, so this is NOT promoted to an equation record -- human review or a higher-quality source representation is required before this can be extracted as a structured equation (brief section VII).",UNRESOLVED
REVPDF-405e6963527f6cc7,,PDF_TEXT_CANDIDATE_NOT_STRUCTURED,SRC-ARXIV-d4791023cdac:page 6,"Zn × Km, Tn × Km, Wn × Km and S × Km are also L-DS graphs.148","pypdf text extraction found a math-symbol-dense line; no reliable LaTeX/MathML recovery is possible from rendered PDF text alone, so this is NOT promoted to an equation record -- human review or a higher-quality source representation is required before this can be extracted as a structured equation (brief section VII).",UNRESOLVED
REVPDF-b3a3912941e4c17d,,PDF_TEXT_CANDIDATE_NOT_STRUCTURED,SRC-ARXIV-d4791023cdac:page 6,"{u,v}∈EG d(u).156","pypdf text extraction found a math-symbol-dense line; no reliable LaTeX/MathML recovery is possible from rendered PDF text alone, so this is NOT promoted to an equation record -- human review or a higher-quality source representation is required before this can be extracted as a structured equation (brief section VII).",UNRESOLVED
REVPDF-af6fb307afd4cb66,,PDF_TEXT_CANDIDATE_NOT_STRUCTURED,SRC-ARXIV-d4791023cdac:page 7,max{d(v) + m(v) | v ∈ V U } ≤ n − k + 3 + 2,"pypdf text extraction found a math-symbol-dense line; no reliable LaTeX/MathML recovery is possible from rendered PDF text alone, so this is NOT promoted to an equation record -- human review or a higher-quality source representation is required before this can be extracted as a structured equation (brief section VII).",UNRESOLVED
REVPDF-f91033b5b8d4cb9a,,PDF_TEXT_CANDIDATE_NOT_STRUCTURED,SRC-ARXIV-d4791023cdac:page 7,n − k + 2 . (4.1),"pypdf text extraction found a math-symbol-dense line; no reliable LaTeX/MathML recovery is possible from rendered PDF text alone, so this is NOT promoted to an equation record -- human review or a higher-quality source representation is required before this can be extracted as a structured equation (brief section VII).",UNRESOLVED
REVPDF-2351338837c8ffe9,,PDF_TEXT_CANDIDATE_NOT_STRUCTURED,SRC-ARXIV-d4791023cdac:page 7,d(v) ≤ n − k + 2 for all v ∈ V U. (4.2),"pypdf text extraction found a math-symbol-dense line; no reliable LaTeX/MathML recovery is possible from rendered PDF text alone, so this is NOT promoted to an equation record -- human review or a higher-quality source representation is required before this can be extracted as a structured equation (brief section VII).",UNRESOLVED
REVPDF-4d1ab70664ec21c5,,PDF_TEXT_CANDIDATE_NOT_STRUCTURED,SRC-ARXIV-d4791023cdac:page 7,d(v0) + m(v0) = d(v0) + d(v) ≤ n − k + 3.,"pypdf text extraction found a math-symbol-dense line; no reliable LaTeX/MathML recovery is possible from rendered PDF text alone, so this is NOT promoted to an equation record -- human review or a higher-quality source representation is required before this can be extracted as a structured equation (brief section VII).",UNRESOLVED
REVPDF-26a190c23eba36d3,,PDF_TEXT_CANDIDATE_NOT_STRUCTURED,SRC-ARXIV-d4791023cdac:page 7,"{v,v0}∈EG","pypdf text extraction found a math-symbol-dense line; no reliable LaTeX/MathML recovery is possible from rendered PDF text alone, so this is NOT promoted to an equation record -- human review or a higher-quality source representation is required before this can be extracted as a structured equation (brief section VII).",UNRESOLVED
REVPDF-fff70a83a6d1a638,,PDF_TEXT_CANDIDATE_NOT_STRUCTURED,SRC-ARXIV-d4791023cdac:page 7,|V0| ≤ n − k − d(v0) + 2. (4.4),"pypdf text extraction found a math-symbol-dense line; no reliable LaTeX/MathML recovery is possible from rendered PDF text alone, so this is NOT promoted to an equation record -- human review or a higher-quality source representation is required before this can be extracted as a structured equation (brief section VII).",UNRESOLVED
REVPDF-21ee43182db306d4,,PDF_TEXT_CANDIDATE_NOT_STRUCTURED,SRC-ARXIV-d4791023cdac:page 7,n − k − d(v0) + 2 + d(v0) + 2 = n − k + 4.,"pypdf text extraction found a math-symbol-dense line; no reliable LaTeX/MathML recovery is possible from rendered PDF text alone, so this is NOT promoted to an equation record -- human review or a higher-quality source representation is required before this can be extracted as a structured equation (brief section VII).",UNRESOLVED
REVPDF-f870f843e3058d18,,PDF_TEXT_CANDIDATE_NOT_STRUCTURED,SRC-ARXIV-d4791023cdac:page 7,"{v,v0}∈EU","pypdf text extraction found a math-symbol-dense line; no reliable LaTeX/MathML recovery is possible from rendered PDF text alone, so this is NOT promoted to an equation record -- human review or a higher-quality source representation is required before this can be extracted as a structured equation (brief section VII).",UNRESOLVED
REVPDF-b70aa34bdf6e46c5,,PDF_TEXT_CANDIDATE_NOT_STRUCTURED,SRC-ARXIV-d4791023cdac:page 7,d(v) ≤ n − k + 4.,"pypdf text extraction found a math-symbol-dense line; no reliable LaTeX/MathML recovery is possible from rendered PDF text alone, so this is NOT promoted to an equation record -- human review or a higher-quality source representation is required before this can be extracted as a structured equation (brief section VII).",UNRESOLVED
REVPDF-34e9afa2b98f18b7,,PDF_TEXT_CANDIDATE_NOT_STRUCTURED,SRC-ARXIV-d4791023cdac:page 7,d(v0) + m(v0) ≤ d(v0) + n − k + 4,"pypdf text extraction found a math-symbol-dense line; no reliable LaTeX/MathML recovery is possible from rendered PDF text alone, so this is NOT promoted to an equation record -- human review or a higher-quality source representation is required before this can be extracted as a structured equation (brief section VII).",UNRESOLVED
REVPDF-f27234246b210c59,,PDF_TEXT_CANDIDATE_NOT_STRUCTURED,SRC-ARXIV-d4791023cdac:page 7,maximum value of d(v0) + n−k+4,"pypdf text extraction found a math-symbol-dense line; no reliable LaTeX/MathML recovery is possible from rendered PDF text alone, so this is NOT promoted to an equation record -- human review or a higher-quality source representation is required before this can be extracted as a structured equation (brief section VII).",UNRESOLVED
REVPDF-3874c93a3a87d1f4,,PDF_TEXT_CANDIDATE_NOT_STRUCTURED,SRC-ARXIV-d4791023cdac:page 7,n − k + 2 + n − k + 4,"pypdf text extraction found a math-symbol-dense line; no reliable LaTeX/MathML recovery is possible from rendered PDF text alone, so this is NOT promoted to an equation record -- human review or a higher-quality source representation is required before this can be extracted as a structured equation (brief section VII).",UNRESOLVED
REVPDF-011dea3a1d16e301,,PDF_TEXT_CANDIDATE_NOT_STRUCTURED,SRC-ARXIV-d4791023cdac:page 7,n − k + 2,"pypdf text extraction found a math-symbol-dense line; no reliable LaTeX/MathML recovery is possible from rendered PDF text alone, so this is NOT promoted to an equation record -- human review or a higher-quality source representation is required before this can be extracted as a structured equation (brief section VII).",UNRESOLVED
REVPDF-8488a128cb577866,,PDF_TEXT_CANDIDATE_NOT_STRUCTURED,SRC-ARXIV-d4791023cdac:page 7,2 + n − k + 4,"pypdf text extraction found a math-symbol-dense line; no reliable LaTeX/MathML recovery is possible from rendered PDF text alone, so this is NOT promoted to an equation record -- human review or a higher-quality source representation is required before this can be extracted as a structured equation (brief section VII).",UNRESOLVED
REVPDF-e2f6172802642374,,PDF_TEXT_CANDIDATE_NOT_STRUCTURED,SRC-ARXIV-d4791023cdac:page 7,= n − k + 2,"pypdf text extraction found a math-symbol-dense line; no reliable LaTeX/MathML recovery is possible from rendered PDF text alone, so this is NOT promoted to an equation record -- human review or a higher-quality source representation is required before this can be extracted as a structured equation (brief section VII).",UNRESOLVED
REVPDF-cd92ed12723cbc82,,PDF_TEXT_CANDIDATE_NOT_STRUCTURED,SRC-ARXIV-d4791023cdac:page 7,2 + 2,"pypdf text extraction found a math-symbol-dense line; no reliable LaTeX/MathML recovery is possible from rendered PDF text alone, so this is NOT promoted to an equation record -- human review or a higher-quality source representation is required before this can be extracted as a structured equation (brief section VII).",UNRESOLVED
REVPDF-006a12ee94a2490b,,PDF_TEXT_CANDIDATE_NOT_STRUCTURED,SRC-ARXIV-d4791023cdac:page 7,n − k + 2 − 2 ≥ 0.,"pypdf text extraction found a math-symbol-dense line; no reliable LaTeX/MathML recovery is possible from rendered PDF text alone, so this is NOT promoted to an equation record -- human review or a higher-quality source representation is required before this can be extracted as a structured equation (brief section VII).",UNRESOLVED
REVPDF-e23a67038fc60bae,,PDF_TEXT_CANDIDATE_NOT_STRUCTURED,SRC-ARXIV-d4791023cdac:page 7,"d(v0) is maximum iﬀ d(v0) = n − k + 2. Hence,177","pypdf text extraction found a math-symbol-dense line; no reliable LaTeX/MathML recovery is possible from rendered PDF text alone, so this is NOT promoted to an equation record -- human review or a higher-quality source representation is required before this can be extracted as a structured equation (brief section VII).",UNRESOLVED
REVPDF-94616245a1795dfa,,PDF_TEXT_CANDIDATE_NOT_STRUCTURED,SRC-ARXIV-d4791023cdac:page 7,d(v0) + m(v0) ≤ n − k + 3 + 2,"pypdf text extraction found a math-symbol-dense line; no reliable LaTeX/MathML recovery is possible from rendered PDF text alone, so this is NOT promoted to an equation record -- human review or a higher-quality source representation is required before this can be extracted as a structured equation (brief section VII).",UNRESOLVED
REVPDF-94b4b66827e6bd19,,PDF_TEXT_CANDIDATE_NOT_STRUCTURED,SRC-ARXIV-d4791023cdac:page 7,"n − k + 2 ,","pypdf text extraction found a math-symbol-dense line; no reliable LaTeX/MathML recovery is possible from rendered PDF text alone, so this is NOT promoted to an equation record -- human review or a higher-quality source representation is required before this can be extracted as a structured equation (brief section VII).",UNRESOLVED
REVPDF-185810b6dc2fc41c,,PDF_TEXT_CANDIDATE_NOT_STRUCTURED,SRC-ARXIV-d4791023cdac:page 8,"L-cospectral to 2K1 × (2P2 + K1), see Figure 1.181","pypdf text extraction found a math-symbol-dense line; no reliable LaTeX/MathML recovery is possible from rendered PDF text alone, so this is NOT promoted to an equation record -- human review or a higher-quality source representation is required before this can be extracted as a structured equation (brief section VII).",UNRESOLVED
REVPDF-3ccdd199f99be193,,PDF_TEXT_CANDIDATE_NOT_STRUCTURED,SRC-ARXIV-d4791023cdac:page 8,"v1 = |V G1|, e 1 = |EG1|, e 2 = |EG2|.","pypdf text extraction found a math-symbol-dense line; no reliable LaTeX/MathML recovery is possible from rendered PDF text alone, so this is NOT promoted to an equation record -- human review or a higher-quality source representation is required before this can be extracted as a structured equation (brief section VII).",UNRESOLVED
REVPDF-7ded5384dc2bf991,,PDF_TEXT_CANDIDATE_NOT_STRUCTURED,SRC-ARXIV-d4791023cdac:page 8,e1 + e2 = (2 − v1)n + v2,"pypdf text extraction found a math-symbol-dense line; no reliable LaTeX/MathML recovery is possible from rendered PDF text alone, so this is NOT promoted to an equation record -- human review or a higher-quality source representation is required before this can be extracted as a structured equation (brief section VII).",UNRESOLVED
REVPDF-2f718981d7faeb64,,PDF_TEXT_CANDIDATE_NOT_STRUCTURED,SRC-ARXIV-d4791023cdac:page 8,e1 + e2 ≤ (2 − v1)(2v1 − 1) + v2,"pypdf text extraction found a math-symbol-dense line; no reliable LaTeX/MathML recovery is possible from rendered PDF text alone, so this is NOT promoted to an equation record -- human review or a higher-quality source representation is required before this can be extracted as a structured equation (brief section VII).",UNRESOLVED
REVPDF-89ff4507c6cc95da,,PDF_TEXT_CANDIDATE_NOT_STRUCTURED,SRC-ARXIV-d4791023cdac:page 8,1 − v1 = −(v1 − 2)2 + 2. (4.6),"pypdf text extraction found a math-symbol-dense line; no reliable LaTeX/MathML recovery is possible from rendered PDF text alone, so this is NOT promoted to an equation record -- human review or a higher-quality source representation is required before this can be extracted as a structured equation (brief section VII).",UNRESOLVED
REVPDF-cc500bb7f6bece94,,PDF_TEXT_CANDIDATE_NOT_STRUCTURED,SRC-ARXIV-d4791023cdac:page 8,G = K2 × G2 = K1 × (K1 × G2).,"pypdf text extraction found a math-symbol-dense line; no reliable LaTeX/MathML recovery is possible from rendered PDF text alone, so this is NOT promoted to an equation record -- human review or a higher-quality source representation is required before this can be extracted as a structured equation (brief section VII).",UNRESOLVED
REVPDF-664f97942d303213,,PDF_TEXT_CANDIDATE_NOT_STRUCTURED,SRC-ARXIV-d4791023cdac:page 8,"Clearly, G = U × K1.195","pypdf text extraction found a math-symbol-dense line; no reliable LaTeX/MathML recovery is possible from rendered PDF text alone, so this is NOT promoted to an equation record -- human review or a higher-quality source representation is required before this can be extracted as a structured equation (brief section VII).",UNRESOLVED
REVPDF-797201548c3d6f9f,,PDF_TEXT_CANDIDATE_NOT_STRUCTURED,SRC-ARXIV-d4791023cdac:page 8,"G = 2K1 × (P3 + (n − 4)K1) , or G = 2K1 × (2P2 + (n − 5)K1) .","pypdf text extraction found a math-symbol-dense line; no reliable LaTeX/MathML recovery is possible from rendered PDF text alone, so this is NOT promoted to an equation record -- human review or a higher-quality source representation is required before this can be extracted as a structured equation (brief section VII).",UNRESOLVED
REVPDF-69d9ec098f975962,,PDF_TEXT_CANDIDATE_NOT_STRUCTURED,SRC-ARXIV-d4791023cdac:page 8,"Spec(G) = {n + 1, n − 1, 5, 3, [2]n−4, 0}.","pypdf text extraction found a math-symbol-dense line; no reliable LaTeX/MathML recovery is possible from rendered PDF text alone, so this is NOT promoted to an equation record -- human review or a higher-quality source representation is required before this can be extracted as a structured equation (brief section VII).",UNRESOLVED
REVPDF-6eea814a7e044eba,,PDF_TEXT_CANDIDATE_NOT_STRUCTURED,SRC-ARXIV-d4791023cdac:page 8,"Since Spec( G) = Spec( U × K1), applying Lemma 2.3 again, we obtain200","pypdf text extraction found a math-symbol-dense line; no reliable LaTeX/MathML recovery is possible from rendered PDF text alone, so this is NOT promoted to an equation record -- human review or a higher-quality source representation is required before this can be extracted as a structured equation (brief section VII).",UNRESOLVED
REVPDF-196ae0f55482e517,,PDF_TEXT_CANDIDATE_NOT_STRUCTURED,SRC-ARXIV-d4791023cdac:page 8,"Spec(U ) = {n − 2, 4, 2, [1]n−4, 0}.","pypdf text extraction found a math-symbol-dense line; no reliable LaTeX/MathML recovery is possible from rendered PDF text alone, so this is NOT promoted to an equation record -- human review or a higher-quality source representation is required before this can be extracted as a structured equation (brief section VII).",UNRESOLVED
REVPDF-de5fda4c5a5e7668,,PDF_TEXT_CANDIDATE_NOT_STRUCTURED,SRC-ARXIV-d4791023cdac:page 8,n = 4202,"pypdf text extraction found a math-symbol-dense line; no reliable LaTeX/MathML recovery is possible from rendered PDF text alone, so this is NOT promoted to an equation record -- human review or a higher-quality source representation is required before this can be extracted as a structured equation (brief section VII).",UNRESOLVED
REVPDF-39e56c504555c23a,,PDF_TEXT_CANDIDATE_NOT_STRUCTURED,SRC-ARXIV-d4791023cdac:page 8,Case 1.2.1.2 . n = 8. Since s(U ) = 8(n−2),"pypdf text extraction found a math-symbol-dense line; no reliable LaTeX/MathML recovery is possible from rendered PDF text alone, so this is NOT promoted to an equation record -- human review or a higher-quality source representation is required before this can be extracted as a structured equation (brief section VII).",UNRESOLVED
REVPDF-f5a2504e17b6aacc,,PDF_TEXT_CANDIDATE_NOT_STRUCTURED,SRC-ARXIV-d4791023cdac:page 8,d(v) + m(v) ≤ 12 + 2,"pypdf text extraction found a math-symbol-dense line; no reliable LaTeX/MathML recovery is possible from rendered PDF text alone, so this is NOT promoted to an equation record -- human review or a higher-quality source representation is required before this can be extracted as a structured equation (brief section VII).",UNRESOLVED
REVPDF-c5fada1e83313816,,PDF_TEXT_CANDIDATE_NOT_STRUCTURED,SRC-ARXIV-d4791023cdac:page 9,"Spec(G) = {n + 1, n − 1, [4]2, [2]n−4, 0}, and Spec( U ) = {n − 2, [3]2, [1]n−4, 0}.","pypdf text extraction found a math-symbol-dense line; no reliable LaTeX/MathML recovery is possible from rendered PDF text alone, so this is NOT promoted to an equation record -- human review or a higher-quality source representation is required before this can be extracted as a structured equation (brief section VII).",UNRESOLVED
REVPDF-e9a0a9c83bf0324b,,PDF_TEXT_CANDIDATE_NOT_STRUCTURED,SRC-ARXIV-d4791023cdac:page 9,Spec(K1 × C6) = Spec(2 K1 × (2P2 + K1)).,"pypdf text extraction found a math-symbol-dense line; no reliable LaTeX/MathML recovery is possible from rendered PDF text alone, so this is NOT promoted to an equation record -- human review or a higher-quality source representation is required before this can be extracted as a structured equation (brief section VII).",UNRESOLVED
REVPDF-848b232714591acc,,PDF_TEXT_CANDIDATE_NOT_STRUCTURED,SRC-ARXIV-d4791023cdac:page 9,"Lemma 2.6 since U ∈ U (18, 8) and m(v) + d(v) ≤ 13 + 1","pypdf text extraction found a math-symbol-dense line; no reliable LaTeX/MathML recovery is possible from rendered PDF text alone, so this is NOT promoted to an equation record -- human review or a higher-quality source representation is required before this can be extracted as a structured equation (brief section VII).",UNRESOLVED
REVPDF-71c57fa70e2aeff9,,PDF_TEXT_CANDIDATE_NOT_STRUCTURED,SRC-ARXIV-d4791023cdac:page 9,"6 for all v ∈ V U , but λ(U ) = 16.219","pypdf text extraction found a math-symbol-dense line; no reliable LaTeX/MathML recovery is possible from rendered PDF text alone, so this is NOT promoted to an equation record -- human review or a higher-quality source representation is required before this can be extracted as a structured equation (brief section VII).",UNRESOLVED
REVPDF-b25c4c6fc9a3829b,,PDF_TEXT_CANDIDATE_NOT_STRUCTURED,SRC-ARXIV-d4791023cdac:page 9,"have G = 3K1×4K1, whose Laplacian spectrum is Spec( G) = {7, [4]2, [3]3, 0}. Since Spec( G) = Spec( U ×K1),223","pypdf text extraction found a math-symbol-dense line; no reliable LaTeX/MathML recovery is possible from rendered PDF text alone, so this is NOT promoted to an equation record -- human review or a higher-quality source representation is required before this can be extracted as a structured equation (brief section VII).",UNRESOLVED
REVPDF-42501a551b82cee2,,PDF_TEXT_CANDIDATE_NOT_STRUCTURED,SRC-ARXIV-d4791023cdac:page 9,i=0,"pypdf text extraction found a math-symbol-dense line; no reliable LaTeX/MathML recovery is possible from rendered PDF text alone, so this is NOT promoted to an equation record -- human review or a higher-quality source representation is required before this can be extracted as a structured equation (brief section VII).",UNRESOLVED
REVPDF-0560239106183a98,,PDF_TEXT_CANDIDATE_NOT_STRUCTURED,SRC-ARXIV-d4791023cdac:page 9,ei +,"pypdf text extraction found a math-symbol-dense line; no reliable LaTeX/MathML recovery is possible from rendered PDF text alone, so this is NOT promoted to an equation record -- human review or a higher-quality source representation is required before this can be extracted as a structured equation (brief section VII).",UNRESOLVED
REVPDF-d784f99b67a64b6d,,PDF_TEXT_CANDIDATE_NOT_STRUCTURED,SRC-ARXIV-d4791023cdac:page 9,0≤i<j≤m,"pypdf text extraction found a math-symbol-dense line; no reliable LaTeX/MathML recovery is possible from rendered PDF text alone, so this is NOT promoted to an equation record -- human review or a higher-quality source representation is required before this can be extracted as a structured equation (brief section VII).",UNRESOLVED
REVPDF-e30d8c34479fef7c,,PDF_TEXT_CANDIDATE_NOT_STRUCTURED,SRC-ARXIV-d4791023cdac:page 9,vivj = n + mn + m(m − 1),"pypdf text extraction found a math-symbol-dense line; no reliable LaTeX/MathML recovery is possible from rendered PDF text alone, so this is NOT promoted to an equation record -- human review or a higher-quality source representation is required before this can be extracted as a structured equation (brief section VII).",UNRESOLVED
REVPDF-42501a551b82cee2,,PDF_TEXT_CANDIDATE_NOT_STRUCTURED,SRC-ARXIV-d4791023cdac:page 9,i=0,"pypdf text extraction found a math-symbol-dense line; no reliable LaTeX/MathML recovery is possible from rendered PDF text alone, so this is NOT promoted to an equation record -- human review or a higher-quality source representation is required before this can be extracted as a structured equation (brief section VII).",UNRESOLVED
REVPDF-e06530f10b4207d9,,PDF_TEXT_CANDIDATE_NOT_STRUCTURED,SRC-ARXIV-d4791023cdac:page 9,ei = 1,"pypdf text extraction found a math-symbol-dense line; no reliable LaTeX/MathML recovery is possible from rendered PDF text alone, so this is NOT promoted to an equation record -- human review or a higher-quality source representation is required before this can be extracted as a structured equation (brief section VII).",UNRESOLVED
REVPDF-a9b1ad0096f31b8d,,PDF_TEXT_CANDIDATE_NOT_STRUCTURED,SRC-ARXIV-d4791023cdac:page 9,( m∑,"pypdf text extraction found a math-symbol-dense line; no reliable LaTeX/MathML recovery is possible from rendered PDF text alone, so this is NOT promoted to an equation record -- human review or a higher-quality source representation is required before this can be extracted as a structured equation (brief section VII).",UNRESOLVED
REVPDF-42501a551b82cee2,,PDF_TEXT_CANDIDATE_NOT_STRUCTURED,SRC-ARXIV-d4791023cdac:page 9,i=0,"pypdf text extraction found a math-symbol-dense line; no reliable LaTeX/MathML recovery is possible from rendered PDF text alone, so this is NOT promoted to an equation record -- human review or a higher-quality source representation is required before this can be extracted as a structured equation (brief section VII).",UNRESOLVED
REVPDF-04e7447962d6ca9a,,PDF_TEXT_CANDIDATE_NOT_STRUCTURED,SRC-ARXIV-d4791023cdac:page 9,+ n; (4.8),"pypdf text extraction found a math-symbol-dense line; no reliable LaTeX/MathML recovery is possible from rendered PDF text alone, so this is NOT promoted to an equation record -- human review or a higher-quality source representation is required before this can be extracted as a structured equation (brief section VII).",UNRESOLVED
REVPDF-42501a551b82cee2,,PDF_TEXT_CANDIDATE_NOT_STRUCTURED,SRC-ARXIV-d4791023cdac:page 9,i=0,"pypdf text extraction found a math-symbol-dense line; no reliable LaTeX/MathML recovery is possible from rendered PDF text alone, so this is NOT promoted to an equation record -- human review or a higher-quality source representation is required before this can be extracted as a structured equation (brief section VII).",UNRESOLVED
REVPDF-41665572130b6101,,PDF_TEXT_CANDIDATE_NOT_STRUCTURED,SRC-ARXIV-d4791023cdac:page 9,ei ≤ (1 − m)n + 1,"pypdf text extraction found a math-symbol-dense line; no reliable LaTeX/MathML recovery is possible from rendered PDF text alone, so this is NOT promoted to an equation record -- human review or a higher-quality source representation is required before this can be extracted as a structured equation (brief section VII).",UNRESOLVED
REVPDF-11760a2b5ffd15cf,,PDF_TEXT_CANDIDATE_NOT_STRUCTURED,SRC-ARXIV-d4791023cdac:page 9,2 (m2 + 3m); (4.9),"pypdf text extraction found a math-symbol-dense line; no reliable LaTeX/MathML recovery is possible from rendered PDF text alone, so this is NOT promoted to an equation record -- human review or a higher-quality source representation is required before this can be extracted as a structured equation (brief section VII).",UNRESOLVED
REVPDF-42501a551b82cee2,,PDF_TEXT_CANDIDATE_NOT_STRUCTURED,SRC-ARXIV-d4791023cdac:page 9,i=0,"pypdf text extraction found a math-symbol-dense line; no reliable LaTeX/MathML recovery is possible from rendered PDF text alone, so this is NOT promoted to an equation record -- human review or a higher-quality source representation is required before this can be extracted as a structured equation (brief section VII).",UNRESOLVED
REVPDF-f1b4ff66b9295331,,PDF_TEXT_CANDIDATE_NOT_STRUCTURED,SRC-ARXIV-d4791023cdac:page 9,ei ≤ − 1,"pypdf text extraction found a math-symbol-dense line; no reliable LaTeX/MathML recovery is possible from rendered PDF text alone, so this is NOT promoted to an equation record -- human review or a higher-quality source representation is required before this can be extracted as a structured equation (brief section VII).",UNRESOLVED
REVPDF-d07f97a27dff8c75,,PDF_TEXT_CANDIDATE_NOT_STRUCTURED,SRC-ARXIV-d4791023cdac:page 10,e0 + e1 + e2 ≤ −n + 5.,"pypdf text extraction found a math-symbol-dense line; no reliable LaTeX/MathML recovery is possible from rendered PDF text alone, so this is NOT promoted to an equation record -- human review or a higher-quality source representation is required before this can be extracted as a structured equation (brief section VII).",UNRESOLVED
REVPDF-6acb6629c0e9b73f,,PDF_TEXT_CANDIDATE_NOT_STRUCTURED,SRC-ARXIV-d4791023cdac:page 10,G = K2 × 2K1 × 2K1 = C4 × K2.,"pypdf text extraction found a math-symbol-dense line; no reliable LaTeX/MathML recovery is possible from rendered PDF text alone, so this is NOT promoted to an equation record -- human review or a higher-quality source representation is required before this can be extracted as a structured equation (brief section VII).",UNRESOLVED
REVPDF-cd846901a2e52151,,PDF_TEXT_CANDIDATE_NOT_STRUCTURED,SRC-ARXIV-d4791023cdac:page 10,"v0 = 3, v 1 = 2, v 2 = 2.","pypdf text extraction found a math-symbol-dense line; no reliable LaTeX/MathML recovery is possible from rendered PDF text alone, so this is NOT promoted to an equation record -- human review or a higher-quality source representation is required before this can be extracted as a structured equation (brief section VII).",UNRESOLVED
REVPDF-e66809784fce6373,,PDF_TEXT_CANDIDATE_NOT_STRUCTURED,SRC-ARXIV-d4791023cdac:page 10,G = 3K1 × 2K1 × 2K1.,"pypdf text extraction found a math-symbol-dense line; no reliable LaTeX/MathML recovery is possible from rendered PDF text alone, so this is NOT promoted to an equation record -- human review or a higher-quality source representation is required before this can be extracted as a structured equation (brief section VII).",UNRESOLVED
REVPDF-fc290d331ab86c03,,PDF_TEXT_CANDIDATE_NOT_STRUCTURED,SRC-ARXIV-d4791023cdac:page 10,"Spec(G) = {[7]2, [5]2, [4]2, 0}.","pypdf text extraction found a math-symbol-dense line; no reliable LaTeX/MathML recovery is possible from rendered PDF text alone, so this is NOT promoted to an equation record -- human review or a higher-quality source representation is required before this can be extracted as a structured equation (brief section VII).",UNRESOLVED
REVPDF-9a1116d19b070507,,PDF_TEXT_CANDIDATE_NOT_STRUCTURED,SRC-ARXIV-d4791023cdac:page 10,"Spec(U ) = {[3]2, [2]2, 0}.","pypdf text extraction found a math-symbol-dense line; no reliable LaTeX/MathML recovery is possible from rendered PDF text alone, so this is NOT promoted to an equation record -- human review or a higher-quality source representation is required before this can be extracted as a structured equation (brief section VII).",UNRESOLVED
REVPDF-8eac4798c899ecb0,,PDF_TEXT_CANDIDATE_NOT_STRUCTURED,SRC-ARXIV-d4791023cdac:page 10,"have obtained is vm = 1, i.e., Gm = K1. Since Spec( G) = Spec( U × Km), namely,253","pypdf text extraction found a math-symbol-dense line; no reliable LaTeX/MathML recovery is possible from rendered PDF text alone, so this is NOT promoted to an equation record -- human review or a higher-quality source representation is required before this can be extracted as a structured equation (brief section VII).",UNRESOLVED
REVPDF-1f12c0acd60ad2f9,,PDF_TEXT_CANDIDATE_NOT_STRUCTURED,SRC-ARXIV-d4791023cdac:page 10,"Spec((G0 × · · · × Gm−1) × K1) = Spec(( U × Km−1) × K1),","pypdf text extraction found a math-symbol-dense line; no reliable LaTeX/MathML recovery is possible from rendered PDF text alone, so this is NOT promoted to an equation record -- human review or a higher-quality source representation is required before this can be extracted as a structured equation (brief section VII).",UNRESOLVED
REVPDF-2a106cc59d0e4624,,PDF_TEXT_CANDIDATE_NOT_STRUCTURED,SRC-ARXIV-d4791023cdac:page 10,Spec(G0 × · · · × Gm−1) = Spec( U × Km−1).,"pypdf text extraction found a math-symbol-dense line; no reliable LaTeX/MathML recovery is possible from rendered PDF text alone, so this is NOT promoted to an equation record -- human review or a higher-quality source representation is required before this can be extracted as a structured equation (brief section VII).",UNRESOLVED
REVPDF-cc18749b54413b3f,,PDF_TEXT_CANDIDATE_NOT_STRUCTURED,SRC-ARXIV-d4791023cdac:page 10,G0 × · · · × Gm−1 = U × Km−1.,"pypdf text extraction found a math-symbol-dense line; no reliable LaTeX/MathML recovery is possible from rendered PDF text alone, so this is NOT promoted to an equation record -- human review or a higher-quality source representation is required before this can be extracted as a structured equation (brief section VII).",UNRESOLVED
REVPDF-c7764251f7afb372,,PDF_TEXT_CANDIDATE_NOT_STRUCTURED,SRC-ARXIV-d4791023cdac:page 10,"Corollary 4.6. Let G = H(n; q, n 1, n 2). Then G × Km is L-DS for all positive integers m.262","pypdf text extraction found a math-symbol-dense line; no reliable LaTeX/MathML recovery is possible from rendered PDF text alone, so this is NOT promoted to an equation record -- human review or a higher-quality source representation is required before this can be extracted as a structured equation (brief section VII).",UNRESOLVED
REVPDF-af3d7f7b175b8042,,PDF_TEXT_CANDIDATE_NOT_STRUCTURED,SRC-ARXIV-e8c0403ff09e:page 4,i=1,"pypdf text extraction found a math-symbol-dense line; no reliable LaTeX/MathML recovery is possible from rendered PDF text alone, so this is NOT promoted to an equation record -- human review or a higher-quality source representation is required before this can be extracted as a structured equation (brief section VII).",UNRESOLVED
REVPDF-2b3f059fcdc7f57a,,PDF_TEXT_CANDIDATE_NOT_STRUCTURED,SRC-ARXIV-e8c0403ff09e:page 4,sition ⊕N,"pypdf text extraction found a math-symbol-dense line; no reliable LaTeX/MathML recovery is possible from rendered PDF text alone, so this is NOT promoted to an equation record -- human review or a higher-quality source representation is required before this can be extracted as a structured equation (brief section VII).",UNRESOLVED
REVPDF-acd885e2ab56fafd,,PDF_TEXT_CANDIDATE_NOT_STRUCTURED,SRC-ARXIV-e8c0403ff09e:page 4,(2.2) AC :=,"pypdf text extraction found a math-symbol-dense line; no reliable LaTeX/MathML recovery is possible from rendered PDF text alone, so this is NOT promoted to an equation record -- human review or a higher-quality source representation is required before this can be extracted as a structured equation (brief section VII).",UNRESOLVED
REVPDF-af3d7f7b175b8042,,PDF_TEXT_CANDIDATE_NOT_STRUCTURED,SRC-ARXIV-e8c0403ff09e:page 4,i=1,"pypdf text extraction found a math-symbol-dense line; no reliable LaTeX/MathML recovery is possible from rendered PDF text alone, so this is NOT promoted to an equation record -- human review or a higher-quality source representation is required before this can be extracted as a structured equation (brief section VII).",UNRESOLVED
REVPDF-50cacb76cbb61b4b,,PDF_TEXT_CANDIDATE_NOT_STRUCTURED,SRC-ARXIV-e8c0403ff09e:page 4,ζ1 + jζ2 ↦→,"pypdf text extraction found a math-symbol-dense line; no reliable LaTeX/MathML recovery is possible from rendered PDF text alone, so this is NOT promoted to an equation record -- human review or a higher-quality source representation is required before this can be extracted as a structured equation (brief section VII).",UNRESOLVED
REVPDF-360e61c461b68d1a,,PDF_TEXT_CANDIDATE_NOT_STRUCTURED,SRC-ARXIV-e8c0403ff09e:page 4,( ζ1 ζ2,"pypdf text extraction found a math-symbol-dense line; no reliable LaTeX/MathML recovery is possible from rendered PDF text alone, so this is NOT promoted to an equation record -- human review or a higher-quality source representation is required before this can be extracted as a structured equation (brief section VII).",UNRESOLVED
REVPDF-ce38b0eab2ac6588,,PDF_TEXT_CANDIDATE_NOT_STRUCTURED,SRC-ARXIV-e8c0403ff09e:page 4,ζ2 ζ1,"pypdf text extraction found a math-symbol-dense line; no reliable LaTeX/MathML recovery is possible from rendered PDF text alone, so this is NOT promoted to an equation record -- human review or a higher-quality source representation is required before this can be extracted as a structured equation (brief section VII).",UNRESOLVED
REVPDF-028dd17ba69bcdb2,,PDF_TEXT_CANDIDATE_NOT_STRUCTURED,SRC-ARXIV-e8c0403ff09e:page 5,i=1Mki (Ki).,"pypdf text extraction found a math-symbol-dense line; no reliable LaTeX/MathML recovery is possible from rendered PDF text alone, so this is NOT promoted to an equation record -- human review or a higher-quality source representation is required before this can be extracted as a structured equation (brief section VII).",UNRESOLVED
REVPDF-44d7da9dfedcee50,,PDF_TEXT_CANDIDATE_NOT_STRUCTURED,SRC-ARXIV-e8c0403ff09e:page 5,i=1,"pypdf text extraction found a math-symbol-dense line; no reliable LaTeX/MathML recovery is possible from rendered PDF text alone, so this is NOT promoted to an equation record -- human review or a higher-quality source representation is required before this can be extracted as a structured equation (brief section VII).",UNRESOLVED
REVPDF-f817456bd1dedbcd,,PDF_TEXT_CANDIDATE_NOT_STRUCTURED,SRC-ARXIV-e8c0403ff09e:page 5,"(1) ˆMn(R) = {[(Cn, λ)]},","pypdf text extraction found a math-symbol-dense line; no reliable LaTeX/MathML recovery is possible from rendered PDF text alone, so this is NOT promoted to an equation record -- human review or a higher-quality source representation is required before this can be extracted as a structured equation (brief section VII).",UNRESOLVED
REVPDF-0217d56bca40540d,,PDF_TEXT_CANDIDATE_NOT_STRUCTURED,SRC-ARXIV-e8c0403ff09e:page 5,"(2) ˆMn(C) = {[(Cn, λ)], [(CN ,","pypdf text extraction found a math-symbol-dense line; no reliable LaTeX/MathML recovery is possible from rendered PDF text alone, so this is NOT promoted to an equation record -- human review or a higher-quality source representation is required before this can be extracted as a structured equation (brief section VII).",UNRESOLVED
REVPDF-030a8218cfb59a21,,PDF_TEXT_CANDIDATE_NOT_STRUCTURED,SRC-ARXIV-e8c0403ff09e:page 5,"λ)]},","pypdf text extraction found a math-symbol-dense line; no reliable LaTeX/MathML recovery is possible from rendered PDF text alone, so this is NOT promoted to an equation record -- human review or a higher-quality source representation is required before this can be extracted as a structured equation (brief section VII).",UNRESOLVED
REVPDF-794f3a1ceea271cc,,PDF_TEXT_CANDIDATE_NOT_STRUCTURED,SRC-ARXIV-e8c0403ff09e:page 5,"(3) ˆMn(H) = {[(C2n, λ)]},","pypdf text extraction found a math-symbol-dense line; no reliable LaTeX/MathML recovery is possible from rendered PDF text alone, so this is NOT promoted to an equation record -- human review or a higher-quality source representation is required before this can be extracted as a structured equation (brief section VII).",UNRESOLVED
REVPDF-0b6c81ebe5424529,,PDF_TEXT_CANDIDATE_NOT_STRUCTURED,SRC-ARXIV-e8c0403ff09e:page 6,"(2) {γ, D} = 0;","pypdf text extraction found a math-symbol-dense line; no reliable LaTeX/MathML recovery is possible from rendered PDF text alone, so this is NOT promoted to an equation record -- human review or a higher-quality source representation is required before this can be extracted as a structured equation (brief section VII).",UNRESOLVED
REVPDF-cd2b2de9ab2036f7,,PDF_TEXT_CANDIDATE_NOT_STRUCTURED,SRC-ARXIV-e8c0403ff09e:page 6,ε 1 1 −1 −1 −1 −1 1 1,"pypdf text extraction found a math-symbol-dense line; no reliable LaTeX/MathML recovery is possible from rendered PDF text alone, so this is NOT promoted to an equation record -- human review or a higher-quality source representation is required before this can be extracted as a structured equation (brief section VII).",UNRESOLVED
REVPDF-9000c9283f6c0cdf,,PDF_TEXT_CANDIDATE_NOT_STRUCTURED,SRC-ARXIV-e8c0403ff09e:page 6,ε′ 1 −1 1 1 1 −1 1 1,"pypdf text extraction found a math-symbol-dense line; no reliable LaTeX/MathML recovery is possible from rendered PDF text alone, so this is NOT promoted to an equation record -- human review or a higher-quality source representation is required before this can be extracted as a structured equation (brief section VII).",UNRESOLVED
REVPDF-a4e1a49ccd98be52,,PDF_TEXT_CANDIDATE_NOT_STRUCTURED,SRC-ARXIV-e8c0403ff09e:page 6,ε′′ 1 −1 1 −1,"pypdf text extraction found a math-symbol-dense line; no reliable LaTeX/MathML recovery is possible from rendered PDF text alone, so this is NOT promoted to an equation record -- human review or a higher-quality source representation is required before this can be extracted as a structured equation (brief section VII).",UNRESOLVED
REVPDF-11617c748ba690e2,,PDF_TEXT_CANDIDATE_NOT_STRUCTURED,SRC-ARXIV-e8c0403ff09e:page 6,"(2) [ ǫ, D] = 0;","pypdf text extraction found a math-symbol-dense line; no reliable LaTeX/MathML recovery is possible from rendered PDF text alone, so this is NOT promoted to an equation record -- human review or a higher-quality source representation is required before this can be extracted as a structured equation (brief section VII).",UNRESOLVED
REVPDF-77bdcd95276e8b7e,,PDF_TEXT_CANDIDATE_NOT_STRUCTURED,SRC-ARXIV-e8c0403ff09e:page 6,"(3) {ǫ, J} = 0;","pypdf text extraction found a math-symbol-dense line; no reliable LaTeX/MathML recovery is possible from rendered PDF text alone, so this is NOT promoted to an equation record -- human review or a higher-quality source representation is required before this can be extracted as a structured equation (brief section VII).",UNRESOLVED
REVPDF-af83544f51a7e7d4,,PDF_TEXT_CANDIDATE_NOT_STRUCTURED,SRC-ARXIV-e8c0403ff09e:page 6,"(4) [ ǫ, γ] = 0 (even case);","pypdf text extraction found a math-symbol-dense line; no reliable LaTeX/MathML recovery is possible from rendered PDF text alone, so this is NOT promoted to an equation record -- human review or a higher-quality source representation is required before this can be extracted as a structured equation (brief section VII).",UNRESOLVED
REVPDF-a3b3504792424aa9,,PDF_TEXT_CANDIDATE_NOT_STRUCTURED,SRC-ARXIV-e8c0403ff09e:page 7,• even if P = Pγ = {γ};,"pypdf text extraction found a math-symbol-dense line; no reliable LaTeX/MathML recovery is possible from rendered PDF text alone, so this is NOT promoted to an equation record -- human review or a higher-quality source representation is required before this can be extracted as a structured equation (brief section VII).",UNRESOLVED
REVPDF-7a9b78ac18fb6a4b,,PDF_TEXT_CANDIDATE_NOT_STRUCTURED,SRC-ARXIV-e8c0403ff09e:page 7,"γ2 = 1, J 2 = ε, ǫ 2 = 1; γJ = ε′′J γ, [γ, ǫ] = 0 , {ǫ, J} = 0.","pypdf text extraction found a math-symbol-dense line; no reliable LaTeX/MathML recovery is possible from rendered PDF text alone, so this is NOT promoted to an equation record -- human review or a higher-quality source representation is required before this can be extracted as a structured equation (brief section VII).",UNRESOLVED
REVPDF-f14ef9ed225314c1,,PDF_TEXT_CANDIDATE_NOT_STRUCTURED,SRC-ARXIV-e8c0403ff09e:page 8,(2.5) γ =,"pypdf text extraction found a math-symbol-dense line; no reliable LaTeX/MathML recovery is possible from rendered PDF text alone, so this is NOT promoted to an equation record -- human review or a higher-quality source representation is required before this can be extracted as a structured equation (brief section VII).",UNRESOLVED
REVPDF-d365a8cc0665ac8d,,PDF_TEXT_CANDIDATE_NOT_STRUCTURED,SRC-ARXIV-e8c0403ff09e:page 8,i=1,"pypdf text extraction found a math-symbol-dense line; no reliable LaTeX/MathML recovery is possible from rendered PDF text alone, so this is NOT promoted to an equation record -- human review or a higher-quality source representation is required before this can be extracted as a structured equation (brief section VII).",UNRESOLVED
REVPDF-99a3bc77e6c5895a,,PDF_TEXT_CANDIDATE_NOT_STRUCTURED,SRC-ARXIV-e8c0403ff09e:page 8,λ(ai)ρ(bi).,"pypdf text extraction found a math-symbol-dense line; no reliable LaTeX/MathML recovery is possible from rendered PDF text alone, so this is NOT promoted to an equation record -- human review or a higher-quality source representation is required before this can be extracted as a structured equation (brief section VII).",UNRESOLVED
REVPDF-a5f610e12669dd28,,PDF_TEXT_CANDIDATE_NOT_STRUCTURED,SRC-ARXIV-e8c0403ff09e:page 8,"(2.6) ⟨[e] , [f ]⟩ := tr(γλ(e)ρ(f ))","pypdf text extraction found a math-symbol-dense line; no reliable LaTeX/MathML recovery is possible from rendered PDF text alone, so this is NOT promoted to an equation record -- human review or a higher-quality source representation is required before this can be extracted as a structured equation (brief section VII).",UNRESOLVED
REVPDF-595856f070513d40,,PDF_TEXT_CANDIDATE_NOT_STRUCTURED,SRC-ARXIV-e8c0403ff09e:page 9,"{D, γ} = 0, DJ = ε′J D, [D, ǫ] = 0 .","pypdf text extraction found a math-symbol-dense line; no reliable LaTeX/MathML recovery is possible from rendered PDF text alone, so this is NOT promoted to an equation record -- human review or a higher-quality source representation is required before this can be extracted as a structured equation (brief section VII).",UNRESOLVED
REVPDF-e13c68aa21c5b1ce,,PDF_TEXT_CANDIDATE_NOT_STRUCTURED,SRC-ARXIV-e8c0403ff09e:page 9,unitary U ∈ ULR,"pypdf text extraction found a math-symbol-dense line; no reliable LaTeX/MathML recovery is possible from rendered PDF text alone, so this is NOT promoted to an equation record -- human review or a higher-quality source representation is required before this can be extracted as a structured equation (brief section VII).",UNRESOLVED
REVPDF-a5ca5e731b14372d,,PDF_TEXT_CANDIDATE_NOT_STRUCTURED,SRC-ARXIV-e8c0403ff09e:page 9,"(2.9) D0(A, H, P; C) := {D ∈ D 0(A, H, P) | [D, λ(C)] = [ D, ρ(C)] = {0}}.","pypdf text extraction found a math-symbol-dense line; no reliable LaTeX/MathML recovery is possible from rendered PDF text alone, so this is NOT promoted to an equation record -- human review or a higher-quality source representation is required before this can be extracted as a structured equation (brief section VII).",UNRESOLVED
REVPDF-cce4e101379abc74,,PDF_TEXT_CANDIDATE_NOT_STRUCTURED,SRC-ARXIV-e8c0403ff09e:page 10,"γ±i := P±iγP±i. Moreoever,","pypdf text extraction found a math-symbol-dense line; no reliable LaTeX/MathML recovery is possible from rendered PDF text alone, so this is NOT promoted to an equation record -- human review or a higher-quality source representation is required before this can be extracted as a structured equation (brief section VII).",UNRESOLVED
REVPDF-c08a23e20e3a0547,,PDF_TEXT_CANDIDATE_NOT_STRUCTURED,SRC-ARXIV-e8c0403ff09e:page 10,J =,"pypdf text extraction found a math-symbol-dense line; no reliable LaTeX/MathML recovery is possible from rendered PDF text alone, so this is NOT promoted to an equation record -- human review or a higher-quality source representation is required before this can be extracted as a structured equation (brief section VII).",UNRESOLVED
REVPDF-e1119c6026fc29bf,,PDF_TEXT_CANDIDATE_NOT_STRUCTURED,SRC-ARXIV-e8c0403ff09e:page 10,(0 ε ˜J ∗,"pypdf text extraction found a math-symbol-dense line; no reliable LaTeX/MathML recovery is possible from rendered PDF text alone, so this is NOT promoted to an equation record -- human review or a higher-quality source representation is required before this can be extracted as a structured equation (brief section VII).",UNRESOLVED
REVPDF-1ed30e95c28ccdd1,,PDF_TEXT_CANDIDATE_NOT_STRUCTURED,SRC-ARXIV-e8c0403ff09e:page 10,"D±i := P±iDP±i; then D = Di ⊕ D−i and, in fact, D−i = ε′ ˜J Di ˜J ∗. Thus, a Dirac","pypdf text extraction found a math-symbol-dense line; no reliable LaTeX/MathML recovery is possible from rendered PDF text alone, so this is NOT promoted to an equation record -- human review or a higher-quality source representation is required before this can be extracted as a structured equation (brief section VII).",UNRESOLVED
REVPDF-8d61120d0d16e374,,PDF_TEXT_CANDIDATE_NOT_STRUCTURED,SRC-ARXIV-e8c0403ff09e:page 10,= ULR,"pypdf text extraction found a math-symbol-dense line; no reliable LaTeX/MathML recovery is possible from rendered PDF text alone, so this is NOT promoted to an equation record -- human review or a higher-quality source representation is required before this can be extracted as a structured equation (brief section VII).",UNRESOLVED
REVPDF-2300cf9ea5a165fd,,PDF_TEXT_CANDIDATE_NOT_STRUCTURED,SRC-ARXIV-ed4270394386:page 5,=Δ  (1),"pypdf text extraction found a math-symbol-dense line; no reliable LaTeX/MathML recovery is possible from rendered PDF text alone, so this is NOT promoted to an equation record -- human review or a higher-quality source representation is required before this can be extracted as a structured equation (brief section VII).",UNRESOLVED
REVPDF-4e338437af16db23,,PDF_TEXT_CANDIDATE_NOT_STRUCTURED,SRC-ARXIV-ed4270394386:page 5,πσ 2,"pypdf text extraction found a math-symbol-dense line; no reliable LaTeX/MathML recovery is possible from rendered PDF text alone, so this is NOT promoted to an equation record -- human review or a higher-quality source representation is required before this can be extracted as a structured equation (brief section VII).",UNRESOLVED
REVPDF-aace5004d8961210,,PDF_TEXT_CANDIDATE_NOT_STRUCTURED,SRC-ARXIV-ed4270394386:page 6,only when its stress σf = Eε + Δσf exceeds its strength s. We consider discrete time-,"pypdf text extraction found a math-symbol-dense line; no reliable LaTeX/MathML recovery is possible from rendered PDF text alone, so this is NOT promoted to an equation record -- human review or a higher-quality source representation is required before this can be extracted as a structured equation (brief section VII).",UNRESOLVED
REVPDF-923856c98ad58d48,,PDF_TEXT_CANDIDATE_NOT_STRUCTURED,SRC-ARXIV-ed4270394386:page 7,−=∫ 1,"pypdf text extraction found a math-symbol-dense line; no reliable LaTeX/MathML recovery is possible from rendered PDF text alone, so this is NOT promoted to an equation record -- human review or a higher-quality source representation is required before this can be extracted as a structured equation (brief section VII).",UNRESOLVED
REVPDF-642f8589c4a8aa03,,PDF_TEXT_CANDIDATE_NOT_STRUCTURED,SRC-ARXIV-ed4270394386:page 8,−= . (3),"pypdf text extraction found a math-symbol-dense line; no reliable LaTeX/MathML recovery is possible from rendered PDF text alone, so this is NOT promoted to an equation record -- human review or a higher-quality source representation is required before this can be extracted as a structured equation (brief section VII).",UNRESOLVED
REVPDF-be539c04338fe820,,PDF_TEXT_CANDIDATE_NOT_STRUCTURED,SRC-ARXIV-ed4270394386:page 8,−=  (4),"pypdf text extraction found a math-symbol-dense line; no reliable LaTeX/MathML recovery is possible from rendered PDF text alone, so this is NOT promoted to an equation record -- human review or a higher-quality source representation is required before this can be extracted as a structured equation (brief section VII).",UNRESOLVED
REVPDF-50f80a967caba2c2,,PDF_TEXT_CANDIDATE_NOT_STRUCTURED,SRC-ARXIV-ed4270394386:page 8,L = . (5),"pypdf text extraction found a math-symbol-dense line; no reliable LaTeX/MathML recovery is possible from rendered PDF text alone, so this is NOT promoted to an equation record -- human review or a higher-quality source representation is required before this can be extracted as a structured equation (brief section VII).",UNRESOLVED
REVPDF-ca0109817229e92a,,PDF_TEXT_CANDIDATE_NOT_STRUCTURED,SRC-ARXIV-ed4270394386:page 8,n etZLtw −=  (6),"pypdf text extraction found a math-symbol-dense line; no reliable LaTeX/MathML recovery is possible from rendered PDF text alone, so this is NOT promoted to an equation record -- human review or a higher-quality source representation is required before this can be extracted as a structured equation (brief section VII).",UNRESOLVED
REVPDF-d1271c704c48228b,,PDF_TEXT_CANDIDATE_NOT_STRUCTURED,SRC-ARXIV-ed4270394386:page 9,where ( )1ln)( 1 −= − tp f,"pypdf text extraction found a math-symbol-dense line; no reliable LaTeX/MathML recovery is possible from rendered PDF text alone, so this is NOT promoted to an equation record -- human review or a higher-quality source representation is required before this can be extracted as a structured equation (brief section VII).",UNRESOLVED
REVPDF-6c1b89f4d9edb521,,PDF_TEXT_CANDIDATE_NOT_STRUCTURED,SRC-ARXIV-ed4270394386:page 9,Δ−∝ NtLtL,"pypdf text extraction found a math-symbol-dense line; no reliable LaTeX/MathML recovery is possible from rendered PDF text alone, so this is NOT promoted to an equation record -- human review or a higher-quality source representation is required before this can be extracted as a structured equation (brief section VII).",UNRESOLVED
REVPDF-d4b73ff2476cccbd,,PDF_TEXT_CANDIDATE_NOT_STRUCTURED,SRC-ARXIV-ed4270394386:page 9,−∝∂,"pypdf text extraction found a math-symbol-dense line; no reliable LaTeX/MathML recovery is possible from rendered PDF text alone, so this is NOT promoted to an equation record -- human review or a higher-quality source representation is required before this can be extracted as a structured equation (brief section VII).",UNRESOLVED
REVPDF-c140c2fd3611078e,,PDF_TEXT_CANDIDATE_NOT_STRUCTURED,SRC-ARXIV-ed4270394386:page 9,∂−=∂,"pypdf text extraction found a math-symbol-dense line; no reliable LaTeX/MathML recovery is possible from rendered PDF text alone, so this is NOT promoted to an equation record -- human review or a higher-quality source representation is required before this can be extracted as a structured equation (brief section VII).",UNRESOLVED
REVPDF-c899c20ad0b5042b,,PDF_TEXT_CANDIDATE_NOT_STRUCTURED,SRC-ARXIV-ed4270394386:page 9,∂=−∝χ . (8),"pypdf text extraction found a math-symbol-dense line; no reliable LaTeX/MathML recovery is possible from rendered PDF text alone, so this is NOT promoted to an equation record -- human review or a higher-quality source representation is required before this can be extracted as a structured equation (brief section VII).",UNRESOLVED
REVPDF-434453fdabe5b39e,,PDF_TEXT_CANDIDATE_NOT_STRUCTURED,SRC-ARXIV-ed4270394386:page 9,−=∫ 1,"pypdf text extraction found a math-symbol-dense line; no reliable LaTeX/MathML recovery is possible from rendered PDF text alone, so this is NOT promoted to an equation record -- human review or a higher-quality source representation is required before this can be extracted as a structured equation (brief section VII).",UNRESOLVED
REVPDF-7cd1f9cb03397687,,PDF_TEXT_CANDIDATE_NOT_STRUCTURED,SRC-ARXIV-ed4270394386:page 10,=  (10),"pypdf text extraction found a math-symbol-dense line; no reliable LaTeX/MathML recovery is possible from rendered PDF text alone, so this is NOT promoted to an equation record -- human review or a higher-quality source representation is required before this can be extracted as a structured equation (brief section VII).",UNRESOLVED
REVPDF-f45319c96692b72d,,PDF_TEXT_CANDIDATE_NOT_STRUCTURED,SRC-ARXIV-ed4270394386:page 10,"≤= '),'()( {}","pypdf text extraction found a math-symbol-dense line; no reliable LaTeX/MathML recovery is possible from rendered PDF text alone, so this is NOT promoted to an equation record -- human review or a higher-quality source representation is required before this can be extracted as a structured equation (brief section VII).",UNRESOLVED
REVPDF-dac4896f3dde277a,,PDF_TEXT_CANDIDATE_NOT_STRUCTURED,SRC-ARXIV-ed4270394386:page 10,"= , (12)","pypdf text extraction found a math-symbol-dense line; no reliable LaTeX/MathML recovery is possible from rendered PDF text alone, so this is NOT promoted to an equation record -- human review or a higher-quality source representation is required before this can be extracted as a structured equation (brief section VII).",UNRESOLVED
REVPDF-086ecfca46f74fc8,,PDF_TEXT_CANDIDATE_NOT_STRUCTURED,SRC-ARXIV-ed4270394386:page 10,h = . (13),"pypdf text extraction found a math-symbol-dense line; no reliable LaTeX/MathML recovery is possible from rendered PDF text alone, so this is NOT promoted to an equation record -- human review or a higher-quality source representation is required before this can be extracted as a structured equation (brief section VII).",UNRESOLVED
